timestamp,atlantsolia_bensin95,atlantsolia_diesel,atlantsolia_bensin95_discount,atlantsolia_diesel_discount,costco_bensin95,costco_diesel,costco_bensin95_discount,costco_diesel_discount,n1_bensin95,n1_diesel,n1_bensin95_discount,n1_diesel_discount,ob_bensin95,ob_diesel,ob_bensin95_discount,ob_diesel_discount,olis_bensin95,olis_diesel,olis_bensin95_discount,olis_diesel_discount,orkan_bensin95,orkan_diesel,orkan_bensin95_discount,orkan_diesel_discount
2016-04-19T00:27:00Z,190.4,172.9,,,,,,,201.7,187.3,,,195.4,177.9,,,195.7,181.3,,,195.3,177.8,,
2016-04-25T12:45:00Z,,,,,,,,,204.7,190.3,,,,,,,,,,,,,,
2016-04-25T13:45:00Z,,,,,,,,,,,,,,,,,198.7,184.3,,,,,,
2016-04-25T14:00:00Z,,,,,,,,,,,,,198.4,180.9,,,,,,,,,,
2016-04-26T11:00:00Z,198.4,180.9,,,,,,,,,,,,,,,,,,,,,,
2016-04-26T11:45:00Z,193.4,175.9,,,,,,,,,,,,,,,,,,,,,,
2016-05-12T12:30:00Z,,,,,,,,,,,,,,,,,,,,,198.3,180.8,,
2016-05-17T09:00:00Z,,,,,,,,,,,,,201.4,183.9,,,201.7,187.3,,,,,,
2016-05-17T15:45:00Z,193.4,178.9,,,,,,,,,,,,,,,,,,,,,,
2016-05-17T16:00:00Z,198.4,183.9,,,,,,,,,,,,,,,,,,,,,,
2016-05-17T16:15:00Z,,,,,,,,,,,,,,,,,,,,,198.3,183.8,,
2016-05-17T16:30:00Z,,,,,,,,,207.7,192.3,,,,,,,,,,,,,,
2016-05-18T09:00:00Z,201.4,183.9,,,,,,,,,,,,,,,,,,,,,,
2016-05-18T09:15:00Z,,,,,,,,,,,,,,,,,201.7,186.3,,,,,,
2016-05-18T09:30:00Z,,,,,,,,,,,,,198.4,183.9,,,,,,,,,,
2016-05-18T11:15:00Z,196.4,178.9,,,,,,,,,,,201.4,183.9,,,,,,,,,,
2016-05-26T20:00:00Z,,,,,,,,,207.7,192.3,,,,,,,,,,,,,,
2016-05-27T09:30:00Z,,,,,,,,,,,,,,,,,204.7,189.3,,,,,,
2016-05-27T09:45:00Z,,,,,,,,,,,,,204.4,186.9,,,,,,,,,,
2016-05-27T13:30:00Z,,,,,,,,,,,,,,,,,,,,,201.3,183.3,,
2016-05-28T13:45:00Z,,,,,,,,,210.8,195.4,,,,,,,,,,,,,,
2016-05-30T08:45:00Z,204.4,186.9,,,,,,,,,,,,,,,,,,,,,,
2016-05-30T12:00:00Z,199.4,181.9,,,,,,,,,,,,,,,,,,,,,,
2016-05-31T10:15:00Z,,,,,,,,,210.5,193.4,,,,,,,,,,,,,,
2016-06-02T13:00:00Z,,,,,,,,,,,,,,,,,205.7,189.3,,,,,,
2016-06-03T15:30:00Z,,,,,,,,,,,,,,,,,204.7,189.3,,,,,,
2016-06-05T14:00:00Z,,,,,,,,,211.5,196.4,,,,,,,,,,,,,,
2016-06-05T16:00:00Z,,,,,,,,,211.5,196.4,,,,,,,,,,,,,,
2016-06-06T10:00:00Z,,,,,,,,,,,,,,,,,,,,,204.3,186.8,,
2016-06-06T18:15:00Z,,,,,,,,,,,,,,,,,205.5,190.4,,,,,,
2016-06-20T16:15:00Z,,,,,,,,,210.8,193.4,,,,,,,,,,,,,,
2016-06-28T16:30:00Z,,,,,,,,,,,,,,,,,205.5,187.4,,,,,,
2016-07-01T09:15:00Z,,,,,,,,,,,,,202.4,186.9,,,203.5,187.4,,,,,,
2016-07-01T11:30:00Z,,,,,,,,,,,,,,,,,,,,,202.3,186.8,,
2016-07-01T16:00:00Z,197.4,181.9,,,,,,,,,,,,,,,,,,,,,,
2016-07-06T18:15:00Z,,,,,,,,,208.6,192.9,,,,,,,202.6,186.9,,,,,,
2016-07-11T17:15:00Z,,,,,,,,,,,,,,,,,,,,,199.3,185.9,,
2016-07-11T18:30:00Z,194.4,180.9,,,,,,,,,,,,,,,,,,,,,,
2016-07-12T09:15:00Z,,,,,,,,,,,,,199.4,185.9,,,201.6,186.9,,,199.3,185.8,,
2016-07-13T11:15:00Z,,,,,,,,,205.8,191.9,,,,,,,,,,,,,,
2016-07-14T10:45:00Z,,,,,,,,,,,,,,,,,199.6,185.9,,,,,,
2016-07-14T11:00:00Z,,,,,,,,,,,,,197.4,184.9,,,,,,,,,,
2016-07-14T11:30:00Z,,,,,,,,,,,,,,,,,,,,,197.3,184.8,,
2016-07-14T11:45:00Z,192.4,179.9,,,,,,,,,,,,,,,,,,,,,,
2016-07-21T16:15:00Z,,,,,,,,,204.8,191.9,,,,,,,,,,,,,,
2016-07-21T16:30:00Z,,,,,,,,,,,,,,,,,198.8,185.9,,,,,,
2016-07-26T11:30:00Z,,,,,,,,,,,,,,,,,,,,,194.3,182.7,,
2016-07-26T12:00:00Z,191.4,179.8,,,,,,,,,,,,,,,,,,,,,,
2016-07-26T14:15:00Z,,,,,,,,,,,,,194.4,182.8,,,,,,,,,,
2016-07-26T14:30:00Z,,,,,,,,,,,,,,,,,196.7,183.9,,,,,,
2016-07-26T15:15:00Z,,,,,,,,,200.8,189.9,,,,,,,,,,,,,,
2016-07-26T18:30:00Z,,,,,,,,,200.8,189.8,,,,,,,,,,,,,,
2016-08-02T09:30:00Z,,,,,,,,,,,,,,,,,193.7,181.9,,,,,,
2016-08-02T09:45:00Z,,,,,,,,,,,,,191.4,180.8,,,,,,,,,,
2016-08-02T10:15:00Z,188.4,177.8,,,,,,,,,,,,,,,,,,,,,,
2016-08-02T10:45:00Z,,,,,,,,,,,,,,,,,,,,,191.3,179.7,,
2016-08-02T11:00:00Z,188.4,176.8,,,,,,,,,,,,,,,,,,,,,,
2016-08-02T13:30:00Z,,,,,,,,,,,,,191.4,179.8,,,,,,,,,,
2016-08-02T16:00:00Z,,,,,,,,,198.8,187.8,,,,,,,,,,,,,,
2016-08-05T00:30:00Z,,,,,,,,,,,,,,,,,192.8,181.8,,,,,,
2016-08-18T11:30:00Z,,,,,,,,,,,,,,,,,194.8,183.8,,,,,,
2016-08-19T16:30:00Z,,,,,,,,,200.8,191.8,,,,,,,,,,,,,,
2016-09-07T18:30:00Z,,,,,,,,,198.8,189.8,,,,,,,,,,,,,,
2016-09-24T12:00:00Z,,,,,,,,,198.8,189.8,,,,,,,,,,,,,,
2016-09-27T23:45:00Z,,,,,,,,,192.8,183.8,,,,,,,,,,,,,,
2016-09-29T13:15:00Z,,,,,,,,,,,,,,,,,192.8,183.8,,,,,,
2016-10-04T13:15:00Z,,,,,,,,,193.8,185.8,,,,,,,,,,,,,,
2016-10-04T14:45:00Z,,,,,,,,,,,,,192.9,181.8,,,194.3,185.8,,,,,,
2016-10-06T06:15:00Z,189.9,178.8,,,,,,,,,,,,,,,,,,,,,,
2016-10-06T08:30:00Z,,,,,,,,,,,,,,,,,,,,,192.8,181.7,,
2016-10-12T09:15:00Z,189.9,180.8,,,,,,,,,,,,,,,,,,,,,,
2016-10-12T16:15:00Z,,,,,,,,,,,,,,,,,193.8,185.8,,,,,,
2016-10-12T16:30:00Z,,,,,,,,,,,,,192.9,183.8,,,,,,,,,,
2016-10-14T10:45:00Z,189.9,178.8,,,,,,,194.8,187.8,,,193.9,183.8,,,194.8,187.8,,,,,,
2016-10-14T14:15:00Z,189.9,180.8,,,,,,,,,,,,,,,,,,,,,,
2016-10-14T14:30:00Z,,,,,,,,,,,,,,,,,,,,,192.8,183.7,,
2016-10-17T08:30:00Z,190.9,182.8,,,,,,,,,,,,,,,,,,,,,,
2016-10-17T09:15:00Z,,,,,,,,,,,,,193.9,185.8,,,,,,,,,,
2016-10-18T16:00:00Z,188.9,180.8,,,,,,,,,,,,,,,,,,,,,,
2016-10-20T10:00:00Z,,,,,,,,,,,,,194.9,187.8,,,195.8,189.8,,,,,,
2016-10-21T14:30:00Z,,,,,,,,,,,,,193.9,185.8,,,,,,,,,,
2016-10-21T14:45:00Z,,,,,,,,,,,,,,,,,194.8,187.8,,,,,,
2016-10-24T10:00:00Z,,,,,,,,,,,,,,,,,,,,,192.8,185.7,,
2016-10-24T10:30:00Z,,,,,,,,,,,,,,,,,,,,,193.8,185.7,,
2016-10-31T08:45:00Z,,,,,,,,,196.8,189.8,,,,,,,,,,,,,,
2016-10-31T10:00:00Z,192.9,184.8,,,,,,,,,,,,,,,,,,,,,,
2016-10-31T11:30:00Z,,,,,,,,,,,,,,,,,196.8,189.8,,,,,,
2016-10-31T11:45:00Z,,,,,,,,,,,,,195.9,187.8,,,,,,,,,,
2016-11-01T09:15:00Z,194.9,186.8,,,,,,,,,,,,,,,,,,,,,,
2016-11-01T09:30:00Z,,,,,,,,,,,,,,,,,,,,,195.8,187.7,,
2016-11-02T09:15:00Z,,,,,,,,,,,,,,,,,195.8,188.8,,,,,,
2016-11-02T09:30:00Z,,,,,,,,,,,,,194.9,186.8,,,,,,,,,,
2016-11-02T10:45:00Z,193.9,185.8,,,,,,,,,,,,,,,,,,,,,,
2016-11-02T11:00:00Z,,,,,,,,,,,,,,,,,,,,,194.8,186.7,,
2016-11-03T10:00:00Z,,,,,,,,,194.8,186.8,,,,,,,,,,,,,,
2016-11-03T12:00:00Z,,,,,,,,,,,,,,,,,,,,,194.5,186.5,,
2016-11-03T12:15:00Z,192.9,185.4,,,,,,,,,,,,,,,,,,,,,,
2016-11-03T13:00:00Z,,,,,,,,,,,,,,,,,,,,,193.8,186.3,,
2016-11-03T13:30:00Z,,,,,,,,,,,,,193.9,186.4,,,194.8,186.8,,,,,,
2016-11-04T09:30:00Z,189.9,182.4,,,,,,,,,,,,,,,,,,,,,,
2016-11-14T10:15:00Z,,,,,,,,,,,,,192.9,185.4,,,193.8,185.8,,,,,,
2016-11-14T11:30:00Z,188.9,181.4,,,,,,,,,,,,,,,,,,,,,,
2016-11-14T12:00:00Z,189.9,182.4,,,,,,,,,,,,,,,,,,,,,,
2016-11-14T12:15:00Z,,,,,,,,,192.8,185.8,,,,,,,,,,,,,,
2016-11-14T12:30:00Z,,,,,,,,,,,,,,,,,,,,,192.7,185.3,,
2016-11-14T13:45:00Z,188.9,181.4,,,,,,,,,,,,,,,,,,,,,,
2016-11-14T16:30:00Z,,,,,,,,,,,,,192.7,185.4,,,,,,,,,,
2016-11-14T16:45:00Z,,,,,,,,,,,,,,,,,,,,,192.6,185.3,,
2016-11-16T12:00:00Z,187.8,180.8,,,,,,,,,,,,,,,,,,,,,,
2016-11-16T12:45:00Z,,,,,,,,,,,,,,,,,,,,,191.7,184.7,,
2016-11-16T20:15:00Z,,,,,,,,,191.8,184.8,,,,,,,,,,,,,,
2016-11-17T09:30:00Z,,,,,,,,,,,,,,,,,191.8,184.8,,,,,,
2016-11-17T09:45:00Z,,,,,,,,,,,,,191.6,184.6,,,,,,,,,,
2016-11-17T10:00:00Z,,,,,,,,,,,,,,,,,,,,,191.5,184.5,,
2016-11-18T10:00:00Z,187.5,180.3,,,,,,,,,,,,,,,,,,,,,,
2016-11-18T10:45:00Z,187.3,180.3,,,,,,,,,,,,,,,,,,,,,,
2016-11-18T11:00:00Z,,,,,,,,,,,,,,,,,,,,,191.2,184.2,,
2016-11-22T09:15:00Z,,,,,,,,,,,,,191.3,184.3,,,,,,,,,,
2016-12-03T00:30:00Z,,,,,,,,,,,,,194.3,187.3,,,194.8,187.8,,,,,,
2016-12-05T10:30:00Z,,,,,,,,,194.5,187.7,,,,,,,,,,,,,,
2016-12-05T11:30:00Z,190.3,183.3,,,,,,,,,,,,,,,,,,,,,,
2016-12-05T12:00:00Z,,,,,,,,,,,,,,,,,,,,,194.2,187.2,,
2016-12-05T14:30:00Z,,,,,,,,,,,,,,,,,194.5,187.7,,,,,,
2016-12-14T11:00:00Z,,,,,,,,,195.5,190.7,,,,,,,,,,,,,,
2016-12-14T15:00:00Z,,,,,,,,,,,,,,,,,195.5,190.7,,,,,,
2016-12-16T10:00:00Z,190.3,185.3,,,,,,,,,,,,,,,,,,,,,,
2016-12-16T10:15:00Z,190.3,184.3,,,,,,,,,,,,,,,,,,,,,,
2016-12-16T14:45:00Z,191.3,187.3,,,,,,,,,,,,,,,,,,,,,,
2016-12-16T16:15:00Z,,,,,,,,,,,,,195.3,190.3,,,,,,,,,,
2016-12-19T09:00:00Z,190.3,184.3,,,,,,,,,,,,,,,,,,,,,,
2016-12-19T09:15:00Z,191.3,186.2,,,,,,,,,,,,,,,,,,,,,,
2016-12-19T14:15:00Z,,,,,,,,,,,,,195.3,189.2,,,,,,,,,,
2016-12-19T14:30:00Z,,,,,,,,,,,,,,,,,195.5,189.3,,,,,,
2016-12-21T11:15:00Z,,,,,,,,,,,,,197.3,191.2,,,197.5,191.3,,,,,,
2016-12-23T13:15:00Z,,,,,,,,,197.5,191.7,,,,,,,,,,,,,,
2016-12-27T09:15:00Z,193.3,188.2,,,,,,,,,,,,,,,,,,,,,,
2016-12-27T10:15:00Z,,,,,,,,,,,,,,,,,,,,,195.2,189.1,,
2016-12-31T00:45:00Z,,,,,,,,,,,,,200.3,193.2,,,200.5,193.3,,,,,,
2017-01-01T20:30:00Z,,,,,,,,,202.5,196.7,,,,,,,,,,,,,,
2017-01-02T11:30:00Z,200.3,193.2,,,,,,,,,,,,,,,,,,,,,,
2017-01-02T12:00:00Z,,,,,,,,,,,,,202.3,196.2,,,202.5,196.3,,,,,,
2017-01-02T12:45:00Z,201.9,194.2,,,,,,,,,,,,,,,,,,,,,,
2017-01-02T14:00:00Z,200.9,193.2,,,,,,,,,,,,,,,,,,,,,,
2017-01-02T15:00:00Z,199.9,193.2,,,,,,,,,,,,,,,,,,,,,,
2017-01-03T11:15:00Z,,,,,,,,,201.9,194.7,,,,,,,,,,,,,,
2017-01-03T16:15:00Z,,,,,,,,,,,,,201.9,194.2,,,202.3,194.7,,,,,,
2017-01-04T09:30:00Z,199.4,193.2,,,,,,,,,,,,,,,,,,,,,,
2017-01-04T09:45:00Z,199.4,192.2,,,,,,,,,,,,,,,,,,,,,,
2017-01-04T10:00:00Z,,,,,,,,,,,,,,,,,,,,,201.3,194.1,,
2017-01-04T15:45:00Z,,,,,,,,,,,,,201.4,194.2,,,,,,,,,,
2017-01-17T23:15:00Z,201.4,194.2,,,,,,,,,,,,,,,,,,,,,,
2017-01-24T09:45:00Z,199.4,192.2,,,,,,,203.9,195.8,,,,,,,,,,,,,,
2017-01-24T10:45:00Z,,,,,,,,,,,,,202.9,195.3,,,203.9,195.8,,,,,,
2017-01-24T16:45:00Z,200.9,192.2,,,,,,,,,,,,,,,,,,,,,,
2017-01-25T09:00:00Z,,,,,,,,,,,,,,,,,,,,,202.8,194.1,,
2017-01-30T11:45:00Z,,,,,,,,,,,,,202.9,194.2,,,,,,,,,,
2017-02-09T10:15:00Z,,,,,,,,,204.9,196.8,,,,,,,,,,,,,,
2017-02-10T10:45:00Z,,,,,,,,,,,,,,,,,204.9,196.8,,,,,,
2017-02-13T10:45:00Z,,,,,,,,,,,,,,,,,205.9,196.8,,,,,,
2017-02-13T11:00:00Z,,,,,,,,,,,,,203.9,194.2,,,,,,,,,,
2017-02-14T09:00:00Z,201.9,193.2,,,,,,,,,,,,,,,,,,,,,,
2017-02-14T09:15:00Z,,,,,,,,,,,,,203.9,195.2,,,,,,,,,,
2017-02-14T09:30:00Z,,,,,,,,,,,,,,,,,,,,,203.8,194.1,,
2017-02-14T10:15:00Z,,,,,,,,,,,,,,,,,,,,,203.8,195.1,,
2017-02-27T13:30:00Z,,,,,,,,,,,,,,,,,,,,,201.8,193.1,,
2017-02-27T20:00:00Z,,,,,,,,,201.9,193.8,,,,,,,,,,,,,,
2017-02-28T09:30:00Z,,,,,,,,,,,,,,,,,202.9,193.8,,,,,,
2017-02-28T09:45:00Z,,,,,,,,,,,,,201.8,193.1,,,,,,,,,,
2017-02-28T10:15:00Z,199.4,191.3,,,,,,,,,,,,,,,,,,,,,,
2017-02-28T10:30:00Z,199.4,191.1,,,,,,,,,,,,,,,,,,,201.7,193.0,,
2017-02-28T11:00:00Z,,,,,,,,,,,,,,,,,,,,,201.3,193.0,,
2017-02-28T12:45:00Z,,,,,,,,,,,,,201.4,193.1,,,,,,,,,,
2017-03-07T10:30:00Z,,,,,,,,,,,,,,,,,,,,,199.3,191.1,,
2017-03-07T17:45:00Z,197.4,189.2,,,,,,,,,,,,,,,,,,,,,,
2017-03-08T09:45:00Z,,,,,,,,,,,,,199.4,191.2,,,201.9,191.8,,,,,,
2017-03-08T12:45:00Z,,,,,,,,,199.9,191.8,,,,,,,,,,,,,,
2017-03-08T14:30:00Z,,,,,,,,,,,,,,,,,199.9,191.8,,,,,,
2017-03-20T11:45:00Z,,,,,,,,,,,,,,,,,,,,,197.3,189.1,,
2017-03-21T16:00:00Z,195.4,187.2,,,,,,,,,,,,,,,,,,,,,,
2017-03-21T16:45:00Z,,,,,,,,,,,,,197.4,189.2,,,,,,,,,,
2017-03-21T19:15:00Z,,,,,,,,,197.9,189.8,,,,,,,,,,,,,,
2017-03-22T09:45:00Z,,,,,,,,,,,,,,,,,197.9,189.8,,,,,,
2017-03-24T21:45:00Z,,,,,,,,,199.9,191.8,,,,,,,,,,,,,,
2017-03-28T14:00:00Z,,,,,,,,,,,,,199.4,191.2,,,,,,,,,,
2017-03-28T14:15:00Z,,,,,,,,,,,,,,,,,199.9,191.8,,,,,,
2017-03-30T15:00:00Z,197.4,189.2,,,,,,,,,,,,,,,,,,,,,,
2017-03-31T10:00:00Z,195.4,187.2,,,,,,,,,,,,,,,,,,,,,,
2017-04-03T09:00:00Z,197.4,189.2,,,,,,,,,,,,,,,,,,,,,,
2017-04-03T10:00:00Z,,,,,,,,,,,,,,,,,,,,,199.3,191.1,,
2017-04-03T13:30:00Z,,,,,,,,,,,,,201.4,191.2,,,,,,,,,,
2017-04-03T13:45:00Z,,,,,,,,,,,,,203.9,195.2,,,205.9,196.8,,,,,,
2017-04-03T14:00:00Z,,,,,,,,,,,,,201.4,191.2,,,,,,,,,,
2017-04-03T14:15:00Z,,,,,,,,,,,,,,,,,201.9,191.8,,,,,,
2017-04-05T10:45:00Z,,,,,,,,,202.4,193.8,,,,,,,,,,,,,,
2017-04-05T16:00:00Z,199.4,189.2,,,,,,,,,,,,,,,,,,,,,,
2017-04-06T09:00:00Z,,,,,,,,,,,,,,,,,202.4,192.3,,,,,,
2017-04-06T09:45:00Z,,,,,,,,,,,,,,,,,,,,,201.3,191.1,,
2017-04-07T10:30:00Z,,,,,,,,,,,,,,,,,204.4,193.8,,,,,,
2017-04-07T10:45:00Z,,,,,,,,,,,,,203.4,192.7,,,,,,,,,,
2017-04-07T14:00:00Z,197.9,190.2,,,,,,,,,,,,,,,,,,,,,,
2017-04-07T15:15:00Z,,,,,,,,,,,,,,,,,,,,,199.8,192.1,,
2017-04-07T15:45:00Z,199.9,190.2,,,,,,,,,,,,,,,,,,,,,,
2017-04-07T16:15:00Z,,,,,,,,,,,,,201.9,192.2,,,203.4,193.8,,,,,,
2017-04-07T16:30:00Z,,,,,,,,,,,,,,,,,,,,,201.8,192.1,,
2017-04-26T13:00:00Z,,,,,,,,,,,,,,,,,,,,,201.8,189.1,,
2017-04-27T10:15:00Z,199.9,187.2,,,,,,,,,,,,,,,,,,,,,,
2017-04-27T12:30:00Z,,,,,,,,,,,,,201.9,189.2,,,202.4,189.3,,,,,,
2017-04-27T18:00:00Z,,,,,,,,,202.4,189.8,,,,,,,,,,,,,,
2017-05-02T12:00:00Z,,,,,,,,,,,,,,,,,,,,,199.8,187.1,,
2017-05-02T13:30:00Z,197.9,185.2,,,,,,,,,,,,,,,,,,,,,,
2017-05-02T16:00:00Z,,,,,,,,,,,,,199.9,187.2,,,,,,,,,,
2017-05-03T19:15:00Z,,,,,,,,,199.9,187.3,,,,,,,,,,,,,,
2017-05-04T14:00:00Z,,,,,,,,,,,,,,,,,200.4,187.3,,,,,,
2017-05-05T11:15:00Z,195.9,183.2,,,,,,,,,,,,,,,,,,,,,,
2017-05-05T12:00:00Z,,,,,,,,,,,,,,,,,,,,,197.8,185.1,,
2017-05-05T14:00:00Z,,,,,,,,,,,,,197.9,185.2,,,,,,,,,,
2017-05-10T16:00:00Z,,,,,,,,,,,,,,,,,199.9,187.3,,,,,,
2017-05-19T08:00:00Z,,,,,169.9,164.9,,,,,,,,,,,,,,,,,,
2017-05-22T09:45:00Z,,,,,,,,,197.9,185.3,,,,,,,,,,,,,,
2017-05-22T16:30:00Z,,,,,,,,,,,,,195.9,183.2,,,,,,,,,,
2017-05-22T16:45:00Z,,,,,,,,,,,,,197.5,184.9,,,197.9,185.3,,,,,,
2017-05-23T09:00:00Z,,,,,,,,,,,,,,,,,,,,,197.4,184.8,,
2017-05-23T14:00:00Z,193.9,181.2,,,,,,,,,,,,,,,,,,,,,,
2017-05-23T14:30:00Z,,,,,,,,,,,,,,,,,,,,,195.8,183.1,,
2017-05-23T15:30:00Z,190.9,178.2,,,,,,,,,,,,,,,,,,,,,,
2017-05-25T10:00:00Z,,,,,169.9,161.9,,,,,,,,,,,,,,,,,,
2017-05-26T15:30:00Z,,,,,,,,,,,,,195.9,183.2,,,,,,,,,,
2017-05-28T13:15:00Z,,,,,,,,,195.9,183.3,,,,,,,,,,,,,,
2017-05-29T15:45:00Z,,,,,,,,,,,,,,,,,197.9,184.3,,,,,,
2017-06-01T11:15:00Z,189.9,178.2,,,,,,,,,,,,,,,,,,,,,,
2017-06-02T13:15:00Z,189.4,177.9,,,,,,,,,,,,,,,,,,,,,,
2017-06-02T16:15:00Z,,,,,,,,,,,,,195.4,182.9,,,,,,,,,,
2017-06-06T11:45:00Z,,,,,,,,,,,,,,,,,,,,,193.3,179.8,,
2017-06-06T15:45:00Z,189.4,175.9,,,,,,,,,,,,,,,,,,,,,,
2017-06-07T10:00:00Z,,,,,,,,,,,,,,,,,195.9,183.3,,,,,,
2017-06-07T10:15:00Z,,,,,,,,,,,,,193.4,179.9,,,,,,,,,,
2017-06-10T00:00:00Z,,,,,,,,,193.9,181.3,,,,,,,,,,,,,,
2017-06-12T13:45:00Z,,,,,,,,,,,,,,,,,193.9,181.3,,,,,,
2017-06-12T14:00:00Z,,,,,166.9,158.9,,,,,,,,,,,,,,,,,,
2017-06-13T10:00:00Z,186.4,172.9,,,,,,,,,,,,,,,,,,,,,,
2017-06-13T10:30:00Z,,,,,,,,,,,,,,,,,,,,,190.3,176.8,,
2017-06-15T09:45:00Z,,,,,,,,,,,,,190.4,176.9,,,,,,,,,,
2017-06-15T12:00:00Z,,,,,,,,,190.7,177.2,,,,,,,,,,,,,,
2017-06-16T14:45:00Z,,,,,,,,,,,,,,,,,192.4,177.2,,,,,,
2017-06-19T15:45:00Z,183.2,170.7,,,,,,,,,,,,,,,,,,,,,,
2017-06-20T14:15:00Z,,,,,164.9,155.9,,,,,,,,,,,,,,,,,,
2017-06-24T00:15:00Z,,,,,,,,,193.7,180.2,,,,,,,,,,,,,,
2017-06-26T09:45:00Z,,,,,,,,,,,,,,,,,193.7,180.2,,,,,,
2017-07-05T10:30:00Z,185.2,172.7,,,,,,,,,,,,,,,,,,,,,,
2017-07-05T16:15:00Z,,,,,,,,,,,,,192.4,178.9,,,,,,,,,,
2017-07-06T09:30:00Z,,,,,,,,,,,,,,,,,,,,,192.3,178.8,,
2017-07-07T17:00:00Z,183.2,170.7,,,,,,,,,,,,,,,,,,,,,,
2017-07-11T09:30:00Z,,,,,,,,,,,,,,,,,194.4,182.2,,,,,,
2017-07-11T15:45:00Z,,,,,,,,,195.7,184.2,,,,,,,,,,,,,,
2017-07-12T09:30:00Z,,,,,,,,,,,,,194.4,182.9,,,195.7,184.2,,,,,,
2017-07-13T07:30:00Z,183.2,172.7,,,,,,,,,,,,,,,,,,,,,,
2017-07-13T07:45:00Z,188.4,174.9,,,,,,,,,,,,,,,,,,,,,,
2017-07-13T08:45:00Z,,,,,,,,,,,,,,,,,,,,,194.3,180.8,,
2017-07-13T13:30:00Z,,,,,,,,,,,,,194.4,180.9,,,,,,,,,,
2017-07-14T07:15:00Z,188.4,176.9,,,,,,,,,,,,,,,,,,,,,,
2017-07-14T08:30:00Z,184.7,173.9,,,,,,,,,,,,,,,,,,,,,,
2017-07-14T09:00:00Z,,,,,,,,,,,,,194.4,182.9,,,,,,,,,,
2017-07-15T07:30:00Z,184.7,171.9,,,,,,,,,,,,,,,,,,,,,,
2017-07-17T08:15:00Z,184.7,173.9,,,,,,,,,,,,,,,,,,,,,,
2017-07-17T10:45:00Z,,,,,,,,,,,,,,,,,,,,,194.3,182.8,,
2017-07-26T10:45:00Z,,,,,,,,,197.7,187.7,,,,,,,,,,,,,,
2017-07-26T11:45:00Z,,,,,,,,,,,,,,,,,197.7,187.7,,,,,,
2017-07-28T12:00:00Z,,,,,,,,,,,,,,,,,,,,,196.3,185.8,,
2017-07-28T13:15:00Z,186.7,176.9,,,,,,,,,,,196.4,185.9,,,198.4,186.2,,,,,,
2017-08-08T11:15:00Z,,,,,,,,,199.9,189.9,,,,,,,,,,,,,,
2017-08-08T13:00:00Z,,,,,,,,,,,,,,,,,199.9,189.9,,,,,,
2017-08-10T15:15:00Z,,,,,167.9,158.9,,,,,,,,,,,,,,,,,,
2017-08-15T10:15:00Z,,,,,,,,,,,,,198.4,187.9,,,,,,,,,,
2017-08-15T13:00:00Z,190.7,180.9,,,,,,,,,,,,,,,,,,,,,,
2017-08-15T15:15:00Z,,,,,,,,,,,,,,,,,,,,,198.3,187.8,,
2017-08-15T16:15:00Z,188.7,178.9,,,,,,,,,,,,,,,,,,,,,,
2017-08-18T16:00:00Z,186.4,175.9,,,,,,,,,,,,,,,,,,,,,,
2017-09-01T12:00:00Z,,,,,,,,,,,,,,,,,202.9,190.2,,,,,,
2017-09-05T12:45:00Z,,,,,,,,,201.8,190.9,,,,,,,,,,,,,,
2017-09-05T15:00:00Z,,,,,,,,,,,,,,,,,202.9,190.9,,,,,,
2017-09-05T15:15:00Z,,,,,,,,,,,,,199.9,189.9,,,,,,,,,,
2017-09-06T06:30:00Z,187.9,177.9,,,,,,,,,,,,,,,,,,,,,,
2017-09-07T15:00:00Z,187.9,177.9,,,,,,,,,,,,,,,,,,,,,,
2017-09-11T14:45:00Z,,,,,,,,,204.8,194.9,,,,,,,,,,,,,,
2017-09-11T16:15:00Z,,,,,,,,,,,,,,,,,204.8,194.9,,,,,,
2017-09-15T01:15:00Z,,,,,,,,,,,,,,,,,,,,,177.6,167.8,,
2017-09-15T01:45:00Z,,,,,,,,,,,,,,,,,,,,,199.8,189.8,,
2017-09-18T10:30:00Z,,,,,169.9,159.9,,,,,,,,,,,,,,,,,,
2017-10-06T11:30:00Z,187.9,177.9,,,,,,,,,,,,,,,,,,,,,,
2017-10-09T21:00:00Z,,,,,171.9,163.9,,,,,,,,,,,,,,,,,,
2017-10-11T12:00:00Z,190.9,180.9,,,,,,,,,,,,,,,,,,,,,,
2017-10-11T14:15:00Z,,,,,,,,,,,,,202.9,192.9,,,,,,,,,,
2017-10-12T10:30:00Z,190.9,180.9,,,,,,,,,,,,,,,,,,,,,,
2017-10-12T10:45:00Z,,,,,,,,,,,,,199.9,189.9,,,,,,,,,,
2017-10-12T22:00:00Z,187.9,177.9,,,,,,,,,,,,,,,,,,,,,,
2017-10-20T09:00:00Z,,,,,,,,,202.8,193.9,,,,,,,,,,,,,,
2017-10-20T10:45:00Z,,,,,,,,,,,,,,,,,202.8,193.9,,,,,,
2017-10-24T15:00:00Z,188.9,179.9,,,,,,,,,,,,,,,,,,,,,,
2017-10-25T09:45:00Z,,,,,,,,,,,,,200.9,191.9,,,,,,,,,,
2017-10-25T10:15:00Z,,,,,,,,,,,,,,,,,,,,,199.8,191.8,,
2017-10-26T09:45:00Z,187.9,179.9,,,,,,,,,,,,,,,,,,,,,,
2017-11-08T22:00:00Z,192.9,184.9,,,,,,,206.8,198.9,,,203.9,195.9,,,206.8,198.9,,,203.8,195.8,,
2017-11-09T14:30:00Z,191.9,183.9,,,,,,,,,,,,,,,,,,,,,,
2017-11-10T12:45:00Z,191.9,183.9,,,,,,,,,,,,,,,,,,,,,,
2017-11-13T11:45:00Z,,,,,173.9,165.9,,,,,,,,,,,,,,,,,,
2017-11-16T11:30:00Z,193.9,185.9,,,,,,,,,,,,,,,,,,,,,,
2017-11-16T13:45:00Z,,,,,176.9,167.9,,,,,,,,,,,,,,,,,,
2017-12-01T16:30:00Z,195.9,187.9,,,,,,,,,,,,,,,,,,,,,,
2017-12-06T11:30:00Z,195.9,187.9,,,,,,,,,,,,,,,,,,,,,,
2017-12-06T17:00:00Z,,,,,177.9,167.9,,,,,,,,,,,,,,,,,,
2017-12-06T20:15:00Z,,,,,177.9,168.8,,,,,,,,,,,,,,,,,,
2017-12-11T14:30:00Z,,,,,177.9,168.9,,,,,,,,,,,,,,,,,,
2017-12-19T16:15:00Z,,,,,180.9,171.9,,,,,,,,,,,,,,,,,,
2018-01-01T00:15:00Z,,,,,,,,,,,,,,,,,213.0,206.3,,,,,,
2018-01-01T02:00:00Z,,,,,,,,,,,,,210.1,203.3,,,,,,,,,,
2018-01-01T10:15:00Z,,,,,,,,,211.8,206.9,,,,,,,,,,,,,,
2018-01-01T14:15:00Z,202.1,194.3,,,,,,,,,,,,,,,,,,,,,,
2018-01-01T16:15:00Z,,,,,,,,,,,,,,,,,,,,,208.8,200.8,,
2018-01-02T12:15:00Z,,,,,,,,,,,,,208.9,201.3,,,211.8,206.3,,,,,,
2018-01-03T12:15:00Z,201.9,193.9,,,,,,,,,,,,,,,,,,,,,,
2018-01-03T16:30:00Z,,,,,186.9,177.9,,,,,,,,,,,,,,,,,,
2018-01-10T11:30:00Z,202.9,194.3,,,,,,,,,,,,,,,,,,,,,,
2018-01-11T12:15:00Z,,,,,,,,,,,,,,,,,,,,,209.2,201.2,,
2018-01-12T10:45:00Z,202.9,195.3,,,,,,,,,,,,,,,,,,,,,,
2018-01-13T13:45:00Z,209.9,202.3,,,,,,,,,,,,,,,,,,,,,,
2018-01-14T07:45:00Z,202.9,195.3,,,,,,,,,,,,,,,,,,,,,,
2018-01-14T23:00:00Z,209.9,202.3,,,,,,,,,,,,,,,,,,,,,,
2018-01-15T08:30:00Z,,,,,,,,,,,,,209.9,202.3,,,,,,,,,,
2018-01-15T11:15:00Z,,,,,,,,,,,,,,,,,,,,,209.8,202.2,,
2018-01-16T08:00:00Z,202.9,195.3,,,,,,,,,,,,,,,,,,,,,,
2018-01-16T12:00:00Z,203.9,197.3,,,,,,,,,,,,,,,,,,,,,,
2018-01-17T09:45:00Z,203.9,196.3,,,,,,,,,,,,,,,,,,,,,,
2018-01-17T16:00:00Z,209.9,202.3,,,,,,,,,,,,,,,,,,,,,,
2018-01-18T09:00:00Z,203.9,196.3,,,,,,,,,,,,,,,,,,,,,,
2018-01-18T12:00:00Z,,,,,,,,,209.8,203.4,,,,,,,,,,,,,,
2018-01-18T13:15:00Z,202.8,196.3,,,,,,,,,,,,,,,,,,,,,,
2018-01-18T14:00:00Z,,,,,,,,,,,,,207.9,199.3,,,209.8,203.3,,,,,,
2018-01-18T14:45:00Z,,,,,,,,,,,,,,,,,,,,,208.5,202.2,,
2018-01-18T18:45:00Z,,,,,,,,,,,,,,,,,,,,,207.8,199.2,,
2018-01-19T10:15:00Z,201.9,193.3,,,,,,,,,,,,,,,,,,,,,,
2018-01-25T09:15:00Z,,,,,,,,,,,,,211.9,203.3,,,213.8,207.3,,,,,,
2018-01-25T12:15:00Z,203.9,196.3,,,,,,,,,,,,,,,,,,,,,,
2018-01-25T16:00:00Z,,,,,,,,,,,,,,,,,,,,,209.7,202.2,,
2018-01-29T13:45:00Z,204.9,197.3,,,,,,,212.8,206.9,,,209.9,202.3,,,212.8,206.6,,,209.7,203.2,,
2018-01-29T16:00:00Z,,,,,,,,,,,,,210.9,203.3,,,,,,,,,,
2018-01-30T14:00:00Z,,,,,188.9,179.9,,,,,,,,,,,,,,,,,,
2018-01-30T16:15:00Z,,,,,,,,,,,,,,,,,,,,,210.8,203.2,,
2018-02-01T12:15:00Z,206.9,199.3,,,,,,,,,,,,,,,,,,,,,,
2018-02-02T10:15:00Z,205.9,198.3,,,,,,,,,,,,,,,,,,,,,,
2018-02-07T08:15:00Z,,,,,189.9,180.9,,,,,,,,,,,,,,,,,,
2018-02-21T15:30:00Z,,,,,,,,,,,,,,,,,,,,,210.8,203.2,,
2018-02-26T12:15:00Z,204.8,198.3,,,,,,,,,,,,,,,,,,,,,,
2018-02-28T00:30:00Z,,,,,,,,,,,,,,,,,,,,,210.8,203.2,,
2018-03-15T20:00:00Z,,,,,188.9,180.9,,,,,,,,,,,,,,,,,,
2018-03-21T01:00:00Z,,,,,183.9,175.9,,,,,,,,,,,,,,,,,,
2018-03-29T22:45:00Z,,,,,184.9,176.9,,,,,,,,,,,,,,,210.8,203.2,,
2018-04-06T17:15:00Z,,,,,184.9,178.9,,,,,,,,,,,,,,,,,,
2018-04-10T11:15:00Z,,,,,,,,,214.8,207.9,,,,,,,,,,,,,,
2018-04-10T13:00:00Z,,,,,,,,,,,,,212.9,205.3,,,214.8,208.6,,,,,,
2018-04-11T14:45:00Z,,,,,,,,,,,,,,,,,,,,,212.8,205.2,,
2018-04-11T17:15:00Z,206.8,200.3,,,,,,,,,,,,,,,,,,,,,,
2018-04-17T20:00:00Z,,,,,186.9,180.9,,,,,,,,,,,,,,,,,,
2018-04-18T16:00:00Z,,,,,,,,,216.8,209.9,,,,,,,,,,,,,,
2018-04-18T17:30:00Z,,,,,,,,,,,,,214.9,207.3,,,216.8,209.9,,,,,,
2018-04-19T10:45:00Z,,,,,,,,,,,,,,,,,,,,,214.8,207.2,,
2018-04-20T09:45:00Z,208.8,202.3,,,,,,,,,,,,,,,,,,,,,,
2018-04-23T10:00:00Z,209.9,202.3,,,,,,,,,,,,,,,,,,,,,,
2018-04-24T13:30:00Z,,,,,,,,,218.8,211.9,,,,,,,,,,,,,,
2018-04-24T14:15:00Z,,,,,,,,,,,,,216.9,209.3,,,218.8,211.9,,,,,,
2018-04-26T09:45:00Z,,,,,187.9,180.9,,,,,,,,,,,,,,,,,,
2018-04-27T13:15:00Z,211.9,204.3,,,,,,,,,,,,,,,,,,,,,,
2018-04-30T14:15:00Z,209.9,202.3,,,,,,,,,,,,,,,,,,,,,,
2018-04-30T14:45:00Z,,,,,,,,,,,,,,,,,,,,,216.8,209.2,,
2018-04-30T21:45:00Z,211.9,204.3,,,189.9,182.9,,,,,,,,,,,,,,,,,,
2018-04-30T23:30:00Z,189.9,182.9,,,,,,,,,,,,,,,,,,,,,,
2018-05-02T11:30:00Z,188.9,181.9,,,,,,,,,,,,,,,,,,,,,,
2018-05-02T13:00:00Z,,,,,187.9,180.9,,,,,,,,,,,,,,,,,,
2018-05-07T16:45:00Z,,,,,,,,,221.8,213.9,,,,,,,,,,,,,,
2018-05-08T09:15:00Z,,,,,,,,,,,,,219.9,211.3,,,221.8,213.9,,,,,,
2018-05-08T11:00:00Z,191.9,183.9,,,,,,,,,,,,,,,,,,,,,,
2018-05-08T14:00:00Z,188.9,181.9,,,,,,,,,,,,,,,,,,,,,,
2018-05-08T15:15:00Z,,,,,,,,,,,,,,,,,,,,,219.8,211.2,,
2018-05-09T15:45:00Z,,,,,,,,,,,,,,,,,,,,,219.8,211.2,,
2018-05-16T22:30:00Z,,,,,,,,,224.8,216.9,,,,,,,,,,,,,,
2018-05-17T09:00:00Z,,,,,,,,,,,,,222.9,214.3,,,224.8,216.9,,,,,,
2018-05-17T10:30:00Z,191.9,184.9,,,,,,,,,,,,,,,,,,,,,,
2018-05-17T11:30:00Z,,,,,,,,,,,,,,,,,,,,,222.8,214.2,,
2018-05-17T13:30:00Z,,,,,,,,,216.8,208.9,,,,,,,,,,,,,,
2018-05-18T12:45:00Z,,,,,190.9,183.9,,,,,,,,,,,,,,,,,,
2018-05-18T23:00:00Z,,,,,,,,,218.8,210.9,,,,,,,,,,,,,,
2018-05-19T12:15:00Z,,,,,,,,,,,,,224.9,216.3,,,226.8,218.9,,,,,,
2018-05-22T10:00:00Z,193.9,186.9,,,,,,,,,,,,,,,,,,,,,,
2018-05-22T14:30:00Z,,,,,,,,,,,,,,,,,,,,,224.8,216.2,,
2018-05-23T16:30:00Z,,,,,,,,,221.7,213.8,,,,,,,,,,,,,,
2018-05-23T22:15:00Z,,,,,192.9,185.9,,,,,,,,,,,,,,,,,,
2018-05-24T12:00:00Z,,,,,,,,,,,,,227.8,219.2,,,229.7,221.8,,,,,,
2018-05-24T14:30:00Z,195.9,188.9,,,,,,,,,,,,,,,,,,,,,,
2018-05-24T16:00:00Z,,,,,,,,,,,,,,,,,,,,,224.8,216.2,,
2018-05-24T16:30:00Z,,,,,,,,,,,,,,,,,,,,,226.8,218.2,,
2018-05-25T13:30:00Z,,,,,,,,,,,,,226.9,218.3,,,,,,,,,,
2018-05-28T15:15:00Z,,,,,194.9,187.9,,,,,,,,,,,,,,,,,,
2018-06-05T10:00:00Z,,,,,,,,,220.2,212.3,,,,,,,,,,,,,,
2018-06-05T13:15:00Z,,,,,,,,,,,,,,,,,228.2,220.3,,,,,,
2018-07-14T15:30:00Z,,,,,,,,,220.2,212.3,,,,,,,,,,,,,,
2018-08-21T11:00:00Z,,,,,,,,,221.2,212.3,,,,,,,,,,,,,,
2018-08-23T09:30:00Z,,,,,,,,,,,,,,,,,230.2,221.3,,,,,,
2018-08-23T10:00:00Z,,,,,,,,,,,,,228.9,219.3,,,,,,,,,,
2018-08-23T11:00:00Z,198.9,190.9,,,,,,,,,,,,,,,,,,,,,,
2018-08-23T16:15:00Z,,,,,,,,,,,,,,,,,,,,,227.8,219.2,,
2018-08-24T20:30:00Z,,,,,196.9,188.9,,,,,,,,,,,,,,,,,,
2018-08-27T09:45:00Z,,,,,,,,,,,,,,,,,229.2,220.3,,,,,,
2018-08-27T10:30:00Z,197.9,189.9,,,,,,,,,,,,,,,,,,,,,,
2018-08-27T11:15:00Z,,,,,,,,,223.3,213.3,,,,,,,,,,,,,,
2018-08-27T13:45:00Z,,,,,,,,,,,,,229.9,219.3,,,231.3,221.3,,,,,,
2018-08-28T09:15:00Z,199.9,189.9,,,,,,,,,,,,,,,,,,,,,,
2018-08-28T22:00:00Z,,,,,,,,,,,,,,,,,,,,,227.8,218.3,,
2018-08-29T11:15:00Z,197.9,189.9,,,,,,,,,,,,,,,,,,,,,,
2018-08-29T13:00:00Z,,,,,,,,,,,,,,,,,,,,,227.7,218.1,,
2018-08-30T11:15:00Z,,,,,,,,,,,,,227.8,218.2,,,,,,,,,,
2018-09-06T08:00:00Z,,,,,,,,,224.3,216.3,,,,,,,,,,,,,,
2018-09-06T09:30:00Z,,,,,,,,,,,,,228.8,221.2,,,232.3,224.3,,,,,,
2018-09-06T11:00:00Z,198.9,192.9,,,,,,,,,,,,,,,,,,,,,,
2018-09-06T13:15:00Z,,,,,,,,,,,,,,,,,,,,,227.8,219.2,,
2018-09-12T19:00:00Z,,,,,197.9,191.9,,,,,,,,,,,,,,,,,,
2018-09-13T09:45:00Z,,,,,,,,,,,,,229.8,224.2,,,233.3,227.3,,,,,,
2018-09-13T15:30:00Z,199.9,195.9,,,,,,,,,,,,,,,,,,,,,,
2018-09-13T17:00:00Z,,,,,,,,,,,,,,,,,,,,,227.8,219.2,,
2018-09-14T07:15:00Z,,,,,,,,,225.3,218.3,,,,,,,,,,,,,,
2018-09-14T09:30:00Z,,,,,,,,,,,,,,,,,233.3,226.2,,,,,,
2018-09-14T10:00:00Z,,,,,,,,,,,,,,,,,,,,,229.7,224.1,,
2018-09-17T16:15:00Z,,,,,197.9,193.9,,,,,,,,,,,,,,,,,,
2018-09-17T17:30:00Z,198.9,194.9,,,,,,,,,,,,,,,,,,,,,,
2018-10-01T09:30:00Z,,,,,,,,,,,,,229.8,227.2,,,233.3,229.2,,,,,,
2018-10-02T14:15:00Z,,,,,,,,,226.3,221.3,,,,,,,,,,,,,,
2018-10-02T15:30:00Z,198.9,197.9,,,,,,,,,,,,,,,,,,,,,,
2018-10-02T16:45:00Z,,,,,,,,,,,,,,,,,,,,,229.7,224.1,,
2018-10-02T17:00:00Z,,,,,,,,,,,,,,,,,,,,,229.7,225.1,,
2018-10-03T17:00:00Z,,,,,,,,,,,,,230.8,230.2,,,234.3,232.2,,,,,,
2018-10-04T13:15:00Z,198.9,197.9,,,,,,,,,,,,,,,,,,,,,,
2018-10-04T15:45:00Z,,,,,197.9,196.9,,,,,,,,,,,,,,,,,,
2018-10-05T10:15:00Z,,,,,,,,,,,,,,,,,,,,,224.7,222.1,,
2018-10-05T15:30:00Z,,,,,,,,,,,,,229.8,227.2,,,233.3,229.2,,,,,,
2018-10-08T11:00:00Z,,,,,,,,,,,,,,,,,,,,,223.7,221.1,,
2018-10-10T10:45:00Z,,,,,,,,,227.3,225.3,,,,,,,,,,,,,,
2018-10-10T14:30:00Z,,,,,,,,,,,,,231.8,231.2,,,235.3,233.2,,,,,,
2018-10-10T16:30:00Z,200.9,201.9,,,,,,,,,,,,,,,,,,,,,,
2018-10-10T17:15:00Z,,,,,,,,,,,,,,,,,,,,,225.7,225.1,,
2018-10-11T18:30:00Z,,,,,199.9,199.9,,,,,,,,,,,,,,,,,,
2018-10-15T10:30:00Z,200.9,200.9,,,,,,,,,,,,,,,,,,,,,,
2018-10-16T08:00:00Z,,,,,199.9,200.9,,,,,,,,,,,,,,,,,,
2018-10-16T14:30:00Z,,,,,199.9,199.9,,,,,,,,,,,,,,,,,,
2018-11-02T17:15:00Z,200.9,200.9,,,,,,,,,,,,,,,,,,,,,,
2018-11-09T18:45:00Z,,,,,,,,,224.3,225.3,,,,,,,,,,,,,,
2018-11-09T19:00:00Z,,,,,,,,,224.3,223.3,,,,,,,,,,,,,,
2018-11-10T11:00:00Z,,,,,,,,,,,,,228.7,229.2,,,232.2,231.2,,,,,,
2018-11-10T13:45:00Z,,,,,,,,,,,,,,,,,,,,,222.7,225.1,,
2018-11-10T14:30:00Z,200.9,200.9,,,,,,,,,,,,,,,,,,,,,,
2018-11-12T09:15:00Z,,,,,,,,,,,,,,,,,,,,,222.7,225.1,,
2018-11-12T10:30:00Z,,,,,,,,,,,,,,,,,,,,,222.6,222.1,,
2018-11-16T13:00:00Z,200.9,200.9,,,,,,,,,,,,,,,,,,,,,,
2018-11-16T13:45:00Z,,,,,,,,,,,,,,,,,,,,,222.6,222.1,,
2018-11-21T12:00:00Z,,,,,,,,,,,,,,,,,,,,,219.6,221.1,,
2018-11-21T18:30:00Z,,,,,,,,,219.3,219.3,,,,,,,,,,,,,,
2018-11-22T08:15:00Z,200.9,200.9,,,,,,,,,,,,,,,,,,,,,,
2018-11-22T09:30:00Z,,,,,,,,,,,,,225.7,226.2,,,227.2,227.2,,,,,,
2018-11-23T08:15:00Z,,,,,,,,,,,,,,,,,,,,,219.6,221.1,,
2018-11-24T16:15:00Z,200.9,200.9,,,,,,,,,,,,,,,,,,,,,,
2018-11-25T14:45:00Z,,,,,,,,,217.3,219.3,,,,,,,,,,,,,,
2018-11-25T18:30:00Z,,,,,,,,,,,,,,,,,,,,,217.6,221.1,,
2018-11-25T18:45:00Z,,,,,,,,,,,,,,,,,,,,,217.6,221.1,,
2018-11-25T19:30:00Z,,,,,,,,,,,,,,,,,,,,,217.6,221.1,,
2018-11-26T09:15:00Z,,,,,,,,,,,,,223.7,226.2,,,,,,,,,,
2018-11-26T09:30:00Z,,,,,,,,,,,,,,,,,225.2,227.2,,,,,,
2018-11-26T10:00:00Z,200.9,200.9,,,,,,,,,,,,,,,,,,,,,,
2018-11-26T16:30:00Z,,,,,,,,,,,,,,,,,,,,,217.6,220.1,,
2018-11-27T09:15:00Z,,,,,,,,,215.3,218.3,,,,,,,,,,,,,,
2018-11-27T10:15:00Z,,,,,,,,,,,,,,,,,,,,,215.6,218.1,,
2018-11-27T11:30:00Z,,,,,,,,,,,,,,,,,,,,,216.6,218.1,,
2018-11-27T16:15:00Z,,,,,,,,,,,,,,,,,,,,,216.6,218.1,,
2018-11-27T16:30:00Z,,,,,,,,,,,,,,,,,,,,,216.6,218.1,,
2018-11-27T16:45:00Z,,,,,,,,,,,,,222.7,224.2,,,223.2,226.2,,,,,,
2018-11-27T20:45:00Z,200.9,200.9,,,,,,,,,,,,,,,,,,,,,,
2018-11-28T08:30:00Z,,,,,,,,,,,,,,,,,,,,,216.6,218.1,,
2018-11-28T09:45:00Z,200.9,200.9,,,,,,,,,,,,,,,,,,,,,,
2018-11-28T10:30:00Z,,,,,,,,,,,,,,,,,,,,,216.6,218.1,,
2018-11-28T15:30:00Z,200.9,199.9,,,,,,,,,,,,,,,,,,,,,,
2018-11-28T17:15:00Z,,,,,,,,,,,,,,,,,,,,,216.6,218.1,,
2018-11-29T17:15:00Z,200.9,200.9,,,,,,,,,,,,,,,,,,,,,,
2018-11-29T17:30:00Z,,,,,,,,,213.8,217.3,,,,,,,,,,,,,,
2018-11-29T21:00:00Z,,,,,,,,,,,,,,,,,,,,,215.4,217.2,,
2018-11-29T21:30:00Z,,,,,,,,,,,,,,,,,,,,,215.4,217.2,,
2018-11-29T22:15:00Z,,,,,199.9,198.9,,,,,,,,,,,,,,,,,,
2018-11-29T23:30:00Z,200.9,199.9,,,,,,,,,,,,,,,,,,,,,,
2018-11-30T10:45:00Z,,,,,,,,,,,,,221.5,223.3,,,221.7,225.2,,,,,,
2018-11-30T15:30:00Z,200.9,199.9,,,,,,,,,,,,,,,,,,,,,,
2018-11-30T16:15:00Z,,,,,,,,,,,,,,,,,,,,,215.4,217.1,,
2018-12-04T12:00:00Z,199.9,198.9,,,,,,,,,,,,,,,,,,,,,,
2018-12-04T12:30:00Z,,,,,198.9,197.9,,,,,,,,,,,,,,,,,,
2018-12-05T18:30:00Z,,,,,195.9,196.9,,,,,,,,,,,,,,,,,,
2018-12-05T21:15:00Z,196.9,197.9,,,,,,,,,,,,,,,,,,,,,,
2018-12-06T16:00:00Z,,,,,,,,,,,,,221.5,223.2,,,,,,,,,,
2019-01-02T11:00:00Z,,,,,,,,,215.3,218.8,,,,,,,,,,,,,,
2019-01-04T15:15:00Z,,,,,,,,,,,,,222.5,224.7,,,,,,,,,,
2019-01-04T15:30:00Z,,,,,,,,,,,,,,,,,223.2,226.7,,,,,,
2019-01-04T16:30:00Z,,,,,,,,,213.3,214.8,,,,,,,,,,,,,,
2019-01-04T20:00:00Z,,,,,,,,,,,,,,,,,,,,,214.4,212.3,,
2019-01-04T20:15:00Z,,,,,,,,,,,,,,,,,,,,,214.4,212.3,,
2019-01-04T21:00:00Z,,,,,,,,,,,,,,,,,,,,,214.4,214.7,,
2019-01-04T21:15:00Z,,,,,,,,,,,,,,,,,,,,,214.4,214.7,,
2019-01-04T22:45:00Z,,,,,,,,,,,,,,,,,,,,,214.4,214.7,,
2019-01-05T12:45:00Z,,,,,,,,,,,,,220.5,220.8,,,221.2,222.7,,,,,,
2019-01-05T15:00:00Z,196.9,197.9,,,,,,,,,,,,,,,,,,,,,,
2019-01-07T10:45:00Z,,,,,,,,,,,,,,,,,,,,,214.4,214.7,,
2019-01-11T11:15:00Z,,,,,,,,,,,,,,,,,221.2,224.7,,,,,,
2019-01-11T11:30:00Z,,,,,,,,,,,,,220.5,222.8,,,,,,,,,,
2019-01-15T16:00:00Z,,,,,,,,,,,,,,,,,,,,,213.2,214.7,,
2019-01-18T10:15:00Z,,,,,,,,,,,,,,,,,221.2,222.7,,,,,,
2019-01-18T10:45:00Z,,,,,,,,,,,,,220.5,220.8,,,,,,,,,,
2019-01-21T09:00:00Z,,,,,,,,,215.4,217.1,,,,,,,,,,,,,,
2019-01-21T16:00:00Z,,,,,,,,,,,,,,,,,223.3,225.0,,,,,,
2019-01-25T18:00:00Z,,,,,190.9,191.9,,,213.4,214.9,,,,,,,,,,,,,,
2019-01-25T23:30:00Z,191.9,192.9,,,,,,,,,,,,,,,,,,,,,,
2019-01-28T10:45:00Z,,,,,,,,,,,,,,,,,221.3,222.8,,,,,,
2019-01-28T17:00:00Z,,,,,,,,,,,,,,,,,,,,,213.2,214.7,,
2019-01-29T16:30:00Z,,,,,,,,,212.9,213.9,,,,,,,,,,,,,,
2019-01-31T00:00:00Z,,,,,,,,,212.9,213.9,,,,,,,,,,,,,,
2019-01-31T08:30:00Z,,,,,,,,,214.9,215.9,,,,,,,,,,,,,,
2019-01-31T16:15:00Z,,,,,,,,,213.9,214.9,,,,,,,,,,,,,,
2019-02-04T12:00:00Z,,,,,,,,,,,,,221.9,221.8,,,222.8,223.8,,,,,,
2019-02-05T09:30:00Z,,,,,,,,,,,,,,,,,,,,,213.2,214.7,,
2019-02-05T10:45:00Z,191.9,192.9,,,,,,,,,,,,,,,,,,,,,,
2019-02-05T13:15:00Z,,,,,,,,,,,,,,,,,,,,,214.2,214.7,,
2019-02-06T10:00:00Z,,,,,,,,,,,,,220.5,220.8,,,,,,,,,,
2019-02-06T17:15:00Z,190.9,191.9,,,,,,,,,,,,,,,,,,,,,,
2019-02-07T12:15:00Z,,,,,189.9,190.9,,,,,,,,,,,,,,,,,,
2019-02-11T17:30:00Z,,,,,,,,,,,,,,,,,,,,,213.8,214.7,,
2019-02-15T10:45:00Z,,,,,,,,,215.8,216.8,,,,,,,,,,,,,,
2019-02-17T12:30:00Z,,,,,,,,,,,,,,,,,,,,,214.4,214.7,,
2019-02-18T10:15:00Z,,,,,,,,,,,,,222.5,222.8,,,224.7,225.7,,,,,,
2019-02-18T17:00:00Z,192.9,193.9,,,,,,,,,,,,,,,,,,,,,,
2019-02-18T18:45:00Z,,,,,,,,,,,,,,,,,,,,,215.7,216.7,,
2019-02-18T19:30:00Z,,,,,,,,,,,,,,,,,,,,,215.7,216.7,,
2019-02-19T12:45:00Z,,,,,191.9,192.9,,,,,,,,,,,,,,,,,,
2019-02-20T12:00:00Z,,,,,,,,,217.5,218.3,,,,,,,,,,,,,,
2019-02-20T16:00:00Z,,,,,,,,,,,,,224.2,224.3,,,226.4,227.2,,,,,,
2019-02-20T17:15:00Z,194.6,195.4,,,,,,,,,,,,,,,,,,,,,,
2019-02-21T09:00:00Z,,,,,,,,,,,,,,,,,,,,,215.7,216.7,,
2019-02-21T11:30:00Z,,,,,,,,,,,,,,,,,,,,,217.4,218.2,,
2019-02-28T11:45:00Z,,,,,192.9,193.9,,,,,,,,,,,,,,,,,,
2019-02-28T12:45:00Z,193.9,194.9,,,,,,,,,,,,,,,,,,,,,,
2019-03-01T08:45:00Z,,,,,,,,,219.0,219.8,,,,,,,,,,,,,,
2019-03-01T09:15:00Z,,,,,,,,,,,,,,,,,,,,,218.1,218.2,,
2019-03-01T14:15:00Z,,,,,,,,,,,,,225.7,225.8,,,227.9,228.7,,,,,,
2019-03-01T19:00:00Z,,,,,,,,,,,,,,,,,,,,,218.9,219.7,,
2019-03-02T12:45:00Z,195.4,196.4,,,,,,,,,,,,,,,,,,,,,,
2019-03-05T17:30:00Z,,,,,,,,,219.0,219.8,,,,,,,,,,,,,,
2019-03-07T12:45:00Z,,,,,,,,,220.4,221.2,,,,,,,,,,,,,,
2019-03-07T21:30:00Z,193.9,194.9,,,,,,,,,,,,,,,,,,,,,,
2019-03-08T09:30:00Z,,,,,,,,,,,,,,,,,,,,,219.6,219.7,,
2019-03-10T19:15:00Z,,,,,,,,,,,,,,,,,,,,,219.6,219.7,,
2019-03-13T10:00:00Z,,,,,,,,,217.4,218.2,,,,,,,,,,,,,,
2019-03-13T14:00:00Z,,,,,,,,,218.9,219.7,,,,,,,,,,,,,,
2019-03-13T18:00:00Z,,,,,,,,,,,,,,,,,,,,,219.6,219.7,,
2019-03-14T10:00:00Z,,,,,,,,,,,,,,,,,,,,,218.8,219.6,,
2019-03-27T19:45:00Z,196.9,194.9,,,,,,,220.5,219.7,,,227.2,225.8,,,229.4,228.7,,,220.4,219.7,,
2019-03-28T14:00:00Z,,,,,,,,,222.8,221.6,,,,,,,,,,,,,,
2019-03-28T15:15:00Z,,,,,,,,,,,,,,,,,,,,,219.6,219.7,,
2019-03-28T15:30:00Z,,,,,,,,,,,,,,,,,,,,,219.6,219.7,,
2019-03-28T16:45:00Z,,,,,,,,,,,,,,,,,231.7,230.5,,,221.1,219.7,,
2019-03-28T17:15:00Z,,,,,,,,,,,,,229.5,227.6,,,,,,,,,,
2019-03-28T21:00:00Z,199.2,196.7,,,,,,,,,,,,,,,,,,,,,,
2019-03-29T08:15:00Z,,,,,,,,,,,,,,,,,,,,,222.7,221.5,,
2019-03-29T08:30:00Z,,,,,,,,,,,,,,,,,,,,,222.7,221.5,,
2019-03-29T09:00:00Z,,,,,,,,,,,,,,,,,,,,,222.7,221.5,,
2019-03-29T11:45:00Z,,,,,,,,,,,,,,,,,,,,,222.7,221.5,,
2019-04-02T18:45:00Z,199.2,198.2,,,194.9,194.9,,,224.6,221.6,,,229.5,227.6,,,,,,,,,,
2019-04-03T16:00:00Z,,,,,,,,,,,,,,,,,233.5,230.5,,,,,,
2019-04-03T16:15:00Z,,,,,197.9,195.9,,,,,,,,,,,,,,,,,,
2019-04-03T18:15:00Z,,,,,,,,,,,,,,,,,,,,,224.5,221.5,,
2019-04-12T19:00:00Z,201.0,198.2,,,,,,,228.1,221.6,,,233.2,227.6,,,235.1,230.5,,,226.1,221.5,,
2019-04-13T09:30:00Z,202.9,198.2,,,,,,,,,,,,,,,,,,,,,,
2019-04-13T14:00:00Z,,,,,199.9,196.9,,,,,,,,,,,,,,,,,,
2019-04-13T16:45:00Z,,,,,,,,,,,,,,,,,237.0,230.5,,,,,,
2019-04-15T10:30:00Z,,,,,,,,,,,,,,,,,,,,,226.2,221.5,,
2019-04-15T11:45:00Z,,,,,,,,,,,,,,,,,,,,,226.2,221.5,,
2019-04-16T10:45:00Z,,,,,,,,,,,,,,,,,,,,,226.2,221.5,,
2019-04-16T11:15:00Z,,,,,,,,,,,,,,,,,,,,,228.1,220.7,,
2019-04-16T12:00:00Z,204.9,198.2,,,,,,,,,,,,,,,,,,,,,,
2019-04-16T12:30:00Z,,,,,,,,,,,,,235.2,227.6,,,,,,,,,,
2019-04-16T13:00:00Z,,,,,,,,,,,,,,,,,,,,,228.1,220.7,,
2019-04-16T14:00:00Z,,,,,201.9,196.9,,,,,,,,,,,,,,,,,,
2019-04-24T17:15:00Z,,,,,203.9,196.9,,,,,,,,,,,,,,,,,,
2019-04-26T09:45:00Z,,,,,,,,,230.2,222.7,,,,,,,,,,,,,,
2019-04-26T11:45:00Z,,,,,,,,,,,,,,,,,239.1,231.6,,,,,,
2019-04-26T13:45:00Z,,,,,,,,,,,,,,,,,,,,,228.2,221.5,,
2019-04-26T14:00:00Z,,,,,,,,,,,,,,,,,,,,,230.1,222.1,,
2019-04-26T14:15:00Z,,,,,,,,,,,,,,,,,,,,,230.1,222.1,,
2019-04-26T15:30:00Z,203.1,199.5,,,,,,,,,,,237.3,228.9,,,,,,,,,,
2019-04-26T15:45:00Z,207.0,199.5,,,,,,,,,,,,,,,,,,,,,,
2019-04-29T09:45:00Z,,,,,,,,,,,,,,,,,,,,,230.2,222.1,,
2019-05-01T00:30:00Z,,,,,205.9,197.9,,,,,,,,,,,,,,,230.2,222.1,,
2019-05-02T09:15:00Z,,,,,,,,,232.6,224.2,,,,,,,,,,,,,,
2019-05-02T13:00:00Z,,,,,,,,,,,,,,,,,,,,,231.2,222.8,,
2019-05-02T14:30:00Z,,,,,,,,,,,,,,,,,241.5,233.1,,,,,,
2019-05-02T16:00:00Z,,,,,,,,,,,,,,,,,,,,,232.5,224.1,,
2019-05-02T16:15:00Z,,,,,,,,,,,,,,,,,,,,,232.5,224.1,,
2019-05-02T18:00:00Z,209.4,201.0,,,,,,,,,,,,,,,,,,,,,,
2019-05-03T10:00:00Z,,,,,,,,,,,,,239.7,230.4,,,,,,,,,,
2019-05-04T00:15:00Z,,,,,206.9,198.9,,,,,,,,,,,,,,,,,,
2019-05-06T15:15:00Z,,,,,,,,,,,,,,,,,,,,,232.5,224.1,,
2019-05-08T11:30:00Z,,,,,207.9,199.9,,,,,,,,,,,,,,,,,,
2019-05-13T12:45:00Z,,,,,,,,,,,,,,,,,,,,,232.5,225.1,,
2019-05-13T13:15:00Z,,,,,,,,,,,,,,,,,,,,,232.5,224.1,,
2019-05-20T12:30:00Z,,,,,,,,,234.6,225.2,,,,,,,243.5,234.1,,,234.5,225.1,,
2019-05-20T21:45:00Z,211.4,202.0,,,,,,,,,,,,,,,,,,,,,,
2019-05-21T10:15:00Z,,,,,,,,,,,,,241.7,231.4,,,,,,,,,,
2019-05-22T23:15:00Z,,,,,209.9,200.9,,,,,,,,,,,,,,,,,,
2019-05-27T10:00:00Z,,,,,,,,,,,,,,,,,,,,,234.5,225.1,,
2019-06-03T16:15:00Z,211.4,202.0,,,,,,,231.6,221.7,,,238.7,227.9,,,240.5,230.6,,,211.3,201.9,,
2019-06-05T07:47:00Z,211.4,202.0,,,,,,,,,,,,,,,,,,,210.9,201.5,,
2019-06-06T01:58:00Z,211.4,202.0,,,,,,,,,,,,,,,,,,,,,,
2019-06-06T21:30:00Z,,,,,,,,,228.6,218.7,,,211.2,201.8,,,238.7,227.7,,,210.9,201.5,,
2019-06-07T10:00:00Z,,,,,,,,,226.6,216.5,,,,,,,,,,,,,,
2019-06-07T11:00:00Z,,,,,,,,,,,,,,,,,,,,,211.3,201.9,,
2019-06-07T11:15:00Z,,,,,,,,,,,,,,,,,,,,,211.3,201.9,,
2019-06-08T19:30:00Z,,,,,,,,,,,,,211.4,202.0,,,238.7,227.9,,,211.1,201.7,,
2019-06-12T15:00:00Z,,,,,207.9,198.9,,,,,,,211.4,202.0,,,236.7,225.7,,,,,,
2019-06-12T17:00:00Z,209.4,200.0,,,,,,,,,,,,,,,,,,,,,,
2019-06-13T08:45:00Z,,,,,,,,,,,,,,,,,,,,,209.3,199.9,,
2019-06-13T12:30:00Z,,,,,,,,,,,,,209.4,200.0,,,,,,,,,,
2019-06-13T13:30:00Z,,,,,,,,,,,,,,,,,,,,,209.3,199.9,,
2019-06-13T14:15:00Z,209.4,200.2,,,,,,,,,,,,,,,,,,,,,,
2019-06-13T16:00:00Z,209.4,200.0,,,,,,,,,,,,,,,,,,,,,,
2019-06-16T13:21:00Z,,,,,,,,,,,,,209.4,200.0,,,236.7,225.5,,,,,,
2019-06-19T11:30:00Z,,,,,,,,,,,,,209.4,200.0,,,,,,,,,,
2019-06-25T14:30:00Z,,,,,,,,,,,,,209.4,200.0,,,,,,,,,,
2019-06-25T15:00:00Z,,,,,,,,,,,,,209.4,199.9,,,,,,,,,,
2019-06-25T16:15:00Z,,,,,,,,,,,,,209.4,199.9,,,,,,,209.3,199.8,,
2019-07-01T13:15:00Z,,,,,,,,,226.6,216.5,,,,,,,,,,,,,,
2019-07-01T20:30:00Z,,,,,206.9,197.9,,,,,,,,,,,,,,,,,,
2019-07-02T10:45:00Z,,,,,,,,,227.6,217.5,,,,,,,,,,,,,,
2019-07-02T15:15:00Z,,,,,,,,,,,,,210.4,200.9,,,237.7,226.5,,,,,,
2019-07-02T17:30:00Z,,,,,,,,,,,,,,,,,,,,,209.3,199.8,,
2019-07-03T11:30:00Z,,,,,,,,,,,,,,,,,236.7,225.5,,,209.3,199.8,,
2019-07-03T11:45:00Z,,,,,,,,,,,,,209.4,199.9,,,,,,,209.3,199.8,,
2019-07-03T13:45:00Z,210.4,200.9,,,,,,,,,,,,,,,,,,,,,,
2019-07-03T15:30:00Z,,,,,,,,,,,,,,,,,237.7,226.5,,,,,,
2019-07-03T15:45:00Z,,,,,,,,,,,,,210.4,200.9,,,,,,,,,,
2019-07-03T16:45:00Z,209.4,201.8,,,,,,,,,,,,,,,,,,,,,,
2019-07-04T00:15:00Z,210.4,200.9,,,,,,,,,,,,,,,,,,,,,,
2019-07-04T09:45:00Z,,,,,,,,,,,,,,,,,,,,,210.3,200.8,,
2019-07-10T12:45:00Z,210.4,200.9,,,204.9,195.9,,,228.9,218.5,,,211.7,201.9,,,239.0,227.5,,,211.6,201.8,,
2019-07-10T16:00:00Z,210.4,200.9,,,,,,,,,,,,,,,,,,,,,,
2019-07-10T19:45:00Z,,,,,,,,,,,,,,,,,,,,,210.3,200.8,,
2019-07-11T11:00:00Z,208.4,198.9,,,,,,,,,,,,,,,,,,,,,,
2019-07-11T12:30:00Z,,,,,,,,,,,,,,,,,,,,,208.3,198.8,,
2019-07-11T13:45:00Z,,,,,,,,,,,,,208.4,198.9,,,,,,,,,,
2019-07-11T14:15:00Z,,,,,,,,,230.1,219.5,,,,,,,,,,,,,,
2019-07-14T00:45:00Z,,,,,202.9,193.9,,,,,,,208.4,198.9,,,240.2,228.5,,,208.3,198.8,,
2019-07-15T13:30:00Z,,,,,,,,,,,,,,,,,,,,,208.3,198.8,,
2019-07-15T15:15:00Z,206.4,196.9,,,,,,,,,,,,,,,,,,,,,,
2019-07-15T16:45:00Z,,,,,,,,,,,,,,,,,,,,,206.3,196.8,,
2019-07-16T10:30:00Z,,,,,,,,,,,,,206.4,196.9,,,,,,,,,,
2019-07-16T15:30:00Z,,,,,,,,,,,,,,,,,,,,,206.3,196.8,,
2019-07-18T09:15:00Z,,,,,,,,,,,,,,,,,,,,,206.3,196.8,,
2019-07-18T16:00:00Z,,,,,,,,,,,,,,,,,,,,,206.3,196.8,,
2019-07-18T20:00:00Z,,,,,,,,,,,,,,,,,,,,,206.3,196.8,,
2019-07-18T23:45:00Z,,,,,,,,,230.1,219.5,,,,,,,,,,,,,,
2019-07-24T12:45:00Z,,,,,200.9,192.9,,,,,,,,,,,,,,,,,,
2019-07-24T15:45:00Z,,,,,,,,,,,,,,,,,,,,,204.8,195.8,,
2019-07-24T16:00:00Z,204.9,195.9,,,,,,,,,,,,,,,,,,,,,,
2019-07-24T21:15:00Z,,,,,199.9,192.9,,,,,,,,,,,,,,,,,,
2019-07-25T12:15:00Z,,,,,,,,,,,,,204.9,195.9,,,,,,,,,,
2019-07-25T13:00:00Z,204.9,195.9,,,,,,,,,,,,,,,,,,,,,,
2019-07-25T15:45:00Z,,,,,,,,,,,,,,,,,,,,,204.8,195.8,,
2019-07-25T16:00:00Z,,,,,,,,,,,,,,,,,,,,,204.8,195.8,,
2019-07-25T16:15:00Z,,,,,,,,,,,,,204.9,195.9,,,237.2,226.5,,,,,,
2019-07-25T18:45:00Z,,,,,,,,,227.9,217.3,,,,,,,,,,,,,,
2019-07-26T10:15:00Z,,,,,,,,,,,,,,,,,238.0,226.3,,,,,,
2019-07-26T13:15:00Z,202.9,195.9,,,,,,,,,,,,,,,,,,,,,,
2019-07-26T17:45:00Z,,,,,,,,,,,,,,,,,,,,,202.8,195.8,,
2019-07-27T15:15:00Z,,,,,,,,,214.2,203.6,,,,,,,,,,,,,,
2019-07-29T12:45:00Z,,,,,,,,,,,,,202.9,195.9,,,,,,,,,,
2019-07-31T13:30:00Z,,,,,,,,,,,,,,,,,,,,,202.8,195.8,,
2019-07-31T15:30:00Z,,,,,,,,,,,,,202.9,195.9,,,237.0,226.3,,,,,,
2019-08-07T11:15:00Z,,,,,,,,,212.2,201.6,,,,,,,,,,,,,,
2019-08-07T13:15:00Z,,,,,,,,,,,,,,,,,236.0,224.3,,,,,,
2019-08-07T13:30:00Z,,,,,,,,,,,,,202.9,195.9,,,,,,,,,,
2019-08-07T15:45:00Z,,,,,,,,,,,,,,,,,,,,,202.8,195.8,,
2019-08-07T16:45:00Z,202.9,193.9,,,,,,,,,,,,,,,,,,,,,,
2019-08-08T10:00:00Z,202.9,195.9,,,,,,,,,,,,,,,,,,,,,,
2019-08-08T15:30:00Z,,,,,,,,,,,,,,,,,,,,,202.8,195.8,,
2019-08-15T15:30:00Z,202.9,195.9,,,,,,,,,,,,,,,,,,,,,,
2019-08-23T15:00:00Z,,,,,197.9,189.9,,,,,,,,,,,,,,,,,,
2019-08-23T15:30:00Z,200.9,192.9,,,,,,,,,,,,,,,,,,,,,,
2019-08-23T17:15:00Z,,,,,,,,,,,,,,,,,,,,,200.8,192.8,,
2019-08-23T17:30:00Z,,,,,,,,,,,,,,,,,,,,,200.8,192.8,,
2019-08-26T09:45:00Z,,,,,,,,,,,,,200.9,192.9,,,,,,,,,,
2019-09-02T09:45:00Z,,,,,,,,,,,,,,,,,,,,,200.8,192.8,,
2019-09-04T15:00:00Z,,,,,,,,,,,,,,,,,231.9,221.3,,,,,,
2019-09-08T16:15:00Z,,,,,195.9,187.9,,,,,,,,,,,,,,,,,,
2019-09-10T08:30:00Z,,,,,,,,,212.2,201.6,,,,,,,,,,,,,,
2019-09-11T13:15:00Z,,,,,,,,,212.2,201.6,,,,,,,,,,,,,,
2019-09-11T15:15:00Z,,,,,,,,,,,,,203.5,197.5,,,,,,,,,,
2019-09-11T15:30:00Z,,,,,,,,,,,,,,,,,231.9,223.4,,,,,,
2019-09-11T15:45:00Z,,,,,,,,,,,,,,,,,,,,,200.7,192.7,,
2019-09-11T16:30:00Z,,,,,,,,,,,,,,,,,,,,,200.7,192.7,,
2019-09-11T16:45:00Z,,,,,,,,,,,,,,,,,,,,,200.7,192.7,,
2019-09-12T08:45:00Z,,,,,,,,,,,,,,,,,,,,,200.6,192.6,,
2019-09-12T10:15:00Z,198.9,190.9,,,,,,,,,,,,,,,,,,,,,,
2019-09-12T11:30:00Z,,,,,,,,,,,,,,,,,,,,,198.8,190.8,,
2019-09-12T11:45:00Z,,,,,,,,,,,,,,,,,,,,,198.8,190.8,,
2019-09-12T14:45:00Z,,,,,,,,,,,,,,,,,,,,,198.7,190.7,,
2019-09-12T18:45:00Z,,,,,,,,,,,,,198.8,190.8,,,,,,,,,,
2019-09-13T09:15:00Z,,,,,,,,,,,,,,,,,,,,,198.6,190.6,,
2019-09-13T10:30:00Z,,,,,,,,,,,,,,,,,,,,,198.5,190.5,,
2019-09-13T16:00:00Z,,,,,,,,,,,,,,,,,,,,,198.4,190.4,,
2019-09-13T19:00:00Z,,,,,,,,,,,,,,,,,,,,,198.3,190.3,,
2019-09-14T19:45:00Z,,,,,,,,,,,,,,,,,,,,,198.2,190.2,,
2019-09-16T10:00:00Z,,,,,,,,,,,,,,,,,,,,,198.1,190.1,,
2019-09-16T14:15:00Z,,,,,,,,,,,,,198.2,190.2,,,,,,,,,,
2019-09-16T15:45:00Z,,,,,,,,,,,,,,,,,,,,,198.0,190.0,,
2019-09-17T09:00:00Z,,,,,,,,,213.7,206.2,,,,,,,,,,,,,,
2019-09-17T10:15:00Z,198.9,190.9,,,,,,,,,,,,,,,,,,,,,,
2019-09-17T11:30:00Z,,,,,194.9,186.9,,,,,,,,,,,,,,,,,,
2019-09-17T11:45:00Z,,,,,,,,,,,,,,,,,,,,,198.0,190.0,,
2019-09-17T12:00:00Z,,,,,,,,,,,,,,,,,,,,,198.0,190.0,,
2019-09-17T15:15:00Z,,,,,,,,,,,,,200.7,193.7,,,,,,,,,,
2019-09-17T15:30:00Z,,,,,,,,,,,,,,,,,233.4,225.9,,,,,,
2019-09-17T16:15:00Z,,,,,,,,,,,,,,,,,,,,,197.9,189.9,,
2019-09-17T17:00:00Z,,,,,,,,,,,,,198.1,190.1,,,,,,,,,,
2019-09-18T15:15:00Z,,,,,,,,,,,,,,,,,,,,,197.9,189.9,,
2019-09-18T17:15:00Z,,,,,,,,,,,,,198.1,190.1,,,,,,,,,,
2019-09-19T13:15:00Z,,,,,,,,,,,,,,,,,,,,,197.9,189.9,,
2019-09-19T13:30:00Z,,,,,,,,,,,,,,,,,,,,,197.9,189.9,,
2019-09-19T15:00:00Z,197.9,189.9,,,,,,,,,,,,,,,,,,,,,,
2019-09-19T15:45:00Z,,,,,,,,,,,,,,,,,,,,,197.8,189.8,,
2019-09-19T16:30:00Z,,,,,,,,,,,,,198.1,190.1,,,,,,,,,,
2019-09-20T09:15:00Z,198.9,190.9,,,,,,,,,,,,,,,,,,,,,,
2019-09-20T10:00:00Z,,,,,,,,,,,,,,,,,,,,,197.8,189.8,,
2019-09-20T12:30:00Z,,,,,,,,,,,,,198.9,190.9,,,,,,,,,,
2019-09-20T13:30:00Z,,,,,,,,,,,,,,,,,,,,,197.9,189.9,,
2019-09-23T09:45:00Z,200.9,192.9,,,,,,,,,,,,,,,,,,,,,,
2019-09-23T16:45:00Z,198.9,190.9,,,,,,,,,,,,,,,,,,,,,,
2019-09-24T09:30:00Z,,,,,,,,,,,,,,,,,,,,,198.8,190.8,,
2019-09-25T10:00:00Z,200.9,192.9,,,,,,,,,,,,,,,,,,,,,,
2019-09-25T10:30:00Z,,,,,,,,,,,,,,,,,,,,,199.8,191.8,,
2019-09-25T15:00:00Z,,,,,,,,,,,,,199.9,191.9,,,,,,,,,,
2019-09-26T09:45:00Z,,,,,,,,,,,,,200.9,192.9,,,,,,,,,,
2019-09-26T11:00:00Z,,,,,,,,,,,,,,,,,,,,,200.8,192.8,,
2019-09-27T10:45:00Z,,,,,,,,,,,,,,,,,,,,,200.8,192.8,,
2019-10-01T09:00:00Z,,,,,,,,,213.7,206.2,,,,,,,,,,,,,,
2019-10-02T18:30:00Z,200.9,192.9,,,196.9,188.9,,,,,,,200.9,192.9,,,,,,,,,,
2019-10-07T10:30:00Z,200.9,194.9,,,,,,,,,,,,,,,,,,,,,,
2019-10-07T13:15:00Z,,,,,,,,,,,,,,,,,,,,,202.8,194.8,,
2019-10-07T14:45:00Z,,,,,,,,,,,,,,,,,,,,,200.8,194.8,,
2019-10-07T17:30:00Z,,,,,,,,,,,,,200.9,194.9,,,,,,,,,,
2019-10-13T16:00:00Z,,,,,196.9,190.9,,,,,,,,,,,,,,,,,,
2019-10-17T11:00:00Z,202.9,196.9,,,,,,,,,,,,,,,,,,,,,,
2019-10-17T14:00:00Z,,,,,,,,,,,,,202.9,196.9,,,,,,,,,,
2019-10-17T14:15:00Z,,,,,,,,,,,,,,,,,,,,,202.8,196.8,,
2019-10-22T15:15:00Z,,,,,,,,,,,,,202.9,196.9,,,,,,,,,,
2019-10-24T19:00:00Z,,,,,198.9,192.9,,,,,,,,,,,,,,,,,,
2019-10-24T23:30:00Z,,,,,,,,,213.7,206.2,,,,,,,,,,,,,,
2019-10-30T08:00:00Z,,,,,,,,,213.7,206.2,,,,,,,,,,,,,,
2019-11-05T16:30:00Z,202.9,196.9,,,,,,,,,,,,,,,,,,,,,,
2019-11-11T09:45:00Z,,,,,,,,,212.3,205.1,,,,,,,,,,,,,,
2019-11-11T13:45:00Z,,,,,,,,,,,,,,,,,232.0,224.8,,,,,,
2019-11-11T15:30:00Z,,,,,,,,,,,,,,,,,,,,,202.8,196.8,,
2019-11-11T15:45:00Z,,,,,,,,,,,,,,,,,,,,,202.8,196.8,,
2019-11-12T12:00:00Z,,,,,,,,,,,,,201.9,196.4,,,,,,,,,,
2019-11-12T12:15:00Z,,,,,,,,,,,,,202.9,196.9,,,,,,,,,,
2019-11-12T14:00:00Z,,,,,,,,,,,,,,,,,,,,,202.8,196.8,,
2019-11-13T15:15:00Z,204.9,198.9,,,,,,,,,,,,,,,,,,,,,,
2019-11-14T08:45:00Z,,,,,,,,,,,,,204.9,198.9,,,,,,,,,,
2019-11-14T09:30:00Z,,,,,,,,,,,,,,,,,,,,,204.8,198.8,,
2019-11-17T15:15:00Z,,,,,200.9,194.9,,,,,,,,,,,,,,,,,,
2019-11-28T11:30:00Z,,,,,,,,,,,,,,,,,,,,,204.8,198.8,,
2019-11-28T15:15:00Z,204.9,200.9,,,,,,,,,,,,,,,,,,,,,,
2019-11-28T16:00:00Z,,,,,,,,,,,,,,,,,,,,,204.8,198.8,,
2019-11-28T16:45:00Z,,,,,,,,,,,,,204.9,200.9,,,,,,,,,,
2019-11-28T17:15:00Z,,,,,,,,,,,,,,,,,232.0,226.8,,,,,,
2019-11-29T08:30:00Z,,,,,,,,,,,,,,,,,,,,,204.8,200.8,,
2019-11-29T10:00:00Z,,,,,,,,,,,,,,,,,,,,,204.8,200.8,,
2019-11-29T10:15:00Z,,,,,,,,,,,,,,,,,,,,,204.8,200.8,,
2019-11-29T14:45:00Z,,,,,,,,,,,,,204.9,200.9,,,,,,,,,,
2019-12-03T09:15:00Z,,,,,,,,,210.9,203.9,,,,,,,,,,,,,,
2019-12-03T13:30:00Z,,,,,,,,,,,,,,,,,,,,,204.8,200.8,,
2019-12-03T14:00:00Z,,,,,,,,,,,,,,,,,,,,,204.8,200.8,,
2019-12-03T16:45:00Z,,,,,,,,,,,,,,,,,230.6,223.6,,,,,,
2019-12-03T17:15:00Z,,,,,,,,,,,,,203.8,199.3,,,,,,,,,,
2019-12-03T18:15:00Z,,,,,,,,,,,,,,,,,,,,,203.7,199.2,,
2019-12-03T19:00:00Z,,,,,,,,,,,,,204.9,200.9,,,,,,,,,,
2019-12-03T21:00:00Z,207.0,203.0,,,,,,,,,,,,,,,,,,,,,,
2019-12-03T21:15:00Z,204.9,200.9,,,,,,,,,,,,,,,,,,,,,,
2019-12-04T08:45:00Z,,,,,,,,,,,,,,,,,,,,,204.8,200.8,,
2019-12-04T14:45:00Z,,,,,,,,,,,,,204.9,200.9,,,231.6,224.4,,,,,,
2019-12-06T07:45:00Z,,,,,200.9,196.9,,,,,,,,,,,,,,,,,,
2019-12-09T17:45:00Z,,,,,,,,,,,,,201.8,198.8,,,,,,,201.7,198.7,,
2019-12-09T19:45:00Z,201.8,198.8,,,,,,,,,,,,,,,,,,,,,,
2019-12-11T09:45:00Z,,,,,,,,,210.9,205.4,,,,,,,,,,,,,,
2019-12-11T16:30:00Z,,,,,,,,,,,,,201.8,200.3,,,231.6,225.9,,,,,,
2019-12-11T19:45:00Z,,,,,,,,,,,,,,,,,,,,,201.7,198.7,,
2019-12-12T16:00:00Z,201.8,200.3,,,,,,,,,,,,,,,,,,,,,,
2019-12-13T08:00:00Z,,,,,,,,,,,,,,,,,,,,,201.7,200.2,,
2019-12-16T16:15:00Z,,,,,,,,,212.4,207.4,,,,,,,,,,,,,,
2019-12-16T18:30:00Z,,,,,,,,,,,,,,,,,,,,,201.7,200.2,,
2019-12-16T18:45:00Z,,,,,,,,,,,,,,,,,,,,,201.7,200.2,,
2019-12-17T08:45:00Z,,,,,,,,,,,,,203.1,202.3,,,233.1,227.9,,,,,,
2019-12-17T10:15:00Z,203.1,202.3,,,,,,,,,,,,,,,,,,,,,,
2019-12-17T11:00:00Z,,,,,197.9,195.9,,,,,,,,,,,,,,,,,,
2019-12-17T12:30:00Z,,,,,,,,,,,,,,,,,,,,,203.0,202.2,,
2019-12-17T12:45:00Z,,,,,,,,,,,,,,,,,,,,,203.0,202.2,,
2019-12-17T14:00:00Z,,,,,,,,,,,,,,,,,,,,,203.0,202.2,,
2019-12-18T10:00:00Z,,,,,,,,,205.0,203.0,,,,,,,,,,,,,,
2019-12-19T10:00:00Z,,,,,,,,,,,,,203.1,202.3,,,,,,,,,,
2019-12-20T15:30:00Z,,,,,,,,,,,,,,,,,,,,,203.0,202.2,,
2019-12-23T12:00:00Z,201.9,200.3,,,,,,,,,,,,,,,,,,,,,,
2019-12-23T13:00:00Z,,,,,,,,,,,,,,,,,,,,,201.8,200.2,,
2019-12-24T09:45:00Z,,,,,,,,,,,,,201.9,200.3,,,,,,,,,,
2019-12-27T19:30:00Z,,,,,,,,,,,,,201.9,200.3,,,,,,,,,,
2019-12-30T09:00:00Z,,,,,,,,,205.0,203.0,,,,,,,,,,,,,,
2019-12-30T09:45:00Z,,,,,,,,,207.0,205.0,,,,,,,,,,,,,,
2019-12-30T10:45:00Z,,,,,,,,,,,,,,,,,,,,,201.8,200.2,,
2019-12-30T14:30:00Z,203.4,201.8,,,,,,,,,,,,,,,,,,,,,,
2019-12-30T15:15:00Z,,,,,,,,,,,,,,,,,234.6,229.4,,,,,,
2019-12-30T15:30:00Z,,,,,,,,,,,,,203.4,201.8,,,,,,,,,,
2019-12-30T16:15:00Z,,,,,,,,,,,,,,,,,,,,,203.3,201.7,,
2020-01-01T00:30:00Z,,,,,,,,,,,,,206.8,205.0,,,238.0,232.6,,,,,,
2020-01-01T10:00:00Z,,,,,,,,,207.0,207.0,,,,,,,,,,,,,,
2020-01-01T10:15:00Z,,,,,,,,,208.0,207.0,,,,,,,,,,,,,,
2020-01-02T08:15:00Z,,,,,,,,,,,,,,,,,,,,,206.7,204.9,,
2020-01-02T13:15:00Z,,,,,,,,,,,,,,,,,,,,,203.3,201.7,,
2020-01-03T09:15:00Z,,,,,,,,,,,,,,,,,,,,,203.3,201.7,,
2020-01-03T15:30:00Z,,,,,,,,,209.5,209.0,,,,,,,,,,,,,,
2020-01-03T16:00:00Z,,,,,,,,,210.0,209.0,,,,,,,,,,,,,,
2020-01-06T09:15:00Z,,,,,,,,,,,,,,,,,,,,,203.3,201.7,,
2020-01-06T15:30:00Z,,,,,198.9,196.9,,,,,,,,,,,,,,,,,,
2020-01-06T16:00:00Z,,,,,,,,,,,,,,,,,,,,,203.3,201.7,,
2020-01-09T09:15:00Z,,,,,,,,,210.0,209.0,,,,,,,,,,,,,,
2020-01-10T16:45:00Z,,,,,,,,,210.0,209.0,,,,,,,,,,,,,,
2020-01-11T15:45:00Z,,,,,,,,,211.7,206.9,,,,,,,,,,,,,,
2020-01-11T16:00:00Z,,,,,,,,,210.0,209.0,,,,,,,,,,,,,,
2020-01-13T08:30:00Z,,,,,,,,,210.0,208.0,,,,,,,,,,,,,,
2020-01-14T09:30:00Z,,,,,,,,,210.0,208.0,,,,,,,,,,,,,,
2020-01-14T10:00:00Z,,,,,,,,,210.0,206.0,,,,,,,,,,,,,,
2020-01-14T12:30:00Z,,,,,,,,,,,,,203.4,201.8,,,237.8,230.7,,,,,,
2020-01-14T16:15:00Z,,,,,,,,,,,,,,,,,,,,,203.3,201.7,,
2020-01-15T11:15:00Z,,,,,,,,,,,,,,,,,,,,,203.3,201.7,,
2020-01-15T13:30:00Z,,,,,,,,,,,,,,,,,,,,,203.3,201.7,,
2020-01-20T09:00:00Z,,,,,,,,,210.0,206.0,,,203.4,201.8,,,,,,,,,,
2020-01-20T09:15:00Z,,,,,,,,,209.0,205.0,,,,,,,,,,,,,,
2020-01-20T11:15:00Z,,,,,,,,,,,,,,,,,,,,,203.3,201.7,,
2020-01-20T11:30:00Z,,,,,,,,,,,,,,,,,,,,,203.3,201.7,,
2020-01-20T12:00:00Z,,,,,,,,,,,,,,,,,,,,,203.3,201.7,,
2020-01-20T13:00:00Z,,,,,,,,,,,,,,,,,,,,,203.3,201.7,,
2020-01-21T18:45:00Z,,,,,,,,,,,,,203.4,201.8,,,236.8,229.6,,,,,,
2020-01-22T09:30:00Z,,,,,,,,,,,,,,,,,,,,,203.3,201.7,,
2020-01-24T10:15:00Z,,,,,,,,,208.0,204.0,,,,,,,,,,,,,,
2020-01-24T12:00:00Z,,,,,,,,,,,,,,,,,,,,,203.3,201.7,,
2020-01-24T13:30:00Z,,,,,,,,,208.0,204.0,,,,,,,,,,,,,,
2020-01-25T11:00:00Z,,,,,,,,,,,,,,,,,,,,,203.3,201.7,,
2020-01-27T08:45:00Z,,,,,,,,,208.0,204.0,,,,,,,235.7,228.1,,,,,,
2020-01-27T09:30:00Z,,,,,,,,,206.0,203.0,,,,,,,,,,,,,,
2020-01-27T11:00:00Z,,,,,,,,,,,,,,,,,,,,,203.3,201.7,,
2020-01-27T11:15:00Z,,,,,,,,,,,,,,,,,,,,,203.3,201.7,,
2020-01-27T12:30:00Z,,,,,,,,,,,,,,,,,,,,,203.3,201.7,,
2020-01-27T13:00:00Z,,,,,,,,,,,,,203.4,201.8,,,233.9,226.7,,,,,,
2020-01-27T13:15:00Z,202.2,200.2,,,,,,,,,,,,,,,,,,,,,,
2020-01-27T15:30:00Z,,,,,,,,,,,,,,,,,,,,,203.3,201.7,,
2020-01-27T15:45:00Z,,,,,,,,,,,,,,,,,,,,,202.1,200.1,,
2020-01-28T10:00:00Z,,,,,,,,,206.0,203.0,,,,,,,,,,,,,,
2020-01-28T11:30:00Z,,,,,,,,,205.0,202.0,,,,,,,,,,,,,,
2020-01-28T12:15:00Z,,,,,,,,,,,,,,,,,,,,,202.1,200.1,,
2020-01-28T13:00:00Z,,,,,,,,,,,,,,,,,,,,,202.1,200.1,,
2020-01-28T13:30:00Z,202.2,200.2,,,,,,,,,,,202.2,200.2,,,232.9,225.7,,,,,,
2020-01-28T14:00:00Z,202.9,200.9,,,,,,,,,,,,,,,,,,,,,,
2020-01-28T14:15:00Z,,,,,,,,,,,,,,,,,,,,,202.1,200.1,,
2020-01-29T10:15:00Z,,,,,,,,,,,,,,,,,,,,,202.1,200.1,,
2020-01-29T16:00:00Z,,,,,,,,,205.0,202.0,,,,,,,,,,,,,,
2020-02-03T13:15:00Z,,,,,,,,,205.0,203.0,,,,,,,,,,,,,,
2020-02-03T14:00:00Z,,,,,,,,,205.0,201.0,,,,,,,,,,,,,,
2020-02-03T16:00:00Z,,,,,,,,,,,,,,,,,,,,,202.1,200.1,,
2020-02-03T16:15:00Z,,,,,,,,,,,,,,,,,,,,,202.1,200.1,,
2020-02-03T17:15:00Z,,,,,,,,,,,,,,,,,,,,,202.1,200.1,,
2020-02-04T09:00:00Z,,,,,,,,,204.0,200.0,,,,,,,,,,,,,,
2020-02-04T10:30:00Z,,,,,,,,,,,,,,,,,,,,,202.1,200.1,,
2020-02-04T10:45:00Z,,,,,,,,,,,,,,,,,,,,,202.1,199.9,,
2020-02-04T12:15:00Z,,,,,,,,,,,,,,,,,,,,,202.1,199.9,,
2020-02-04T12:30:00Z,,,,,,,,,,,,,,,,,,,,,202.1,199.9,,
2020-02-04T13:45:00Z,,,,,,,,,,,,,200.9,196.6,,,231.8,222.2,,,,,,
2020-02-04T14:00:00Z,,,,,,,,,,,,,202.2,199.9,,,,,,,,,,
2020-02-04T14:30:00Z,201.6,197.3,,,,,,,,,,,,,,,,,,,,,,
2020-02-04T14:45:00Z,202.9,200.9,,,,,,,,,,,,,,,,,,,,,,
2020-02-04T15:00:00Z,,,,,,,,,,,,,,,,,,,,,202.1,199.8,,
2020-02-04T15:15:00Z,,,,,,,,,,,,,,,,,,,,,202.1,199.8,,
2020-02-05T11:00:00Z,202.2,199.9,,,,,,,,,,,,,,,,,,,,,,
2020-02-05T17:45:00Z,,,,,197.9,195.9,,,,,,,,,,,,,,,,,,
2020-02-07T15:30:00Z,,,,,,,,,,,,,202.2,199.9,,,,,,,,,,
2020-02-21T09:30:00Z,,,,,,,,,206.0,201.0,,,,,,,,,,,,,,
2020-02-21T18:45:00Z,,,,,,,,,,,,,204.2,200.9,,,233.8,223.2,,,,,,
2020-02-22T08:45:00Z,204.2,200.9,,,,,,,,,,,,,,,,,,,,,,
2020-02-22T10:30:00Z,,,,,,,,,,,,,,,,,,,,,204.1,200.8,,
2020-02-22T10:45:00Z,,,,,,,,,,,,,,,,,,,,,204.1,200.8,,
2020-02-25T09:15:00Z,,,,,,,,,206.0,201.0,,,,,,,,,,,,,,
2020-02-25T11:00:00Z,,,,,,,,,,,,,,,,,,,,,204.1,200.8,,
2020-02-25T12:00:00Z,,,,,,,,,,,,,,,,,,,,,204.1,200.8,,
2020-02-25T15:15:00Z,204.2,200.9,,,,,,,,,,,,,,,,,,,,,,
2020-02-26T11:00:00Z,,,,,,,,,,,,,204.2,200.9,,,231.9,221.7,,,,,,
2020-02-27T09:45:00Z,,,,,,,,,,,,,,,,,,,,,204.1,200.8,,
2020-03-08T18:15:00Z,202.2,199.4,,,,,,,205.0,200.0,,,202.2,199.4,,,229.9,220.2,,,202.1,199.3,,
2020-03-09T08:15:00Z,,,,,,,,,,,,,,,,,,,,,202.1,199.3,,
2020-03-09T08:45:00Z,,,,,,,,,203.0,198.0,,,,,,,,,,,,,,
2020-03-09T09:00:00Z,,,,,,,,,,,,,,,,,,,,,202.1,197.9,,
2020-03-09T10:15:00Z,201.2,197.6,,,,,,,,,,,,,,,,,,,,,,
2020-03-09T11:00:00Z,,,,,,,,,,,,,,,,,,,,,201.1,197.5,,
2020-03-09T11:15:00Z,,,,,,,,,,,,,,,,,226.9,217.2,,,,,,
2020-03-09T11:30:00Z,,,,,,,,,,,,,201.2,197.6,,,,,,,,,,
2020-03-09T13:00:00Z,,,,,,,,,,,,,,,,,,,,,201.1,197.5,,
2020-03-11T09:15:00Z,,,,,,,,,,,,,,,,,,,,,201.1,197.5,,
2020-03-12T10:00:00Z,,,,,196.9,193.9,,,,,,,,,,,,,,,,,,
2020-03-13T10:15:00Z,,,,,,,,,201.0,197.0,,,,,,,,,,,,,,
2020-03-13T10:45:00Z,,,,,,,,,201.0,197.0,,,,,,,,,,,,,,
2020-03-13T11:45:00Z,,,,,,,,,,,,,198.2,195.6,,,223.9,215.2,,,,,,
2020-03-13T12:00:00Z,,,,,,,,,,,,,,,,,,,,,199.1,196.5,,
2020-03-13T12:15:00Z,,,,,,,,,,,,,,,,,,,,,199.1,196.5,,
2020-03-13T12:30:00Z,,,,,,,,,,,,,,,,,,,,,199.1,196.5,,
2020-03-13T12:45:00Z,,,,,,,,,,,,,,,,,,,,,199.1,196.5,,
2020-03-13T13:15:00Z,,,,,,,,,,,,,,,,,,,,,198.1,195.5,,
2020-03-13T15:45:00Z,198.2,195.6,,,,,,,,,,,,,,,,,,,,,,
2020-03-16T08:15:00Z,,,,,,,,,,,,,,,,,,,,,198.1,195.5,,
2020-03-16T09:30:00Z,,,,,,,,,199.0,197.0,,,197.7,195.6,,,,,,,,,,
2020-03-16T14:00:00Z,,,,,,,,,,,,,,,,,,,,,197.6,195.5,,
2020-03-17T09:00:00Z,,,,,,,,,,,,,197.7,195.6,,,221.9,215.2,,,,,,
2020-03-17T09:45:00Z,,,,,,,,,197.0,195.0,,,,,,,,,,,,,,
2020-03-17T10:00:00Z,197.7,195.6,,,,,,,,,,,,,,,,,,,,,,
2020-03-17T16:00:00Z,,,,,,,,,,,,,,,,,,,,,196.8,194.8,,
2020-03-17T18:30:00Z,196.9,194.9,,,,,,,,,,,,,,,,,,,,,,
2020-03-18T08:15:00Z,,,,,,,,,,,,,,,,,,,,,196.8,194.8,,
2020-03-18T11:00:00Z,,,,,,,,,,,,,196.9,194.9,,,219.9,213.2,,,,,,
2020-03-18T16:15:00Z,,,,,192.9,190.9,,,,,,,,,,,,,,,,,,
2020-03-19T09:45:00Z,,,,,,,,,,,,,,,,,,,,,196.8,194.8,,
2020-03-19T12:15:00Z,,,,,180.9,179.9,,,,,,,,,,,,,,,,,,
2020-03-20T17:15:00Z,195.9,194.4,,,,,,,,,,,,,,,,,,,,,,
2020-03-20T18:00:00Z,,,,,,,,,,,,,,,,,,,,,196.8,194.8,,
2020-03-20T18:15:00Z,,,,,,,,,,,,,,,,,,,,,195.8,194.3,,
2020-03-23T10:30:00Z,,,,,,,,,195.0,193.0,,,,,,,,,,,,,,
2020-03-23T10:45:00Z,,,,,,,,,195.0,194.0,,,,,,,,,,,,,,
2020-03-23T13:00:00Z,193.9,193.4,,,,,,,,,,,,,,,,,,,,,,
2020-03-23T14:30:00Z,,,,,,,,,,,,,,,,,,,,,193.8,193.3,,
2020-03-23T19:15:00Z,,,,,,,,,,,,,193.9,193.4,,,216.9,212.2,,,,,,
2020-03-30T16:45:00Z,188.9,188.4,,,,,,,,,,,,,,,,,,,,,,
2020-03-30T19:00:00Z,,,,,,,,,,,,,,,,,,,,,188.8,188.3,,
2020-03-31T09:15:00Z,,,,,,,,,192.0,192.0,,,,,,,,,,,,,,
2020-03-31T11:00:00Z,,,,,,,,,,,,,,,,,,,,,188.8,188.3,,
2020-03-31T12:15:00Z,,,,,,,,,,,,,188.9,188.4,,,213.9,210.2,,,,,,
2020-03-31T17:15:00Z,,,,,,,,,,,,,,,,,,,,,188.8,188.3,,
2020-04-02T09:00:00Z,,,,,,,,,,,,,,,,,,,,,188.8,188.3,,
2020-04-02T09:45:00Z,,,,,,,,,190.0,189.0,,,,,,,,,,,,,,
2020-04-08T17:15:00Z,188.9,186.4,,,,,,,,,,,,,,,,,,,,,,
2020-04-09T11:15:00Z,184.9,186.4,,,,,,,,,,,,,,,,,,,,,,
2020-04-09T11:30:00Z,186.9,186.4,,,,,,,,,,,,,,,,,,,,,,
2020-04-09T15:15:00Z,,,,,,,,,,,,,,,,,,,,,186.8,186.3,,
2020-04-10T16:15:00Z,,,,,,,,,,,,,,,,,,,,,186.8,186.3,,
2020-04-14T10:00:00Z,,,,,,,,,188.0,188.0,,,,,,,,,,,,,,
2020-04-14T10:15:00Z,,,,,,,,,189.0,188.0,,,,,,,,,,,,,,
2020-04-14T16:30:00Z,,,,,,,,,,,,,186.9,186.4,,,,,,,,,,
2020-04-14T16:45:00Z,,,,,,,,,,,,,,,,,211.9,209.2,,,,,,
2020-04-16T14:30:00Z,,,,,,,,,,,,,,,,,,,,,186.8,186.3,,
2020-04-20T13:30:00Z,184.9,184.4,,,,,,,,,,,,,,,,,,,,,,
2020-04-20T15:00:00Z,,,,,,,,,,,,,,,,,,,,,184.8,184.3,,
2020-04-21T08:15:00Z,,,,,,,,,,,,,,,,,,,,,184.8,184.3,,
2020-04-21T08:30:00Z,,,,,,,,,,,,,,,,,,,,,184.8,184.3,,
2020-04-21T10:00:00Z,,,,,,,,,187.0,186.0,,,,,,,,,,,,,,
2020-04-21T11:45:00Z,,,,,,,,,,,,,184.9,184.4,,,208.9,207.2,,,,,,
2020-04-21T13:00:00Z,,,,,,,,,,,,,,,,,,,,,184.8,184.3,,
2020-04-21T16:00:00Z,,,,,,,,,,,,,,,,,,,,,184.8,184.3,,
2020-04-22T09:15:00Z,,,,,,,,,185.0,184.0,,,,,,,,,,,,,,
2020-04-22T15:30:00Z,187.9,186.9,,,,,,,,,,,,,,,,,,,184.8,184.3,,
2020-04-22T15:45:00Z,184.9,184.4,,,,,,,,,,,,,,,,,,,,,,
2020-04-22T16:15:00Z,184.9,184.4,,,,,,,,,,,,,,,,,,,184.8,183.8,,
2020-04-22T17:00:00Z,,,,,,,,,,,,,,,,,,,,,184.8,183.8,,
2020-04-24T10:45:00Z,,,,,,,,,,,,,,,,,206.9,205.2,,,,,,
2020-04-24T11:00:00Z,,,,,,,,,,,,,184.9,183.9,,,,,,,,,,
2020-04-25T11:00:00Z,184.9,183.9,,,,,,,,,,,,,,,,,,,,,,
2020-04-28T09:30:00Z,,,,,,,,,184.0,182.0,,,,,,,,,,,,,,
2020-04-28T13:30:00Z,,,,,,,,,,,,,,,,,,,,,183.4,181.4,,
2020-04-28T15:00:00Z,183.5,181.4,,,,,,,,,,,,,,,,,,,,,,
2020-04-28T15:45:00Z,,,,,,,,,,,,,,,,,,,,,183.4,181.4,,
2020-04-28T16:00:00Z,,,,,,,,,,,,,183.5,181.4,,,205.9,203.2,,,,,,
2020-04-29T14:15:00Z,,,,,,,,,,,,,183.5,181.4,,,,,,,,,,
2020-04-29T16:45:00Z,,,,,178.9,176.9,,,,,,,,,,,,,,,,,,
2020-05-05T12:00:00Z,,,,,,,,,,,,,,,,,,,,,183.4,181.3,,
2020-05-27T12:30:00Z,,,,,,,,,186.0,182.0,,,,,,,,,,,183.4,181.3,,
2020-06-09T09:00:00Z,,,,,,,,,,,,,,,,,204.5,200.6,,,,,,
2020-06-09T11:45:00Z,,,,,,,,,,,,,,,,,,,,,183.4,181.3,,
2020-06-09T15:00:00Z,,,,,,,,,,,,,,,,,206.5,201.8,,,,,,
2020-06-09T15:15:00Z,,,,,,,,,,,,,185.3,182.6,,,,,,,,,,
2020-06-10T10:15:00Z,,,,,,,,,,,,,,,,,,,,,183.4,181.3,,
2020-06-10T12:00:00Z,183.5,181.3,,,,,,,,,,,,,,,,,,,,,,
2020-06-11T09:30:00Z,,,,,,,,,188.0,182.0,,,,,,,,,,,,,,
2020-06-11T12:15:00Z,,,,,,,,,,,,,183.5,181.3,,,204.5,200.6,,,,,,
2020-06-11T13:30:00Z,,,,,,,,,,,,,,,,,,,,,183.4,181.2,,
2020-06-11T14:15:00Z,,,,,,,,,,,,,183.5,181.3,,,,,,,,,,
2020-06-11T15:15:00Z,,,,,,,,,,,,,,,,,,,,,183.4,181.2,,
2020-06-12T11:15:00Z,,,,,,,,,186.0,180.0,,,,,,,,,,,,,,
2020-06-12T12:30:00Z,,,,,,,,,,,,,,,,,,,,,183.4,179.8,,
2020-06-14T18:15:00Z,,,,,,,,,186.0,182.0,,,,,,,,,,,,,,
2020-06-15T10:15:00Z,183.5,179.9,,,,,,,,,,,,,,,,,,,,,,
2020-06-18T08:45:00Z,,,,,,,,,186.0,182.0,,,,,,,,,,,,,,
2020-06-18T09:30:00Z,,,,,,,,,,,,,,,,,,,,,183.4,179.8,,
2020-06-18T13:45:00Z,,,,,,,,,,,,,183.5,179.9,,,206.5,200.6,,,,,,
2020-06-18T18:30:00Z,183.5,179.9,,,,,,,,,,,,,,,,,,,,,,
2020-06-19T08:15:00Z,,,,,,,,,,,,,,,,,,,,,183.4,179.8,,
2020-06-22T09:15:00Z,,,,,,,,,190.0,183.0,,,,,,,,,,,,,,
2020-06-22T10:30:00Z,,,,,,,,,,,,,,,,,208.5,201.6,,,,,,
2020-06-22T10:45:00Z,,,,,,,,,,,,,185.5,180.9,,,,,,,,,,
2020-06-23T08:15:00Z,185.5,180.9,,,,,,,188.0,182.0,,,,,,,,,,,183.4,179.8,,
2020-06-24T08:00:00Z,,,,,,,,,,,,,,,,,,,,,183.4,180.8,,
2020-06-24T09:15:00Z,,,,,,,,,188.0,182.0,,,,,,,,,,,,,,
2020-06-24T09:30:00Z,,,,,,,,,190.0,182.0,,,,,,,,,,,,,,
2020-06-24T09:45:00Z,,,,,,,,,188.0,183.0,,,,,,,,,,,,,,
2020-06-24T10:45:00Z,,,,,,,,,,,,,,,,,,,,,183.4,180.8,,
2020-06-24T16:00:00Z,,,,,,,,,,,,,185.5,180.9,,,210.5,202.6,,,,,,
2020-06-24T17:45:00Z,,,,,178.9,174.9,,,,,,,,,,,,,,,,,,
2020-06-25T13:30:00Z,183.5,182.3,,,,,,,,,,,,,,,,,,,183.4,180.8,,
2020-06-25T13:45:00Z,183.5,180.9,,,,,,,,,,,,,,,,,,,,,,
2020-07-03T17:45:00Z,,,,,178.9,175.9,,,183.0,181.0,,,183.5,180.9,,,,,,,,,,
2020-07-04T08:15:00Z,,,,,,,,,183.0,181.0,,,,,,,,,,,,,,
2020-07-05T11:00:00Z,,,,,,,,,,,,,,,,,,,,,182.8,180.8,,
2020-07-05T11:15:00Z,,,,,,,,,,,,,,,,,,,,,183.4,180.8,,
2020-07-05T11:30:00Z,,,,,,,,,,,,,,,,,,,,,182.8,180.8,,
2020-07-06T08:00:00Z,,,,,,,,,185.0,183.0,,,,,,,,,,,,,,
2020-07-06T09:15:00Z,,,,,,,,,187.0,184.0,,,,,,,,,,,,,,
2020-07-06T10:45:00Z,,,,,,,,,,,,,,,,,,,,,183.4,180.9,,
2020-07-06T12:45:00Z,185.5,181.9,,,,,,,,,,,,,,,,,,,,,,
2020-07-06T14:15:00Z,,,,,,,,,,,,,185.5,181.9,,,,,,,,,,
2020-07-06T14:30:00Z,,,,,,,,,,,,,,,,,212.5,203.6,,,,,,
2020-07-06T15:00:00Z,,,,,,,,,,,,,,,,,,,,,183.4,181.4,,
2020-07-07T10:15:00Z,183.5,181.5,,,,,,,,,,,,,,,,,,,,,,
2020-07-07T11:15:00Z,,,,,,,,,,,,,,,,,,,,,183.4,181.4,,
2020-07-08T09:00:00Z,,,,,,,,,,,,,185.5,181.5,,,,,,,,,,
2020-07-08T09:45:00Z,183.5,181.5,,,,,,,,,,,,,,,,,,,,,,
2020-07-09T09:15:00Z,,,,,,,,,187.0,184.0,,,,,,,,,,,,,,
2020-07-13T09:45:00Z,,,,,,,,,,,,,187.5,182.5,,,214.5,204.6,,,,,,
2020-07-14T10:15:00Z,185.5,182.9,,,,,,,,,,,,,,,,,,,,,,
2020-07-14T14:30:00Z,,,,,,,,,,,,,,,,,,,,,183.4,181.4,,
2020-07-16T09:00:00Z,,,,,179.9,177.9,,,,,,,,,,,,,,,,,,
2020-07-16T10:30:00Z,,,,,,,,,,,,,,,,,,,,,183.4,181.4,,
2020-07-16T11:15:00Z,,,,,,,,,,,,,,,,,,,,,183.4,181.4,,
2020-07-16T11:45:00Z,,,,,,,,,,,,,183.5,181.5,,,,,,,,,,
2020-07-16T13:45:00Z,,,,,,,,,,,,,185.5,181.5,,,,,,,,,,
2020-07-23T15:30:00Z,185.5,182.6,,,,,,,,,,,,,,,,,,,,,,
2020-07-23T16:30:00Z,185.5,181.5,,,,,,,,,,,,,,,,,,,,,,
2020-07-29T20:00:00Z,,,,,180.9,178.9,,,,,,,,,,,,,,,,,,
2020-07-30T11:45:00Z,,,,,,,,,,,,,,,,,,,,,185.4,181.4,,
2020-08-01T16:15:00Z,,,,,182.9,178.9,,,,,,,,,,,,,,,,,,
2020-08-04T08:45:00Z,187.5,181.5,,,,,,,,,,,,,,,,,,,,,,
2020-08-04T09:45:00Z,,,,,,,,,,,,,,,,,,,,,185.4,181.4,,
2020-08-07T08:15:00Z,,,,,,,,,187.0,183.0,,,,,,,,,,,,,,
2020-08-13T15:30:00Z,,,,,,,,,187.0,183.0,,,,,,,,,,,,,,
2020-08-17T13:30:00Z,,,,,,,,,,,,,,,,,,,,,185.4,181.4,,
2020-09-07T15:45:00Z,187.5,181.5,,,,,,,,,,,,,,,,,,,,,,
2020-09-08T11:15:00Z,185.5,181.5,,,,,,,,,,,,,,,,,,,,,,
2020-09-17T12:00:00Z,,,,,,,,,,,,,,,,,,,,,185.4,181.4,,
2020-09-21T11:00:00Z,185.5,181.5,,,,,,,,,,,,,,,,,,,,,,
2020-09-21T13:00:00Z,,,,,,,,,,,,,,,,,,,,,185.4,181.4,,
2020-09-21T13:45:00Z,,,,,,,,,,,,,185.5,181.5,,,,,,,,,,
2020-09-21T14:00:00Z,,,,,,,,,187.0,183.0,,,,,,,,,,,,,,
2020-09-24T14:45:00Z,,,,,,,,,,,,,185.5,181.5,,,,,,,,,,
2020-09-28T11:45:00Z,,,,,,,,,,,,,,,,,,,,,185.4,181.4,,
2020-10-01T21:00:00Z,,,,,,,,,187.0,183.0,,,,,,,,,,,,,,
2020-10-26T09:15:00Z,,,,,,,,,187.0,183.0,,,,,,,,,,,,,,
2020-10-30T09:45:00Z,,,,,,,,,186.0,182.0,,,,,,,,,,,,,,
2020-10-30T10:15:00Z,,,,,,,,,,,,,,,,,,,,,185.4,181.4,,
2020-10-30T12:30:00Z,185.5,181.5,,,,,,,,,,,,,,,,,,,,,,
2020-10-30T13:30:00Z,,,,,,,,,,,,,,,,,,,,,185.4,181.4,,
2020-11-02T15:00:00Z,,,,,,,,,,,,,185.5,181.5,,,212.5,202.6,,,,,,
2020-11-02T16:45:00Z,,,,,,,,,,,,,,,,,,,,,185.4,181.4,,
2020-11-02T17:15:00Z,,,,,,,,,,,,,,,,,,,,,185.4,181.4,,
2020-11-06T08:30:00Z,,,,,,,,,,,,,,,,,,,,,185.4,181.4,,
2020-11-24T11:30:00Z,,,,,,,,,186.0,182.0,,,,,,,,,,,,,,
2020-11-25T09:00:00Z,,,,,,,,,187.0,184.0,,,,,,,,,,,,,,
2020-11-25T11:00:00Z,,,,,,,,,,,,,186.5,183.5,,,,,,,,,,
2020-11-25T11:15:00Z,,,,,,,,,,,,,,,,,213.5,204.6,,,,,,
2020-11-25T11:30:00Z,186.5,183.5,,,,,,,,,,,,,,,,,,,,,,
2020-11-25T12:45:00Z,,,,,,,,,,,,,,,,,,,,,185.4,181.4,,
2020-11-25T13:00:00Z,,,,,,,,,,,,,,,,,,,,,186.4,183.4,,
2020-11-26T18:00:00Z,,,,,183.9,180.9,,,,,,,,,,,,,,,,,,
2020-11-27T09:15:00Z,,,,,,,,,,,,,,,,,,,,,186.4,183.4,,
2020-11-27T14:00:00Z,186.5,183.5,,,,,,,,,,,,,,,,,,,,,,
2020-11-27T15:15:00Z,,,,,,,,,,,,,,,,,,,,,186.4,183.4,,
2020-11-30T13:45:00Z,,,,,,,,,,,,,,,,,,,,,186.4,183.4,,
2020-12-11T18:00:00Z,,,,,,,,,188.0,186.0,,,187.5,185.5,,,214.5,206.6,,,186.4,183.4,,
2020-12-14T18:38:00Z,,,,,,,,,,,,,,,,,,,,,186.4,183.4,,
2020-12-23T14:48:00Z,187.5,185.5,,,,,,,190.0,189.0,,,189.5,188.5,,,221.9,212.2,,,187.4,185.4,,
2020-12-30T17:30:00Z,189.5,188.5,,,,,,,,,,,,,,,,,,,189.4,188.4,,
2021-01-01T13:30:00Z,,,,,,,,,,,,,192.1,190.9,,,224.5,214.6,,,,,,
2021-01-04T11:45:00Z,,,,,,,,,,,,,,,,,,,,,189.4,187.8,,
2021-01-04T12:00:00Z,,,,,,,,,,,,,,,,,,,,,189.4,187.8,,
2021-01-04T12:15:00Z,,,,,,,,,,,,,,,,,,,,,189.4,188.4,,
2021-01-04T13:00:00Z,,,,,,,,,192.0,191.0,,,,,,,,,,,,,,
2021-01-04T14:15:00Z,,,,,,,,,,,,,,,,,,,,,189.4,188.4,,
2021-01-04T16:30:00Z,,,,,,,,,,,,,189.5,188.5,,,219.4,212.8,,,,,,
2021-01-05T17:15:00Z,,,,,185.9,182.9,,,,,,,,,,,,,,,,,,
2021-01-06T11:30:00Z,,,,,,,,,192.0,191.0,,,,,,,,,,,,,,
2021-01-07T09:45:00Z,,,,,,,,,193.0,191.0,,,,,,,,,,,,,,
2021-01-07T14:15:00Z,191.5,190.5,,,,,,,,,,,,,,,,,,,,,,
2021-01-07T15:30:00Z,,,,,,,,,,,,,,,,,,,,,189.4,188.4,,
2021-01-07T17:30:00Z,,,,,186.9,184.9,,,,,,,,,,,,,,,,,,
2021-01-08T09:00:00Z,,,,,,,,,,,,,,,,,219.4,212.8,,,,,,
2021-01-11T10:45:00Z,,,,,,,,,194.0,191.0,,,,,,,,,,,,,,
2021-01-11T12:15:00Z,,,,,,,,,,,,,,,,,,,,,189.4,188.4,,
2021-01-11T16:15:00Z,,,,,,,,,,,,,189.5,188.5,,,220.4,212.8,,,,,,
2021-01-13T11:00:00Z,,,,,,,,,194.0,191.0,,,,,,,,,,,,,,
2021-01-13T15:00:00Z,,,,,,,,,,,,,193.4,191.9,,,222.3,214.2,,,,,,
2021-01-13T16:00:00Z,,,,,,,,,,,,,,,,,,,,,189.4,188.4,,
2021-01-13T16:15:00Z,,,,,,,,,,,,,,,,,,,,,191.4,190.4,,
2021-01-13T17:15:00Z,,,,,,,,,,,,,,,,,,,,,191.4,190.4,,
2021-01-14T10:45:00Z,193.4,191.9,,,,,,,,,,,,,,,,,,,,,,
2021-01-14T11:45:00Z,,,,,,,,,,,,,,,,,,,,,193.3,190.8,,
2021-01-14T12:00:00Z,,,,,,,,,,,,,,,,,,,,,193.3,190.8,,
2021-01-15T12:00:00Z,,,,,,,,,,,,,,,,,,,,,193.3,190.9,,
2021-01-20T09:45:00Z,,,,,,,,,196.0,192.0,,,,,,,,,,,,,,
2021-01-20T12:30:00Z,,,,,,,,,,,,,,,,,,,,,193.3,190.9,,
2021-01-20T13:15:00Z,,,,,189.9,187.9,,,,,,,,,,,,,,,,,,
2021-01-20T13:45:00Z,,,,,,,,,,,,,193.4,191.9,,,222.3,214.2,,,,,,
2021-01-20T14:00:00Z,,,,,,,,,,,,,,,,,224.3,215.2,,,,,,
2021-01-21T09:15:00Z,,,,,,,,,,,,,,,,,,,,,193.3,191.8,,
2021-01-21T09:30:00Z,,,,,,,,,,,,,,,,,,,,,193.3,191.8,,
2021-01-26T14:45:00Z,197.4,192.9,,,,,,,,,,,,,,,,,,,,,,
2021-02-02T00:30:00Z,193.4,191.9,,,,,,,,,,,,,,,,,,,193.3,191.8,,
2021-02-04T09:00:00Z,,,,,,,,,196.0,193.0,,,,,,,,,,,,,,
2021-02-04T10:30:00Z,,,,,,,,,,,,,,,,,,,,,193.3,191.8,,
2021-02-04T13:00:00Z,,,,,,,,,,,,,193.4,191.9,,,226.3,216.2,,,,,,
2021-02-04T14:45:00Z,198.4,193.9,,,,,,,,,,,,,,,,,,,,,,
2021-02-04T17:00:00Z,,,,,,,,,,,,,,,,,,,,,193.3,191.8,,
2021-02-05T14:00:00Z,193.4,191.9,,,,,,,,,,,,,,,,,,,,,,
2021-02-05T15:45:00Z,193.4,191.9,,,,,,,,,,,,,,,,,,,,,,
2021-02-05T17:15:00Z,,,,,,,,,,,,,,,,,,,,,193.3,191.8,,
2021-02-09T11:30:00Z,195.4,193.9,,,,,,,,,,,,,,,,,,,,,,
2021-02-09T12:15:00Z,,,,,,,,,,,,,,,,,,,,,195.4,193.8,,
2021-02-09T12:30:00Z,,,,,,,,,,,,,,,,,,,,,195.4,193.8,,
2021-02-09T15:15:00Z,,,,,,,,,,,,,195.4,193.9,,,228.3,218.2,,,,,,
2021-02-10T08:15:00Z,197.4,195.9,,,,,,,,,,,,,,,,,,,,,,
2021-02-10T09:15:00Z,,,,,,,,,,,,,,,,,,,,,195.4,193.8,,
2021-02-10T11:45:00Z,,,,,,,,,,,,,,,,,,,,,195.3,192.9,,
2021-02-11T10:15:00Z,,,,,,,,,195.9,193.9,,,,,,,,,,,,,,
2021-02-11T15:45:00Z,,,,,,,,,,,,,,,,,,,,,195.3,192.9,,
2021-02-11T16:30:00Z,,,,,,,,,,,,,,,,,,,,,195.3,193.8,,
2021-02-11T17:30:00Z,,,,,190.9,188.9,,,,,,,,,,,,,,,,,,
2021-02-13T17:30:00Z,,,,,191.9,190.9,,,,,,,,,,,,,,,,,,
2021-02-17T08:45:00Z,,,,,,,,,197.9,196.3,,,,,,,,,,,,,,
2021-02-17T12:00:00Z,,,,,,,,,,,,,197.4,195.9,,,228.3,218.2,,,,,,
2021-02-17T12:15:00Z,,,,,,,,,,,,,,,,,229.9,220.2,,,,,,
2021-02-17T16:00:00Z,,,,,,,,,,,,,,,,,,,,,195.3,193.8,,
2021-02-17T16:15:00Z,,,,,,,,,,,,,,,,,,,,,197.3,195.8,,
2021-02-18T09:30:00Z,199.4,197.9,,,,,,,,,,,,,,,,,,,,,,
2021-02-18T10:45:00Z,,,,,,,,,,,,,,,,,,,,,197.3,195.8,,
2021-02-18T13:00:00Z,,,,,,,,,,,,,,,,,,,,,199.3,197.8,,
2021-02-18T14:00:00Z,,,,,,,,,,,,,199.4,197.9,,,,,,,,,,
2021-02-18T15:00:00Z,,,,,,,,,,,,,,,,,,,,,199.3,197.8,,
2021-02-18T17:30:00Z,,,,,,,,,,,,,,,,,,,,,197.7,196.1,,
2021-02-19T09:15:00Z,,,,,,,,,199.3,197.7,,,,,,,,,,,,,,
2021-02-19T09:45:00Z,,,,,,,,,,,,,,,,,,,,,199.1,197.5,,
2021-02-19T13:01:00Z,,,,,193.9,192.9,,,,,,,,,,,,,,,,,,
2021-02-20T13:45:00Z,,,,,,,,,,,,,199.2,197.6,,,231.3,221.6,,,,,,
2021-02-22T08:15:00Z,,,,,,,,,,,,,,,,,,,,,199.1,197.5,,
2021-02-23T08:45:00Z,,,,,,,,,200.9,198.9,,,,,,,,,,,,,,
2021-02-23T09:00:00Z,201.4,197.9,,,,,,,,,,,,,,,,,,,,,,
2021-02-23T12:30:00Z,,,,,195.9,194.9,,,,,,,,,,,,,,,,,,
2021-02-24T16:15:00Z,,,,,,,,,,,,,,,,,,,,,199.1,197.5,,
2021-02-25T08:15:00Z,,,,,,,,,,,,,201.4,197.9,,,232.3,221.6,,,,,,
2021-02-25T08:45:00Z,,,,,,,,,202.9,199.9,,,,,,,,,,,,,,
2021-02-25T09:45:00Z,,,,,,,,,,,,,,,,,,,,,199.1,197.5,,
2021-02-25T10:00:00Z,,,,,,,,,,,,,,,,,,,,,199.1,197.5,,
2021-02-25T10:30:00Z,,,,,,,,,,,,,,,,,,,,,201.3,197.8,,
2021-02-25T14:15:00Z,202.5,199.4,,,,,,,,,,,,,,,,,,,,,,
2021-02-25T15:15:00Z,,,,,,,,,,,,,,,,,,,,,201.3,197.8,,
2021-02-26T11:45:00Z,,,,,,,,,,,,,,,,,234.3,223.2,,,,,,
2021-02-26T12:15:00Z,,,,,,,,,,,,,203.4,199.4,,,234.3,223.2,,,,,,
2021-02-26T12:45:00Z,,,,,,,,,,,,,,,,,,,,,202.4,199.3,,
2021-02-26T13:00:00Z,,,,,197.9,194.9,,,,,,,,,,,,,,,,,,
2021-02-26T15:00:00Z,204.5,200.9,,,,,,,,,,,,,,,,,,,,,,
2021-02-26T16:30:00Z,,,,,,,,,,,,,,,,,,,,,202.4,199.3,,
2021-02-26T16:45:00Z,,,,,,,,,,,,,,,,,,,,,202.7,199.3,,
2021-03-01T10:45:00Z,,,,,,,,,203.9,199.9,,,,,,,,,,,,,,
2021-03-01T11:30:00Z,,,,,,,,,,,,,,,,,,,,,203.3,199.3,,
2021-03-03T12:00:00Z,,,,,199.9,195.9,,,,,,,,,,,,,,,,,,
2021-03-05T09:15:00Z,,,,,,,,,204.9,199.9,,,,,,,,,,,,,,
2021-03-08T09:30:00Z,,,,,,,,,206.9,200.9,,,,,,,,,,,,,,
2021-03-08T09:45:00Z,,,,,,,,,,,,,,,,,,,,,203.3,199.3,,
2021-03-08T10:15:00Z,,,,,,,,,,,,,,,,,,,,,203.3,199.3,,
2021-03-08T11:00:00Z,205.5,201.9,,,,,,,,,,,,,,,,,,,,,,
2021-03-08T15:45:00Z,,,,,,,,,,,,,,,,,,,,,203.3,199.3,,
2021-03-08T16:00:00Z,,,,,,,,,,,,,205.4,200.5,,,237.3,224.2,,,,,,
2021-03-08T16:45:00Z,,,,,,,,,,,,,,,,,,,,,203.3,199.3,,
2021-03-08T17:15:00Z,,,,,,,,,,,,,,,,,,,,,203.3,199.3,,
2021-03-08T17:45:00Z,,,,,,,,,,,,,,,,,,,,,203.3,199.3,,
2021-03-09T14:15:00Z,,,,,,,,,,,,,,,,,,,,,205.3,200.4,,
2021-03-11T11:00:00Z,,,,,,,,,,,,,,,,,,,,,205.3,200.4,,
2021-03-11T17:15:00Z,208.5,203.9,,,,,,,,,,,,,,,,,,,,,,
2021-03-11T18:00:00Z,,,,,201.9,197.9,,,,,,,,,,,,,,,,,,
2021-03-12T10:00:00Z,,,,,,,,,,,,,,,,,,,,,205.3,200.4,,
2021-03-12T10:15:00Z,,,,,,,,,,,,,205.4,200.5,,,237.3,226.2,,,,,,
2021-03-12T11:30:00Z,,,,,,,,,,,,,,,,,,,,,205.3,200.4,,
2021-03-12T11:45:00Z,,,,,,,,,,,,,,,,,,,,,205.3,200.4,,
2021-03-15T10:30:00Z,,,,,,,,,207.9,201.9,,,,,,,,,,,,,,
2021-03-15T12:15:00Z,,,,,,,,,,,,,207.5,201.5,,,,,,,,,,
2021-03-17T10:45:00Z,208.5,203.9,,,,,,,,,,,,,,,,,,,,,,
2021-03-18T10:30:00Z,,,,,,,,,206.9,201.9,,,,,,,,,,,,,,
2021-03-19T12:45:00Z,,,,,,,,,,,,,205.4,200.4,,,237.3,225.2,,,,,,
2021-03-19T13:15:00Z,,,,,,,,,,,,,,,,,,,,,205.3,200.3,,
2021-03-19T15:00:00Z,,,,,,,,,,,,,,,,,,,,,205.3,200.3,,
2021-03-22T08:45:00Z,,,,,,,,,206.9,199.9,,,,,,,,,,,,,,
2021-03-22T10:30:00Z,,,,,,,,,,,,,,,,,,,,,205.3,199.7,,
2021-03-22T11:15:00Z,206.5,201.9,,,,,,,,,,,,,,,,,,,,,,
2021-03-22T11:30:00Z,206.5,201.9,,,,,,,,,,,,,,,,,,,,,,
2021-03-22T11:45:00Z,,,,,,,,,,,,,,,,,236.3,223.2,,,,,,
2021-03-22T12:00:00Z,,,,,,,,,,,,,205.4,199.8,,,,,,,,,,
2021-03-22T15:45:00Z,,,,,,,,,,,,,,,,,,,,,205.3,199.7,,
2021-03-23T08:15:00Z,,,,,,,,,,,,,,,,,,,,,205.3,199.7,,
2021-03-23T10:00:00Z,,,,,,,,,,,,,,,,,,,,,205.3,199.7,,
2021-03-23T16:45:00Z,205.4,199.8,,,,,,,,,,,,,,,,,,,,,,
2021-03-23T17:15:00Z,205.4,199.8,,,,,,,,,,,,,,,,,,,,,,
2021-03-24T09:00:00Z,,,,,,,,,205.9,199.9,,,,,,,,,,,,,,
2021-03-24T09:30:00Z,,,,,,,,,,,,,,,,,,,,,205.3,199.7,,
2021-03-24T09:45:00Z,,,,,,,,,,,,,,,,,,,,,205.3,199.7,,
2021-03-24T10:45:00Z,,,,,,,,,,,,,205.4,199.8,,,236.3,222.2,,,,,,
2021-03-24T13:00:00Z,205.4,199.8,,,,,,,,,,,,,,,,,,,,,,
2021-03-24T13:45:00Z,,,,,,,,,,,,,,,,,,,,,205.3,199.7,,
2021-03-24T14:00:00Z,,,,,,,,,,,,,,,,,236.3,222.2,,,,,,
2021-03-24T16:00:00Z,,,,,,,,,,,,,,,,,,,,,205.3,199.7,,
2021-03-24T16:15:00Z,,,,,,,,,,,,,,,,,,,,,205.3,199.7,,
2021-03-25T18:45:00Z,,,,,201.9,196.9,,,,,,,,,,,,,,,,,,
2021-04-06T11:00:00Z,,,,,,,,,,,,,,,,,236.3,222.2,,,,,,
2021-04-08T00:45:00Z,,,,,,,,,,,,,205.4,199.8,,,236.3,222.2,,,,,,
2021-04-16T09:00:00Z,,,,,,,,,206.9,199.9,,,,,,,,,,,,,,
2021-04-19T11:45:00Z,207.4,199.8,,,,,,,,,,,,,,,,,,,,,,
2021-04-20T10:00:00Z,,,,,,,,,,,,,205.4,199.8,,,,,,,,,,
2021-04-20T10:15:00Z,,,,,,,,,,,,,,,,,237.3,224.2,,,,,,
2021-04-20T12:00:00Z,,,,,,,,,,,,,,,,,,,,,205.3,199.7,,
2021-04-20T12:15:00Z,,,,,,,,,,,,,,,,,,,,,205.3,199.7,,
2021-04-24T21:15:00Z,205.4,199.8,,,,,,,,,,,205.4,199.8,,,,,,,205.3,199.7,,
2021-04-26T09:45:00Z,,,,,,,,,,,,,,,,,,,,,205.3,199.7,,
2021-04-26T12:00:00Z,,,,,,,,,,,,,205.4,199.8,,,237.3,222.2,,,,,,
2021-04-26T14:00:00Z,,,,,,,,,,,,,,,,,,,,,205.3,199.7,,
2021-04-29T23:00:00Z,,,,,,,,,,,,,,,,,237.3,222.2,,,,,,
2021-05-03T11:15:00Z,206.4,199.8,,,,,,,,,,,,,,,,,,,,,,
2021-05-03T12:30:00Z,,,,,,,,,,,,,,,,,,,,,205.3,199.7,,
2021-05-05T09:15:00Z,,,,,,,,,206.9,200.9,,,,,,,,,,,,,,
2021-05-05T11:00:00Z,205.4,199.8,,,,,,,,,,,,,,,,,,,,,,
2021-05-05T12:00:00Z,,,,,,,,,,,,,,,,,,,,,205.3,199.7,,
2021-05-10T10:45:00Z,206.4,199.8,,,,,,,,,,,,,,,,,,,,,,
2021-05-10T11:45:00Z,,,,,,,,,,,,,,,,,,,,,205.3,199.7,,
2021-05-12T09:15:00Z,206.4,199.8,,,,,,,,,,,,,,,,,,,,,,
2021-05-12T11:15:00Z,205.4,199.8,,,,,,,,,,,,,,,,,,,,,,
2021-05-18T11:15:00Z,,,,,,,,,206.9,200.9,,,,,,,,,,,,,,
2021-06-04T17:30:00Z,207.4,200.8,,,,,,,206.9,200.9,,,205.4,199.8,,,237.3,225.2,,,,,,
2021-06-07T13:00:00Z,,,,,,,,,,,,,,,,,237.3,222.2,,,,,,
2021-06-07T13:15:00Z,,,,,,,,,,,,,205.4,199.8,,,,,,,,,,
2021-06-08T10:30:00Z,,,,,,,,,,,,,,,,,,,,,205.3,199.7,,
2021-06-08T15:00:00Z,,,,,,,,,,,,,,,,,,,,,205.3,199.7,,
2021-06-11T16:30:00Z,207.4,200.8,,,,,,,,,,,,,,,,,,,,,,
2021-06-13T12:30:00Z,,,,,,,,,,,,,,,,,,,,,204.3,200.7,,
2021-06-14T09:15:00Z,,,,,,,,,,,,,,,,,,,,,204.3,199.7,,
2021-06-14T10:15:00Z,,,,,,,,,,,,,,,,,,,,,205.3,199.7,,
2021-06-14T11:30:00Z,,,,,,,,,,,,,,,,,,,,,204.3,199.7,,
2021-06-14T12:00:00Z,,,,,,,,,,,,,,,,,,,,,204.3,199.7,,
2021-06-14T13:30:00Z,,,,,,,,,,,,,,,,,,,,,205.3,199.7,,
2021-06-14T15:15:00Z,,,,,,,,,,,,,205.4,199.8,,,,,,,,,,
2021-06-14T15:30:00Z,,,,,,,,,,,,,,,,,237.3,223.2,,,,,,
2021-06-15T09:00:00Z,,,,,,,,,207.9,201.9,,,,,,,,,,,,,,
2021-06-15T11:15:00Z,,,,,,,,,,,,,207.4,200.8,,,238.3,224.7,,,,,,
2021-06-15T16:00:00Z,,,,,,,,,,,,,,,,,,,,,205.3,199.7,,
2021-06-15T16:45:00Z,,,,,,,,,,,,,,,,,,,,,207.3,200.7,,
2021-06-16T09:00:00Z,,,,,,,,,,,,,,,,,,,,,205.4,200.4,,
2021-06-16T11:00:00Z,209.4,202.8,,,,,,,,,,,,,,,,,,,,,,
2021-06-16T13:00:00Z,,,,,,,,,,,,,,,,,,,,,205.4,200.4,,
2021-06-18T08:15:00Z,,,,,,,,,,,,,,,,,,,,,207.3,200.7,,
2021-06-21T09:45:00Z,,,,,,,,,209.9,202.9,,,,,,,,,,,,,,
2021-06-21T12:00:00Z,,,,,,,,,,,,,209.4,202.8,,,240.3,225.7,,,,,,
2021-06-21T12:15:00Z,,,,,,,,,,,,,,,,,,,,,207.3,200.7,,
2021-06-21T13:30:00Z,,,,,,,,,,,,,,,,,,,,,207.3,200.7,,
2021-06-21T15:30:00Z,,,,,,,,,,,,,,,,,,,,,207.3,200.7,,
2021-06-21T15:45:00Z,,,,,,,,,,,,,,,,,,,,,209.3,202.7,,
2021-06-22T14:30:00Z,211.4,204.8,,,,,,,,,,,,,,,,,,,,,,
2021-06-22T15:15:00Z,,,,,,,,,,,,,,,,,,,,,209.3,202.7,,
2021-06-22T21:00:00Z,,,,,206.9,199.9,,,,,,,,,,,,,,,,,,
2021-06-23T09:30:00Z,,,,,,,,,211.9,204.9,,,,,,,,,,,,,,
2021-06-23T13:30:00Z,,,,,,,,,,,,,211.4,204.8,,,242.3,227.7,,,,,,
2021-06-23T15:45:00Z,,,,,,,,,,,,,,,,,,,,,209.3,202.7,,
2021-06-23T16:00:00Z,,,,,,,,,,,,,,,,,,,,,209.3,202.7,,
2021-06-24T16:00:00Z,,,,,,,,,,,,,,,,,,,,,211.3,204.7,,
2021-06-25T12:45:00Z,,,,,,,,,211.9,204.9,,,,,,,,,,,,,,
2021-06-28T10:15:00Z,,,,,208.9,201.9,,,213.9,205.9,,,,,,,,,,,,,,
2021-06-28T11:45:00Z,,,,,,,,,,,,,,,,,,,,,211.3,204.7,,
2021-06-28T12:00:00Z,,,,,,,,,,,,,,,,,,,,,211.3,204.7,,
2021-06-28T15:15:00Z,,,,,,,,,,,,,213.4,205.8,,,244.3,229.7,,,,,,
2021-06-28T15:30:00Z,213.4,206.8,,,,,,,,,,,,,,,,,,,,,,
2021-06-28T16:15:00Z,,,,,,,,,,,,,,,,,,,,,211.3,204.7,,
2021-06-28T22:15:00Z,213.4,205.8,,,,,,,,,,,,,,,,,,,,,,
2021-06-29T08:15:00Z,,,,,,,,,,,,,,,,,,,,,211.3,204.7,,
2021-06-29T15:45:00Z,,,,,,,,,,,,,213.4,205.8,,,,,,,,,,
2021-06-30T10:30:00Z,213.4,205.8,,,,,,,,,,,,,,,,,,,,,,
2021-06-30T11:30:00Z,,,,,,,,,,,,,,,,,,,,,213.3,205.7,,
2021-06-30T14:30:00Z,216.4,207.8,,,,,,,,,,,,,,,,,,,,,,
2021-06-30T16:00:00Z,216.4,207.8,,,,,,,,,,,,,,,,,,,,,,
2021-07-01T12:30:00Z,,,,,,,,,,,,,,,,,244.3,228.7,,,,,,
2021-07-01T15:00:00Z,,,,,210.9,202.9,,,,,,,,,,,,,,,,,,
2021-07-05T09:30:00Z,,,,,,,,,215.9,206.9,,,,,,,,,,,,,,
2021-07-06T11:45:00Z,216.4,207.8,,,,,,,,,,,,,,,,,,,,,,
2021-07-06T13:30:00Z,,,,,,,,,215.9,206.9,,,,,,,,,,,,,,
2021-07-06T16:30:00Z,,,,,,,,,,,,,,,,,246.3,229.7,,,,,,
2021-07-07T14:00:00Z,,,,,,,,,,,,,,,,,,,,,213.3,205.7,,
2021-07-17T17:45:00Z,216.4,207.8,,,,,,,215.9,206.9,,,213.4,205.8,,,246.3,229.7,,,,,,
2021-07-20T08:45:00Z,,,,,,,,,215.9,206.9,,,,,,,,,,,,,,
2021-07-20T10:00:00Z,,,,,,,,,,,,,,,,,,,,,213.3,205.7,,
2021-07-21T10:00:00Z,,,,,,,,,,,,,,,,,245.3,228.7,,,,,,
2021-07-27T08:45:00Z,,,,,,,,,216.9,206.9,,,,,,,,,,,,,,
2021-07-27T12:30:00Z,,,,,,,,,,,,,215.4,206.8,,,247.3,230.7,,,,,,
2021-07-27T13:45:00Z,,,,,,,,,,,,,,,,,,,,,213.3,205.7,,
2021-07-27T14:00:00Z,,,,,,,,,,,,,,,,,,,,,213.3,205.7,,
2021-07-27T14:15:00Z,,,,,,,,,,,,,,,,,,,,,215.3,206.7,,
2021-07-29T21:45:00Z,,,,,212.9,203.9,,,,,,,,,,,,,,,,,,
2021-07-30T09:30:00Z,,,,,,,,,217.9,206.9,,,,,,,,,,,,,,
2021-07-30T11:30:00Z,,,,,,,,,,,,,,,,,,,,,215.3,206.7,,
2021-08-06T12:00:00Z,,,,,,,,,,,,,,,,,248.3,230.7,,,,,,
2021-08-06T12:15:00Z,,,,,,,,,,,,,216.4,206.8,,,,,,,,,,
2021-08-06T14:45:00Z,,,,,,,,,,,,,,,,,,,,,216.3,206.7,,
2021-08-06T15:00:00Z,,,,,,,,,,,,,,,,,,,,,215.8,206.7,,
2021-08-06T15:30:00Z,,,,,,,,,,,,,,,,,,,,,216.3,206.7,,
2021-08-09T17:45:00Z,217.9,208.8,,,,,,,,,,,,,,,,,,,,,,
2021-08-10T09:00:00Z,,,,,,,,,,,,,,,,,,,,,216.3,206.7,,
2021-08-10T14:00:00Z,,,,,,,,,,,,,,,,,,,,,216.3,206.7,,
2021-08-10T17:15:00Z,,,,,213.9,203.9,,,,,,,,,,,,,,,,,,
2021-08-20T08:45:00Z,,,,,,,,,217.9,206.9,,,,,,,,,,,,,,
2021-08-20T12:15:00Z,,,,,,,,,,,,,,,,,,,,,216.3,206.7,,
2021-08-23T08:30:00Z,,,,,,,,,,,,,216.4,206.8,,,246.8,228.7,,,,,,
2021-08-23T10:00:00Z,,,,,,,,,,,,,,,,,,,,,216.3,206.7,,
2021-08-23T10:15:00Z,,,,,,,,,,,,,,,,,,,,,216.3,206.7,,
2021-09-01T20:30:00Z,219.3,208.7,,,,,,,219.9,207.9,,,,,,,246.8,229.7,,,216.3,206.7,,
2021-09-02T14:00:00Z,,,,,,,,,,,,,,,,,,,,,216.3,206.7,,
2021-09-02T16:00:00Z,,,,,,,,,,,,,217.9,207.8,,,248.8,229.7,,,,,,
2021-09-03T08:45:00Z,,,,,,,,,219.9,208.9,,,,,,,,,,,217.8,207.7,,
2021-09-03T10:00:00Z,,,,,,,,,,,,,,,,,248.8,230.7,,,,,,
2021-09-03T17:45:00Z,219.3,208.7,,,,,,,,,,,,,,,,,,,,,,
2021-09-09T00:00:00Z,220.3,209.7,,,214.9,204.9,,,,,,,219.4,208.8,,,248.8,231.7,,,219.3,208.7,,
2021-09-09T10:45:00Z,222.3,210.7,,,,,,,,,,,,,,,,,,,,,,
2021-09-10T08:30:00Z,,,,,,,,,219.9,209.9,,,,,,,,,,,,,,
2021-09-13T09:15:00Z,,,,,,,,,220.9,210.9,,,,,,,,,,,,,,
2021-09-13T11:30:00Z,,,,,,,,,,,,,,,,,,,,,219.3,208.7,,
2021-09-13T16:00:00Z,,,,,,,,,,,,,220.4,209.8,,,249.8,232.2,,,,,,
2021-09-13T18:00:00Z,,,,,,,,,,,,,,,,,,,,,219.3,208.7,,
2021-09-13T18:15:00Z,,,,,,,,,,,,,,,,,,,,,220.3,209.7,,
2021-09-13T19:00:00Z,,,,,216.9,205.9,,,,,,,,,,,,,,,,,,
2021-09-14T09:45:00Z,222.3,210.7,,,,,,,,,,,,,,,,,,,,,,
2021-09-15T14:15:00Z,222.3,210.7,,,,,,,,,,,,,,,,,,,,,,
2021-09-16T10:00:00Z,,,,,,,,,220.9,212.9,,,,,,,,,,,,,,
2021-09-16T16:45:00Z,,,,,,,,,,,,,220.4,211.8,,,249.8,234.2,,,,,,
2021-09-16T19:00:00Z,,,,,,,,,,,,,,,,,,,,,220.3,210.6,,
2021-09-17T16:15:00Z,222.3,212.7,,,,,,,,,,,,,,,,,,,,,,
2021-09-17T16:45:00Z,,,,,,,,,,,,,,,,,,,,,220.3,211.2,,
2021-09-21T09:45:00Z,,,,,,,,,220.9,213.9,,,,,,,,,,,,,,
2021-09-21T10:30:00Z,,,,,,,,,,,,,,,,,,,,,220.3,211.7,,
2021-09-21T15:00:00Z,,,,,,,,,,,,,,,,,249.8,235.2,,,,,,
2021-09-21T15:15:00Z,,,,,,,,,,,,,220.4,212.6,,,,,,,,,,
2021-09-23T12:00:00Z,220.4,212.6,,,,,,,,,,,,,,,,,,,,,,
2021-09-25T10:45:00Z,,,,,217.9,208.9,,,,,,,,,,,,,,,,,,
2021-09-27T09:15:00Z,,,,,,,,,222.9,215.9,,,,,,,,,,,,,,
2021-09-27T09:45:00Z,,,,,,,,,,,,,,,,,,,,,220.3,211.7,,
2021-09-27T10:00:00Z,,,,,,,,,,,,,,,,,,,,,220.3,212.5,,
2021-09-27T10:45:00Z,,,,,,,,,,,,,220.4,212.6,,,251.3,237.7,,,,,,
2021-09-27T11:15:00Z,221.9,214.1,,,,,,,,,,,,,,,,,,,,,,
2021-09-27T11:30:00Z,,,,,,,,,,,,,,,,,,,,,220.3,212.5,,
2021-09-27T11:45:00Z,,,,,,,,,,,,,,,,,,,,,220.3,212.5,,
2021-09-27T14:15:00Z,,,,,,,,,,,,,,,,,,,,,220.3,212.5,,
2021-09-28T09:15:00Z,,,,,,,,,,,,,221.9,214.1,,,,,,,,,,
2021-09-28T09:45:00Z,,,,,,,,,,,,,,,,,,,,,221.8,214.0,,
2021-09-29T08:30:00Z,,,,,,,,,222.9,216.9,,,,,,,,,,,,,,
2021-09-29T10:00:00Z,222.9,215.1,,,,,,,,,,,,,,,,,,,,,,
2021-09-29T18:15:00Z,,,,,,,,,,,,,221.9,215.1,,,251.3,238.7,,,,,,
2021-09-30T23:00:00Z,,,,,,,,,225.9,217.9,,,224.9,216.6,,,254.3,240.2,,,222.8,215.0,,
2021-10-01T11:45:00Z,224.9,216.6,,,,,,,,,,,,,,,,,,,,,,
2021-10-04T18:45:00Z,225.9,217.6,,,218.9,210.9,,,,,,,,,,,,,,,224.8,216.5,,
2021-10-04T22:45:00Z,,,,,,,,,,,,,,,,,,,,,224.8,216.5,,
2021-10-05T09:00:00Z,,,,,,,,,227.9,220.9,,,,,,,,,,,,,,
2021-10-05T09:45:00Z,,,,,,,,,,,,,,,,,256.3,243.2,,,,,,
2021-10-05T10:00:00Z,,,,,,,,,,,,,226.9,219.6,,,,,,,,,,
2021-10-05T10:45:00Z,,,,,,,,,,,,,,,,,,,,,224.8,216.5,,
2021-10-05T11:00:00Z,,,,,,,,,,,,,,,,,,,,,225.8,217.5,,
2021-10-05T13:45:00Z,227.9,219.6,,,,,,,,,,,,,,,,,,,,,,
2021-10-05T14:30:00Z,,,,,,,,,,,,,,,,,,,,,226.8,219.5,,
2021-10-06T10:30:00Z,,,,,,,,,228.9,222.9,,,,,,,,,,,,,,
2021-10-06T14:45:00Z,,,,,,,,,,,,,227.9,221.6,,,257.3,245.2,,,,,,
2021-10-06T15:15:00Z,,,,,,,,,,,,,,,,,,,,,227.8,219.5,,
2021-10-06T18:30:00Z,228.9,221.6,,,,,,,,,,,,,,,,,,,,,,
2021-10-07T09:30:00Z,,,,,,,,,,,,,,,,,,,,,227.8,221.5,,
2021-10-11T10:00:00Z,,,,,,,,,230.9,223.9,,,,,,,,,,,,,,
2021-10-11T12:00:00Z,,,,,,,,,,,,,229.9,222.6,,,259.3,246.2,,,,,,
2021-10-11T13:15:00Z,230.9,222.6,,,,,,,,,,,,,,,,,,,227.8,221.5,,
2021-10-11T13:30:00Z,,,,,,,,,,,,,,,,,,,,,228.8,222.5,,
2021-10-11T14:00:00Z,,,,,,,,,,,,,,,,,,,,,228.8,222.5,,
2021-10-11T14:15:00Z,,,,,,,,,,,,,,,,,,,,,228.8,222.5,,
2021-10-12T16:30:00Z,,,,,,,,,,,,,229.9,222.6,,,,,,,,,,
2021-10-12T17:15:00Z,,,,,225.9,219.9,,,,,,,,,,,,,,,,,,
2021-10-15T22:30:00Z,231.9,223.6,,,,,,,231.9,224.9,,,230.9,223.6,,,260.3,247.2,,,230.8,223.5,,
2021-10-18T18:00:00Z,,,,,,,,,233.9,226.9,,,,,,,,,,,230.8,223.5,,
2021-10-19T10:15:00Z,,,,,,,,,,,,,,,,,262.3,249.2,,,,,,
2021-10-19T10:30:00Z,,,,,,,,,,,,,232.9,225.6,,,,,,,,,,
2021-10-19T14:45:00Z,,,,,,,,,,,,,,,,,,,,,231.8,223.5,,
2021-10-19T17:15:00Z,233.9,225.6,,,,,,,,,,,,,,,,,,,,,,
2021-10-19T17:45:00Z,,,,,,,,,,,,,,,,,,,,,231.8,224.7,,
2021-10-20T14:45:00Z,,,,,,,,,,,,,,,,,,,,,232.8,225.6,,
2021-10-21T19:00:00Z,,,,,229.9,222.9,,,,,,,,,,,,,,,232.8,225.5,,
2021-10-22T11:15:00Z,233.9,225.6,,,,,,,,,,,,,,,,,,,,,,
2021-10-26T10:15:00Z,,,,,,,,,235.9,227.9,,,,,,,,,,,,,,
2021-10-26T17:15:00Z,,,,,,,,,,,,,234.9,226.6,,,264.3,250.2,,,,,,
2021-10-27T08:15:00Z,,,,,,,,,,,,,,,,,,,,,233.8,225.5,,
2021-10-27T08:30:00Z,,,,,,,,,,,,,,,,,,,,,233.8,225.5,,
2021-10-27T09:00:00Z,,,,,,,,,,,,,,,,,,,,,233.8,225.5,,
2021-10-27T10:45:00Z,235.9,227.6,,,,,,,,,,,,,,,,,,,,,,
2021-10-27T11:45:00Z,,,,,,,,,,,,,,,,,,,,,234.8,226.5,,
2021-10-28T14:00:00Z,,,,,,,,,,,,,235.8,226.6,,,,,,,,,,
2021-10-29T11:15:00Z,,,,,,,,,235.9,227.9,,,,,,,,,,,235.8,226.5,,
2021-10-29T13:30:00Z,,,,,,,,,,,,,,,,,,,,,235.7,226.5,,
2021-10-29T15:30:00Z,,,,,,,,,,,,,,,,,,,,,235.7,226.5,,
2021-11-02T13:30:00Z,,,,,,,,,236.9,227.9,,,,,,,,,,,,,,
2021-11-02T17:15:00Z,,,,,232.9,223.9,,,,,,,,,,,,,,,,,,
2021-11-10T10:45:00Z,236.9,228.6,,,,,,,,,,,,,,,,,,,,,,
2021-11-13T23:15:00Z,,,,,,,,,,,,,,,,,,,,,235.7,226.5,,
2021-11-18T16:45:00Z,235.8,226.6,,,,,,,235.9,227.9,,,,,,,,,,,235.7,226.5,,
2021-11-19T16:30:00Z,,,,,,,,,234.9,227.9,,,,,,,,,,,,,,
2021-11-19T18:15:00Z,,,,,,,,,,,,,,,,,,,,,234.8,226.5,,
2021-11-22T09:30:00Z,234.9,226.6,,,,,,,,,,,,,,,,,,,,,,
2021-11-22T09:45:00Z,,,,,,,,,,,,,234.9,226.6,,,262.3,249.2,,,,,,
2021-11-22T10:15:00Z,,,,,,,,,,,,,,,,,,,,,234.8,226.5,,
2021-11-22T10:30:00Z,,,,,,,,,,,,,,,,,,,,,234.8,226.5,,
2021-11-22T14:00:00Z,,,,,,,,,,,,,,,,,,,,,234.8,226.5,,
2021-11-22T14:15:00Z,,,,,,,,,,,,,,,,,,,,,234.8,226.5,,
2021-11-23T09:45:00Z,,,,,231.9,223.9,,,,,,,,,,,,,,,,,,
2021-11-30T09:30:00Z,,,,,,,,,233.9,225.9,,,,,,,,,,,,,,
2021-11-30T10:00:00Z,,,,,,,,,,,,,,,,,,,,,233.8,225.8,,
2021-11-30T10:15:00Z,,,,,,,,,,,,,,,,,,,,,233.8,225.8,,
2021-11-30T10:30:00Z,,,,,,,,,,,,,,,,,,,,,233.8,225.8,,
2021-11-30T13:30:00Z,,,,,,,,,,,,,233.9,225.9,,,,,,,,,,
2021-11-30T13:45:00Z,,,,,,,,,,,,,,,,,260.3,247.2,,,,,,
2021-11-30T15:00:00Z,,,,,,,,,,,,,,,,,,,,,233.8,225.8,,
2021-12-01T11:15:00Z,233.9,225.9,,,,,,,,,,,,,,,,,,,,,,
2021-12-01T16:00:00Z,,,,,,,,,,,,,,,,,,,,,233.8,225.8,,
2021-12-01T22:15:00Z,,,,,230.9,222.9,,,,,,,,,,,,,,,,,,
2021-12-08T13:00:00Z,,,,,,,,,,,,,,,,,,,,,233.8,225.8,,
2021-12-12T15:15:00Z,,,,,,,,,,,,,,,,,,,,,233.8,225.8,,
2021-12-13T08:45:00Z,,,,,,,,,,,,,,,,,,,,,233.8,225.8,,
2021-12-16T09:00:00Z,,,,,,,,,233.9,225.9,,,,,,,,,,,,,,
2021-12-16T09:30:00Z,233.9,225.9,,,,,,,,,,,,,,,,,,,,,,
2021-12-16T09:45:00Z,,,,,,,,,,,,,,,,,,,,,233.8,225.8,,
2021-12-16T10:00:00Z,,,,,,,,,,,,,,,,,,,,,233.8,225.8,,
2021-12-16T11:15:00Z,,,,,,,,,,,,,,,,,259.3,247.2,,,,,,
2021-12-16T11:30:00Z,,,,,,,,,,,,,233.9,225.9,,,,,,,,,,
2021-12-17T14:45:00Z,233.9,225.9,,,,,,,,,,,,,,,,,,,,,,
2021-12-17T17:15:00Z,,,,,,,,,,,,,,,,,,,,,233.8,225.8,,
2021-12-21T09:00:00Z,,,,,,,,,233.9,225.9,,,,,,,,,,,,,,
2021-12-21T12:45:00Z,,,,,,,,,,,,,233.9,225.9,,,257.3,245.2,,,,,,
2021-12-21T13:30:00Z,,,,,,,,,,,,,,,,,,,,,233.8,225.8,,
2021-12-21T16:15:00Z,233.9,225.9,,,,,,,,,,,,,,,,,,,,,,
2021-12-22T09:30:00Z,,,,,,,,,,,,,233.9,225.9,,,,,,,,,,
2021-12-22T09:45:00Z,,,,,,,,,,,,,,,,,258.9,245.2,,,,,,
2021-12-22T10:00:00Z,,,,,,,,,,,,,,,,,,,,,233.8,225.8,,
2021-12-30T10:00:00Z,,,,,,,,,234.9,225.9,,,,,,,,,,,,,,
2021-12-30T12:00:00Z,,,,,,,,,,,,,234.9,225.9,,,259.9,245.2,,,,,,
2021-12-31T11:15:00Z,234.9,225.9,,,,,,,,,,,,,,,,,,,,,,
2022-01-01T13:00:00Z,,,,,,,,,,,,,237.6,228.3,,,262.6,247.6,,,,,,
2022-01-02T11:30:00Z,,,,,,,,,,,,,,,,,,,,,233.8,225.8,,
2022-01-02T11:45:00Z,,,,,,,,,,,,,,,,,,,,,233.8,225.8,,
2022-01-02T12:00:00Z,,,,,,,,,,,,,,,,,,,,,234.8,225.8,,
2022-01-02T12:15:00Z,,,,,,,,,236.9,227.9,,,,,,,,,,,,,,
2022-01-03T09:30:00Z,237.6,228.3,,,,,,,,,,,,,,,,,,,,,,
2022-01-03T11:00:00Z,,,,,,,,,,,,,,,,,,,,,234.8,225.8,,
2022-01-03T11:15:00Z,,,,,,,,,,,,,,,,,,,,,236.8,225.8,,
2022-01-04T10:30:00Z,,,,,,,,,,,,,236.9,227.8,,,261.9,247.2,,,,,,
2022-01-16T18:45:00Z,238.9,229.9,,,232.9,224.9,,,238.9,229.9,,,238.9,229.8,,,263.9,249.2,,,238.8,229.7,,
2022-01-17T13:00:00Z,,,,,,,,,238.9,231.9,,,,,,,,,,,,,,
2022-01-18T09:15:00Z,,,,,,,,,,,,,238.9,231.8,,,263.9,251.2,,,,,,
2022-01-18T14:15:00Z,238.9,231.9,,,,,,,,,,,,,,,,,,,,,,
2022-01-19T13:45:00Z,,,,,,,,,239.9,233.9,,,,,,,,,,,,,,
2022-01-19T16:15:00Z,,,,,,,,,,,,,,,,,,,,,238.8,229.7,,
2022-01-19T16:30:00Z,,,,,,,,,,,,,,,,,,,,,238.8,231.7,,
2022-01-20T10:15:00Z,,,,,,,,,,,,,239.9,233.8,,,264.9,253.2,,,,,,
2022-01-21T14:45:00Z,239.9,233.9,,,,,,,,,,,,,,,,,,,,,,
2022-01-21T15:15:00Z,,,,,,,,,,,,,,,,,,,,,238.8,231.7,,
2022-01-21T15:30:00Z,,,,,,,,,,,,,,,,,,,,,239.8,233.7,,
2022-01-22T14:00:00Z,,,,,234.9,227.9,,,,,,,,,,,,,,,,,,
2022-01-25T10:15:00Z,,,,,,,,,,,,,,,,,,,,,239.8,233.7,,
2022-01-26T09:30:00Z,,,,,,,,,240.9,234.9,,,,,,,,,,,,,,
2022-01-27T09:30:00Z,,,,,,,,,242.9,236.9,,,,,,,,,,,,,,
2022-01-27T11:15:00Z,,,,,,,,,,,,,242.9,236.8,,,,,,,,,,
2022-01-27T11:30:00Z,,,,,,,,,,,,,,,,,267.9,256.2,,,,,,
2022-01-27T13:15:00Z,242.9,236.9,,,,,,,,,,,,,,,,,,,,,,
2022-01-27T16:30:00Z,,,,,,,,,,,,,,,,,,,,,242.8,236.7,,
2022-01-27T17:15:00Z,,,,,236.9,230.9,,,,,,,,,,,,,,,,,,
2022-01-31T09:30:00Z,,,,,,,,,244.9,238.9,,,,,,,,,,,,,,
2022-01-31T11:30:00Z,244.9,238.9,,,,,,,,,,,,,,,,,,,,,,
2022-01-31T12:45:00Z,,,,,,,,,,,,,244.9,238.8,,,,,,,,,,
2022-01-31T13:00:00Z,,,,,,,,,,,,,,,,,269.9,258.2,,,,,,
2022-01-31T13:45:00Z,,,,,,,,,,,,,,,,,,,,,244.8,238.7,,
2022-01-31T17:15:00Z,,,,,239.9,233.9,,,,,,,,,,,,,,,,,,
2022-02-01T14:15:00Z,,,,,,,,,,,,,244.9,238.8,,,,,,,,,,
2022-02-01T16:00:00Z,,,,,,,,,,,,,,,,,,,,,244.8,238.7,,
2022-02-07T09:45:00Z,,,,,,,,,246.9,240.9,,,,,,,,,,,,,,
2022-02-07T16:30:00Z,,,,,,,,,,,,,246.9,240.8,,,271.9,260.2,,,,,,
2022-02-07T18:30:00Z,,,,,241.9,235.9,,,,,,,,,,,,,,,,,,
2022-02-08T10:15:00Z,246.9,240.9,,,,,,,,,,,,,,,,,,,,,,
2022-02-08T11:30:00Z,,,,,,,,,,,,,,,,,,,,,244.8,238.7,,
2022-02-08T12:30:00Z,,,,,,,,,,,,,,,,,,,,,246.8,240.7,,
2022-02-09T09:15:00Z,,,,,,,,,,,,,246.9,240.8,,,,,,,,,,
2022-02-10T14:15:00Z,,,,,,,,,247.9,240.9,,,,,,,,,,,,,,
2022-02-11T08:30:00Z,,,,,,,,,248.9,240.9,,,,,,,,,,,,,,
2022-02-14T11:30:00Z,,,,,,,,,,,,,247.9,240.8,,,272.9,260.2,,,,,,
2022-02-14T13:45:00Z,247.9,240.9,,,,,,,,,,,,,,,,,,,,,,
2022-02-14T15:00:00Z,,,,,,,,,,,,,,,,,,,,,246.8,240.7,,
2022-02-14T15:15:00Z,,,,,,,,,,,,,,,,,,,,,247.8,240.7,,
2022-02-15T09:45:00Z,,,,,,,,,248.9,240.9,,,,,,,,,,,,,,
2022-02-15T10:00:00Z,,,,,,,,,248.9,240.9,,,,,,,,,,,,,,
2022-02-16T18:30:00Z,,,,,244.9,237.9,,,,,,,,,,,,,,,,,,
2022-02-18T09:30:00Z,,,,,,,,,248.9,240.9,,,,,,,,,,,,,,
2022-02-22T10:15:00Z,,,,,,,,,250.9,241.9,,,,,,,,,,,,,,
2022-02-22T16:00:00Z,,,,,,,,,,,,,,,,,,,,,247.8,240.7,,
2022-02-22T16:15:00Z,,,,,,,,,,,,,,,,,,,,,247.8,240.7,,
2022-02-23T11:30:00Z,,,,,,,,,,,,,249.9,241.8,,,274.9,261.2,,,,,,
2022-02-23T16:30:00Z,249.9,241.9,,,,,,,,,,,,,,,,,,,,,,
2022-02-23T17:15:00Z,,,,,,,,,,,,,,,,,,,,,247.8,240.7,,
2022-02-23T17:30:00Z,,,,,,,,,,,,,,,,,,,,,249.8,241.8,,
2022-02-23T18:00:00Z,,,,,,,,,,,,,,,,,,,,,249.8,241.8,,
2022-02-23T18:15:00Z,,,,,,,,,,,,,,,,,,,,,249.8,241.7,,
2022-02-25T10:45:00Z,,,,,,,,,252.9,243.9,,,,,,,,,,,,,,
2022-02-25T12:00:00Z,,,,,,,,,,,,,,,,,,,,,249.8,241.7,,
2022-02-25T13:30:00Z,,,,,,,,,,,,,,,,,276.9,263.2,,,,,,
2022-02-25T13:45:00Z,,,,,,,,,,,,,251.9,243.8,,,,,,,,,,
2022-03-01T09:15:00Z,251.9,243.9,,,,,,,,,,,,,,,,,,,,,,
2022-03-01T10:00:00Z,,,,,,,,,,,,,,,,,,,,,251.8,243.7,,
2022-03-01T10:15:00Z,,,,,,,,,,,,,,,,,,,,,251.8,243.7,,
2022-03-01T13:45:00Z,,,,,,,,,254.9,245.9,,,,,,,,,,,,,,
2022-03-01T15:45:00Z,,,,,,,,,,,,,,,,,,,,,251.8,243.7,,
2022-03-01T16:00:00Z,,,,,,,,,,,,,,,,,,,,,251.8,243.7,,
2022-03-01T16:15:00Z,,,,,246.9,238.9,,,,,,,,,,,,,,,,,,
2022-03-01T17:15:00Z,253.9,243.9,,,,,,,,,,,,,,,,,,,,,,
2022-03-01T17:45:00Z,,,,,,,,,,,,,253.9,245.8,,,278.9,265.2,,,,,,
2022-03-02T09:00:00Z,,,,,,,,,254.9,248.9,,,,,,,,,,,,,,
2022-03-02T09:15:00Z,,,,,,,,,,,,,,,,,,,,,251.8,243.7,,
2022-03-02T09:30:00Z,,,,,,,,,,,,,,,,,,,,,253.8,243.7,,
2022-03-02T15:45:00Z,253.9,245.9,,,,,,,,,,,,,,,,,,,,,,
2022-03-03T15:45:00Z,,,,,,,,,,,,,253.9,249.8,,,278.9,268.2,,,,,,
2022-03-03T16:00:00Z,,,,,,,,,,,,,253.9,245.8,,,,,,,,,,
2022-03-03T16:30:00Z,,,,,,,,,,,,,,,,,,,,,253.8,245.7,,
2022-03-04T10:00:00Z,,,,,,,,,256.9,251.9,,,,,,,,,,,,,,
2022-03-04T11:30:00Z,253.9,248.9,,,,,,,,,,,,,,,,,,,,,,
2022-03-04T12:00:00Z,,,,,,,,,,,,,,,,,,,,,253.8,245.7,,
2022-03-04T12:30:00Z,,,,,,,,,,,,,255.9,251.8,,,280.9,271.2,,,,,,
2022-03-04T13:15:00Z,255.9,251.9,,,,,,,,,,,,,,,,,,,,,,
2022-03-04T14:15:00Z,,,,,,,,,,,,,,,,,,,,,253.8,245.7,,
2022-03-04T14:30:00Z,,,,,,,,,,,,,,,,,,,,,255.8,251.7,,
2022-03-04T16:00:00Z,,,,,250.9,242.9,,,,,,,,,,,,,,,,,,
2022-03-07T09:15:00Z,,,,,,,,,259.9,257.9,,,,,,,,,,,,,,
2022-03-07T12:45:00Z,,,,,,,,,,,,,258.9,257.8,,,,,,,,,,
2022-03-07T13:00:00Z,,,,,,,,,,,,,,,,,283.9,277.2,,,255.8,251.7,,
2022-03-07T13:15:00Z,,,,,,,,,,,,,,,,,,,,,255.8,251.7,,
2022-03-07T14:15:00Z,258.9,257.9,,,,,,,,,,,,,,,,,,,,,,
2022-03-07T15:30:00Z,,,,,,,,,,,,,,,,,,,,,258.8,257.7,,
2022-03-07T17:15:00Z,,,,,252.9,248.9,,,,,,,,,,,,,,,,,,
2022-03-08T12:00:00Z,,,,,,,,,264.9,264.9,,,,,,,,,,,,,,
2022-03-08T13:15:00Z,,,,,,,,,,,,,263.9,264.8,,,288.9,284.2,,,,,,
2022-03-08T13:30:00Z,264.9,264.9,,,,,,,,,,,,,,,,,,,,,,
2022-03-08T14:00:00Z,,,,,,,,,,,,,,,,,,,,,258.8,257.7,,
2022-03-08T14:15:00Z,,,,,,,,,,,,,,,,,,,,,263.8,264.7,,
2022-03-08T15:45:00Z,,,,,,,,,,,,,,,,,,,,,263.8,264.7,,
2022-03-08T17:45:00Z,,,,,,,,,,,,,,,,,,,,,263.8,264.7,,
2022-03-08T20:15:00Z,,,,,255.9,254.9,,,,,,,,,,,,,,,,,,
2022-03-09T09:15:00Z,,,,,,,,,270.9,274.9,,,,,,,,,,,,,,
2022-03-09T10:45:00Z,,,,,,,,,,,,,269.9,274.8,,,294.9,294.2,,,,,,
2022-03-09T11:15:00Z,269.9,274.8,,,,,,,,,,,,,,,,,,,,,,
2022-03-09T11:30:00Z,,,,,,,,,,,,,,,,,,,,,263.8,264.7,,
2022-03-09T11:45:00Z,,,,,,,,,,,,,,,,,,,,,269.8,274.7,,
2022-03-09T15:15:00Z,,,,,260.9,261.9,,,,,,,,,,,,,,,,,,
2022-03-10T07:15:00Z,,,,,,,,,,,,,,,,,,,,,269.8,274.7,,
2022-03-10T13:45:00Z,,,,,266.9,271.9,,,,,,,,,,,,,,,,,,
2022-03-11T09:15:00Z,,,,,,,,,270.9,274.9,,,,,,,,,,,,,,
2022-03-11T09:45:00Z,,,,,,,,,,,,,,,,,,,,,269.8,274.7,,
2022-03-11T12:00:00Z,,,,,,,,,,,,,267.9,273.8,,,292.9,293.2,,,,,,
2022-03-11T12:15:00Z,,,,,,,,,,,,,,,,,,,,,267.8,273.7,,
2022-03-11T13:00:00Z,,,,,,,,,,,,,,,,,,,,,267.8,273.7,,
2022-03-11T13:15:00Z,,,,,,,,,,,,,,,,,,,,,267.8,273.7,,
2022-03-11T16:15:00Z,267.9,273.8,,,,,,,,,,,,,,,,,,,,,,
2022-03-11T17:15:00Z,,,,,,,,,,,,,,,,,,,,,267.8,273.7,,
2022-03-13T18:00:00Z,,,,,264.9,270.9,,,,,,,,,,,,,,,,,,
2022-03-15T10:15:00Z,,,,,,,,,269.9,274.9,,,,,,,,,,,,,,
2022-03-16T09:15:00Z,,,,,,,,,267.9,272.9,,,,,,,,,,,,,,
2022-03-16T09:30:00Z,,,,,,,,,,,,,,,,,,,,,267.8,272.7,,
2022-03-16T12:00:00Z,,,,,,,,,,,,,265.9,271.8,,,290.9,291.2,,,,,,
2022-03-16T12:30:00Z,,,,,,,,,,,,,,,,,,,,,265.8,271.7,,
2022-03-16T12:45:00Z,,,,,,,,,,,,,,,,,,,,,265.8,271.7,,
2022-03-16T18:45:00Z,265.9,271.8,,,,,,,,,,,,,,,,,,,,,,
2022-03-17T17:30:00Z,,,,,262.9,268.9,,,,,,,,,,,,,,,,,,
2022-03-18T12:00:00Z,,,,,,,,,,,,,,,,,,,,,265.8,271.7,,
2022-03-18T12:15:00Z,,,,,,,,,,,,,,,,,,,,,265.8,271.7,,
2022-03-23T09:30:00Z,,,,,,,,,267.9,274.9,,,,,,,,,,,,,,
2022-03-23T11:00:00Z,,,,,,,,,,,,,,,,,,,,,265.8,271.7,,
2022-03-23T13:15:00Z,,,,,,,,,,,,,265.9,273.8,,,290.9,293.2,,,,,,
2022-03-23T14:30:00Z,265.9,273.8,,,,,,,,,,,,,,,,,,,,,,
2022-03-24T10:15:00Z,,,,,,,,,,,,,,,,,,,,,265.8,273.7,,
2022-03-24T10:45:00Z,,,,,,,,,269.9,275.9,,,,,,,,,,,,,,
2022-03-24T15:30:00Z,,,,,,,,,,,,,267.9,274.8,,,292.9,294.2,,,,,,
2022-03-24T19:15:00Z,267.9,274.8,,,,,,,,,,,,,,,,,,,,,,
2022-03-25T08:15:00Z,,,,,,,,,,,,,,,,,,,,,265.8,273.7,,
2022-03-25T08:30:00Z,,,,,,,,,,,,,,,,,,,,,267.8,274.7,,
2022-03-25T08:45:00Z,,,,,,,,,,,,,,,,,,,,,267.8,274.7,,
2022-03-25T17:00:00Z,,,,,262.9,270.9,,,,,,,,,,,,,,,,,,
2022-03-28T17:15:00Z,,,,,264.9,271.9,,,,,,,,,,,,,,,,,,
2022-04-04T22:45:00Z,,,,,,,,,,,,,,,,,,,,,267.8,274.7,,
2022-04-05T13:30:00Z,,,,,,,,,270.9,278.9,,,,,,,,,,,,,,
2022-04-05T17:30:00Z,270.9,277.8,,,,,,,,,,,,,,,,,,,,,,
2022-04-06T08:30:00Z,,,,,,,,,,,,,268.9,276.8,,,293.9,297.2,,,267.8,274.7,,
2022-04-06T08:45:00Z,,,,,,,,,,,,,,,,,,,,,267.8,274.7,,
2022-04-06T09:15:00Z,,,,,,,,,,,,,,,,,,,,,267.8,276.7,,
2022-04-06T10:15:00Z,269.9,276.8,,,,,,,,,,,,,,,,,,,,,,
2022-04-06T10:45:00Z,,,,,,,,,,,,,,,,,,,,,268.8,276.7,,
2022-04-06T11:00:00Z,,,,,,,,,,,,,,,,,,,,,268.8,276.7,,
2022-04-07T19:15:00Z,,,,,265.9,273.9,,,,,,,,,,,,,,,,,,
2022-04-11T10:15:00Z,268.9,276.8,,,,,,,,,,,,,,,,,,,,,,
2022-04-12T17:45:00Z,,,,,267.8,275.7,,,,,,,,,,,,,,,,,,
2022-04-27T09:00:00Z,,,,,,,,,272.9,280.9,,,,,,,,,,,,,,
2022-04-27T09:30:00Z,270.9,278.8,,,,,,,,,,,,,,,,,,,,,,
2022-04-27T15:00:00Z,,,,,,,,,,,,,270.9,278.8,,,295.9,299.2,,,,,,
2022-04-27T18:30:00Z,,,,,,,,,,,,,,,,,,,,,268.8,276.7,,
2022-04-27T18:45:00Z,,,,,,,,,,,,,,,,,,,,,270.8,278.7,,
2022-04-28T09:30:00Z,271.9,279.8,,,,,,,,,,,,,,,,,,,,,,
2022-04-28T10:00:00Z,272.9,280.8,,,,,,,,,,,,,,,,,,,,,,
2022-04-28T13:30:00Z,,,,,,,,,274.9,282.9,,,,,,,,,,,,,,
2022-04-28T15:00:00Z,,,,,,,,,,,,,,,,,,,,,270.8,278.7,,
2022-04-28T18:45:00Z,,,,,,,,,,,,,,,,,297.9,301.2,,,,,,
2022-04-28T19:00:00Z,,,,,,,,,,,,,272.9,280.8,,,,,,,,,,
2022-04-28T19:30:00Z,,,,,,,,,,,,,,,,,,,,,270.8,278.7,,
2022-04-28T19:45:00Z,,,,,,,,,,,,,,,,,,,,,272.8,280.7,,
2022-04-29T10:00:00Z,,,,,,,,,276.9,284.9,,,,,,,,,,,,,,
2022-04-29T11:15:00Z,274.9,282.8,,,,,,,,,,,,,,,,,,,,,,
2022-04-29T12:15:00Z,,,,,,,,,,,,,,,,,,,,,272.8,280.7,,
2022-04-29T18:45:00Z,,,,,,,,,,,,,274.9,282.8,,,299.9,303.2,,,,,,
2022-04-30T12:00:00Z,,,,,271.8,279.7,,,,,,,,,,,,,,,,,,
2022-04-30T14:00:00Z,,,,,,,,,,,,,,,,,,,,,274.8,282.7,,
2022-04-30T17:15:00Z,,,,,,,,,,,,,,,,,,,,,274.8,282.7,,
2022-04-30T17:30:00Z,,,,,,,,,,,,,,,,,,,,,274.8,282.7,,
2022-05-02T09:15:00Z,276.9,284.8,,,,,,,,,,,,,,,,,,,,,,
2022-05-02T09:45:00Z,,,,,,,,,276.9,287.9,,,,,,,,,,,,,,
2022-05-03T12:30:00Z,,,,,,,,,,,,,,,,,,,,,274.8,282.7,,
2022-05-03T16:30:00Z,276.9,284.8,,,,,,,,,,,274.9,284.8,,,,,,,,,,
2022-05-03T16:45:00Z,,,,,,,,,,,,,,,,,299.9,306.2,,,,,,
2022-05-03T22:00:00Z,,,,,,,,,,,,,,,,,,,,,274.8,282.7,,
2022-05-04T11:45:00Z,,,,,,,,,,,,,,,,,,,,,274.8,284.7,,
2022-05-05T14:00:00Z,274.9,284.8,,,,,,,,,,,,,,,,,,,,,,
2022-05-05T15:15:00Z,,,,,,,,,,,,,,,,,,,,,274.8,284.7,,
2022-05-06T16:30:00Z,,,,,272.8,282.7,,,,,,,,,,,,,,,,,,
2022-05-09T10:00:00Z,,,,,,,,,278.9,287.9,,,,,,,,,,,,,,
2022-05-09T12:00:00Z,278.8,287.7,,,,,,,,,,,,,,,,,,,,,,
2022-05-09T13:00:00Z,,,,,,,,,,,,,276.9,286.8,,,,,,,,,,
2022-05-09T13:15:00Z,278.8,287.7,,,,,,,,,,,276.9,284.8,,,301.9,308.2,,,,,,
2022-05-09T13:30:00Z,,,,,,,,,,,,,,,,,301.9,306.2,,,,,,
2022-05-09T14:00:00Z,,,,,,,,,,,,,276.9,287.8,,,,,,,276.8,284.7,,
2022-05-09T14:15:00Z,,,,,,,,,,,,,,,,,,,,,276.8,284.7,,
2022-05-10T09:00:00Z,,,,,,,,,,,,,276.9,286.8,,,,,,,,,,
2022-05-10T09:30:00Z,,,,,,,,,,,,,,,,,,,,,276.8,286.7,,
2022-05-10T09:45:00Z,276.8,286.7,,,,,,,,,,,,,,,,,,,276.8,286.7,,
2022-05-10T14:45:00Z,,,,,,,,,,,,,,,,,,,,,276.8,286.6,,
2022-05-11T08:30:00Z,,,,,,,,,,,,,,,,,,,,,276.7,286.6,,
2022-05-11T17:30:00Z,,,,,274.8,284.7,,,,,,,,,,,,,,,,,,
2022-05-12T14:15:00Z,278.8,288.7,,,,,,,,,,,,,,,,,,,,,,
2022-05-13T10:00:00Z,276.6,286.5,,,,,,,,,,,,,,,,,,,276.5,286.4,,
2022-05-13T11:00:00Z,,,,,,,,,,,,,,,,,,,,,276.5,286.4,,
2022-05-13T11:45:00Z,,,,,,,,,,,,,,,,,,,,,276.8,286.7,,
2022-05-13T12:00:00Z,,,,,,,,,,,,,,,,,,,,,276.5,286.4,,
2022-05-13T12:15:00Z,,,,,,,,,,,,,,,,,,,,,276.5,286.4,,
2022-05-16T09:45:00Z,,,,,,,,,281.9,287.9,,,,,,,,,,,,,,
2022-05-16T10:00:00Z,279.6,286.5,,,,,,,,,,,,,,,,,,,,,,
2022-05-16T10:45:00Z,,,,,,,,,,,,,,,,,,,,,276.5,286.4,,
2022-05-16T12:30:00Z,,,,,,,,,,,,,,,,,,,,,276.8,286.4,,
2022-05-16T12:45:00Z,,,,,,,,,,,,,,,,,,,,,276.8,286.4,,
2022-05-16T13:30:00Z,,,,,,,,,,,,,279.7,286.4,,,304.9,306.2,,,,,,
2022-05-16T14:15:00Z,,,,,,,,,,,,,,,,,,,,,276.8,286.4,,
2022-05-19T18:00:00Z,283.6,286.5,,,277.8,284.7,,,283.9,287.9,,,281.5,286.4,,,306.9,306.2,,,281.4,286.3,,
2022-05-20T16:15:00Z,281.6,286.5,,,,,,,,,,,,,,,,,,,,,,
2022-05-20T18:00:00Z,,,,,,,,,,,,,,,,,,,,,281.4,286.3,,
2022-05-21T14:45:00Z,,,,,279.8,284.7,,,,,,,,,,,,,,,,,,
2022-05-24T10:45:00Z,283.6,286.5,,,,,,,,,,,,,,,,,,,,,,
2022-05-24T11:45:00Z,,,,,,,,,,,,,,,,,,,,,281.4,286.3,,
2022-05-25T11:30:00Z,,,,,,,,,285.9,287.9,,,,,,,,,,,,,,
2022-05-25T13:00:00Z,281.6,286.5,,,,,,,,,,,,,,,,,,,,,,
2022-05-25T13:15:00Z,,,,,,,,,,,,,,,,,,,,,281.4,286.3,,
2022-05-25T13:45:00Z,,,,,,,,,,,,,283.5,286.4,,,308.9,306.2,,,281.4,286.3,,
2022-05-25T14:15:00Z,,,,,,,,,,,,,,,,,,,,,281.5,286.3,,
2022-05-25T14:30:00Z,,,,,,,,,,,,,,,,,,,,,281.5,286.3,,
2022-05-25T15:30:00Z,283.6,286.5,,,,,,,,,,,,,,,,,,,,,,
2022-05-25T15:45:00Z,,,,,,,,,,,,,,,,,,,,,283.4,286.3,,
2022-05-25T18:45:00Z,,,,,,,,,,,,,,,,,,,,,283.4,286.3,,
2022-05-27T10:30:00Z,,,,,,,,,288.9,288.9,,,,,,,,,,,,,,
2022-05-27T11:30:00Z,,,,,,,,,,,,,,,,,,,,,283.4,286.3,,
2022-05-27T11:45:00Z,,,,,,,,,,,,,,,,,,,,,283.4,286.3,,
2022-05-27T12:00:00Z,,,,,,,,,,,,,284.5,289.4,,,,,,,,,,
2022-05-27T12:15:00Z,,,,,,,,,,,,,,,,,311.9,307.2,,,,,,
2022-05-27T13:00:00Z,,,,,,,,,,,,,,,,,,,,,283.4,286.3,,
2022-05-27T13:30:00Z,,,,,,,,,,,,,286.5,287.4,,,,,,,,,,
2022-05-27T14:15:00Z,286.6,287.5,,,,,,,,,,,,,,,,,,,,,,
2022-05-27T16:00:00Z,,,,,,,,,,,,,,,,,,,,,286.4,287.3,,
2022-05-27T16:15:00Z,,,,,,,,,,,,,,,,,,,,,286.4,287.3,,
2022-05-27T16:30:00Z,,,,,,,,,,,,,,,,,,,,,286.4,287.3,,
2022-05-27T17:45:00Z,288.3,289.3,,,,,,,,,,,,,,,,,,,,,,
2022-05-27T21:15:00Z,,,,,,,,,,,,,,,,,,,,,286.4,287.3,,
2022-05-27T21:45:00Z,,,,,,,,,,,,,,,,,,,,,286.4,287.3,,
2022-05-27T23:30:00Z,,,,,281.8,284.7,,,,,,,,,,,,,,,,,,
2022-05-28T12:00:00Z,,,,,,,,,,,,,288.2,289.2,,,,,,,,,,
2022-05-28T14:30:00Z,,,,,,,,,,,,,,,,,,,,,286.4,287.3,,
2022-05-28T14:45:00Z,,,,,,,,,,,,,,,,,,,,,288.1,288.8,,
2022-05-30T09:00:00Z,,,,,,,,,,,,,,,,,,,,,288.1,288.8,,
2022-05-31T10:00:00Z,,,,,,,,,291.9,291.9,,,,,,,,,,,,,,
2022-05-31T10:30:00Z,,,,,,,,,,,,,,,,,,,,,288.1,288.8,,
2022-05-31T12:30:00Z,,,,,,,,,,,,,291.2,291.2,,,314.9,309.2,,,,,,
2022-05-31T13:30:00Z,,,,,,,,,,,,,,,,,,,,,288.1,288.8,,
2022-05-31T15:45:00Z,,,,,,,,,,,,,,,,,,,,,288.1,289.2,,
2022-05-31T17:00:00Z,291.2,291.2,,,,,,,,,,,,,,,,,,,,,,
2022-05-31T18:15:00Z,,,,,287.1,287.8,,,,,,,,,,,,,,,,,,
2022-05-31T21:15:00Z,,,,,,,,,,,,,,,,,,,,,291.1,291.1,,
2022-06-01T16:15:00Z,,,,,,,,,293.9,291.9,,,,,,,,,,,,,,
2022-06-01T19:00:00Z,,,,,290.2,290.1,,,,,,,,,,,,,,,,,,
2022-06-01T21:31:00Z,,,,,,,,,,,,,,,,,,,,,291.1,291.1,,
2022-06-02T10:30:00Z,293.2,291.2,,,,,,,,,,,,,,,,,,,291.1,291.1,,
2022-06-02T11:00:00Z,,,,,,,,,,,,,,,,,316.9,309.2,,,,,,
2022-06-02T11:15:00Z,,,,,,,,,,,,,293.1,291.2,,,,,,,,,,
2022-06-02T11:30:00Z,,,,,,,,,,,,,,,,,,,,,293.0,291.1,,
2022-06-02T11:45:00Z,,,,,,,,,,,,,,,,,,,,,293.0,291.1,,
2022-06-02T13:45:00Z,,,,,,,,,296.9,294.9,,,,,,,,,,,,,,
2022-06-03T08:45:00Z,,,,,,,,,,,,,,,,,,,,,293.0,291.1,,
2022-06-03T14:30:00Z,,,,,,,,,,,,,296.2,294.2,,,319.9,312.2,,,,,,
2022-06-03T15:15:00Z,,,,,,,,,,,,,,,,,,,,,293.1,291.1,,
2022-06-03T15:30:00Z,,,,,,,,,,,,,,,,,,,,,293.1,291.1,,
2022-06-03T15:45:00Z,296.2,294.2,,,,,,,,,,,,,,,,,,,,,,
2022-06-03T16:15:00Z,,,,,,,,,,,,,,,,,,,,,296.1,294.1,,
2022-06-03T16:30:00Z,,,,,,,,,,,,,,,,,,,,,296.1,294.1,,
2022-06-04T21:30:00Z,,,,,,,,,,,,,,,,,,,,,296.1,294.1,,
2022-06-04T21:45:00Z,,,,,,,,,,,,,,,,,,,,,296.1,294.1,,
2022-06-06T16:30:00Z,,,,,295.1,293.1,,,,,,,,,,,,,,,,,,
2022-06-07T09:15:00Z,,,,,,,,,300.9,298.9,,,,,,,,,,,,,,
2022-06-07T10:15:00Z,,,,,,,,,,,,,,,,,,,,,296.1,294.1,,
2022-06-07T12:00:00Z,,,,,,,,,,,,,300.2,298.2,,,,,,,,,,
2022-06-07T12:15:00Z,,,,,,,,,,,,,,,,,323.9,316.2,,,,,,
2022-06-07T12:30:00Z,,,,,,,,,,,,,,,,,,,,,296.1,294.1,,
2022-06-07T13:45:00Z,299.1,298.1,,,,,,,,,,,,,,,,,,,,,,
2022-06-07T14:00:00Z,299.1,298.1,,,,,,,,,,,,,,,,,,,,,,
2022-06-07T17:45:00Z,,,,,,,,,,,,,,,,,,,,,299.0,298.0,,
2022-06-08T12:30:00Z,300.1,298.1,,,,,,,,,,,,,,,,,,,,,,
2022-06-08T13:00:00Z,,,,,,,,,,,,,,,,,,,,,300.0,298.0,,
2022-06-08T16:30:00Z,,,,,298.0,297.0,,,,,,,,,,,,,,,,,,
2022-06-09T11:00:00Z,,,,,,,,,303.9,300.9,,,,,,,,,,,,,,
2022-06-09T11:30:00Z,,,,,,,,,,,,,,,,,,,,,300.0,298.0,,
2022-06-09T11:45:00Z,,,,,,,,,,,,,,,,,,,,,300.0,298.0,,
2022-06-09T12:30:00Z,303.1,300.1,,,,,,,,,,,,,,,,,,,,,,
2022-06-09T14:00:00Z,303.1,300.1,,,,,,,,,,,,,,,,,,,,,,
2022-06-09T16:45:00Z,,,,,,,,,,,,,,,,,337.6,329.9,,,,,,
2022-06-09T17:00:00Z,,,,,,,,,,,,,313.9,311.9,,,,,,,,,,
2022-06-09T17:30:00Z,,,,,299.0,297.0,,,,,,,,,,,,,,,,,,
2022-06-09T18:30:00Z,,,,,,,,,,,,,,,,,,,,,300.0,298.0,,
2022-06-09T18:45:00Z,,,,,,,,,,,,,,,,,,,,,303.0,300.0,,
2022-06-09T19:00:00Z,313.9,311.9,,,,,,,,,,,,,,,,,,,,,,
2022-06-09T21:45:00Z,,,,,,,,,,,,,,,,,,,,,303.8,300.8,,
2022-06-10T08:00:00Z,,,,,,,,,,,,,303.2,300.2,,,,,,,,,,
2022-06-10T08:15:00Z,,,,,,,,,313.9,311.9,,,,,,,326.9,318.2,,,303.1,300.1,,
2022-06-10T09:15:00Z,,,,,,,,,,,,,,,,,,,,,303.1,300.1,,
2022-06-10T09:30:00Z,,,,,,,,,,,,,,,,,,,,,303.1,300.1,,
2022-06-10T10:15:00Z,,,,,,,,,,,,,312.3,310.3,,,336.0,328.3,,,,,,
2022-06-10T10:30:00Z,,,,,,,,,,,,,,,,,,,,,303.1,300.1,,
2022-06-10T10:45:00Z,,,,,,,,,,,,,,,,,,,,,312.2,310.2,,
2022-06-10T11:00:00Z,,,,,,,,,,,,,,,,,,,,,312.2,310.2,,
2022-06-10T14:00:00Z,312.3,310.3,,,,,,,,,,,,,,,,,,,,,,
2022-06-10T14:45:00Z,,,,,302.8,299.8,,,,,,,,,,,,,,,,,,
2022-06-10T15:00:00Z,,,,,,,,,,,,,,,,,,,,,312.2,310.2,,
2022-06-10T15:15:00Z,,,,,,,,,,,,,,,,,,,,,312.2,310.2,,
2022-06-10T16:45:00Z,,,,,,,,,,,,,313.8,311.8,,,,,,,,,,
2022-06-11T10:15:00Z,313.7,311.7,,,,,,,,,,,,,,,,,,,,,,
2022-06-11T12:45:00Z,,,,,,,,,,,,,,,,,,,,,313.6,311.6,,
2022-06-13T15:30:00Z,,,,,,,,,,,,,313.8,311.8,,,,,,,,,,
2022-06-13T17:30:00Z,,,,,311.6,309.6,,,,,,,,,,,,,,,,,,
2022-06-13T17:45:00Z,,,,,,,,,,,,,,,,,,,,,313.6,311.6,,
2022-06-13T19:15:00Z,323.7,311.7,,,,,,,,,,,,,,,,,,,,,,
2022-06-13T19:30:00Z,325.1,311.7,,,,,,,,,,,,,,,,,,,,,,
2022-06-13T20:45:00Z,,,,,,,,,,,,,,,,,,,,,313.6,311.6,,
2022-06-14T10:00:00Z,,,,,,,,,,,,,,,,,,,,,313.7,311.6,,
2022-06-14T13:00:00Z,313.7,311.7,,,,,,,,,,,,,,,,,,,,,,
2022-06-14T13:30:00Z,,,,,,,,,,,,,,,,,,,,,313.6,311.6,,
2022-06-14T14:30:00Z,,,,,,,,,322.9,315.9,,,,,,,,,,,,,,
2022-06-14T15:00:00Z,322.8,315.9,,,,,,,,,,,,,,,,,,,313.6,311.6,,
2022-06-14T15:15:00Z,,,,,,,,,,,,,,,,,,,,,313.6,311.6,,
2022-06-14T15:45:00Z,,,,,,,,,,,,,320.8,315.8,,,,,,,,,,
2022-06-14T16:00:00Z,,,,,,,,,,,,,,,,,343.0,332.3,,,,,,
2022-06-14T16:15:00Z,,,,,,,,,,,,,,,,,,,,,313.6,311.6,,
2022-06-14T16:30:00Z,,,,,,,,,,,,,,,,,,,,,320.7,315.7,,
2022-06-14T16:45:00Z,,,,,,,,,,,,,,,,,,,,,320.7,315.7,,
2022-06-14T17:30:00Z,320.8,315.9,,,,,,,,,,,,,,,,,,,,,,
2022-06-14T18:00:00Z,,,,,,,,,,,,,,,,,,,,,320.7,315.7,,
2022-06-14T18:15:00Z,,,,,,,,,,,,,,,,,,,,,320.7,315.7,,
2022-06-15T11:30:00Z,320.8,315.8,,,,,,,,,,,,,,,,,,,,,,
2022-06-15T11:45:00Z,320.8,315.8,,,,,,,,,,,,,,,,,,,,,,
2022-06-15T16:30:00Z,320.8,315.8,,,,,,,,,,,,,,,,,,,,,,
2022-06-15T21:30:00Z,,,,,318.7,313.7,,,,,,,,,,,,,,,,,,
2022-06-16T11:30:00Z,,,,,,,,,322.9,319.9,,,,,,,,,,,,,,
2022-06-16T12:45:00Z,,,,,,,,,,,,,,,,,,,,,320.7,315.7,,
2022-06-16T13:30:00Z,,,,,,,,,,,,,320.8,319.8,,,343.0,336.3,,,,,,
2022-06-16T14:00:00Z,,,,,,,,,,,,,,,,,,,,,320.7,315.7,,
2022-06-16T15:15:00Z,,,,,,,,,,,,,,,,,,,,,320.7,315.7,,
2022-06-16T15:30:00Z,320.8,319.7,,,,,,,,,,,,,,,,,,,,,,
2022-06-20T09:15:00Z,,,,,,,,,,,,,,,,,,,,,320.7,319.6,,
2022-06-20T13:00:00Z,,,,,,,,,,,,,,,,,,,,,320.7,319.6,,
2022-06-20T13:15:00Z,,,,,,,,,,,,,,,,,,,,,320.7,319.6,,
2022-06-20T16:15:00Z,320.8,321.2,,,,,,,,,,,,,,,,,,,,,,
2022-06-21T09:00:00Z,,,,,,,,,,,,,,,,,,,,,320.7,319.7,,
2022-06-21T16:45:00Z,320.8,319.7,,,,,,,,,,,,,,,,,,,,,,
2022-06-21T17:15:00Z,,,,,318.7,317.6,,,,,,,,,,,,,,,,,,
2022-06-21T18:45:00Z,,,,,,,,,,,,,,,,,,,,,320.7,319.6,,
2022-06-23T08:45:00Z,,,,,,,,,,,,,,,,,,,,,320.7,319.6,,
2022-06-23T14:15:00Z,,,,,,,,,,,,,,,,,,,,,320.7,319.6,,
2022-06-23T17:45:00Z,320.8,323.6,,,,,,,,,,,,,,,,,,,,,,
2022-06-23T19:00:00Z,,,,,,,,,,,,,,,,,,,,,320.7,319.6,,
2022-06-23T19:15:00Z,,,,,,,,,,,,,,,,,,,,,320.7,319.6,,
2022-06-24T09:15:00Z,,,,,,,,,,,,,320.2,323.5,,,343.0,340.0,,,,,,
2022-06-24T09:45:00Z,,,,,,,,,,,,,,,,,,,,,320.1,319.8,,
2022-06-24T10:00:00Z,,,,,,,,,,,,,,,,,,,,,320.1,319.8,,
2022-06-24T11:45:00Z,,,,,,,,,322.9,322.9,,,,,,,,,,,,,,
2022-06-24T12:00:00Z,,,,,,,,,,,,,320.2,322.8,,,,,,,,,,
2022-06-24T12:15:00Z,,,,,,,,,,,,,,,,,343.0,339.3,,,,,,
2022-06-24T12:30:00Z,,,,,,,,,,,,,,,,,,,,,320.1,322.7,,
2022-06-24T13:00:00Z,,,,,,,,,,,,,,,,,,,,,320.1,322.7,,
2022-06-24T17:30:00Z,320.1,322.7,,,,,,,,,,,,,,,,,,,,,,
2022-06-24T18:00:00Z,,,,,,,,,,,,,,,,,,,,,320.0,322.6,,
2022-06-24T18:15:00Z,,,,,,,,,,,,,,,,,,,,,320.0,322.6,,
2022-06-27T09:00:00Z,,,,,,,,,,,,,,,,,,,,,320.0,322.6,,
2022-06-27T17:45:00Z,,,,,,,,,,,,,,,,,,,,,320.0,322.6,,
2022-06-27T21:30:00Z,,,,,,,,,,,,,,,,,,,,,320.0,322.6,,
2022-06-28T17:30:00Z,,,,,318.0,320.6,,,,,,,,,,,,,,,,,,
2022-06-30T07:15:00Z,324.6,327.2,,,,,,,,,,,,,,,,,,,,,,
2022-06-30T08:45:00Z,,,,,,,,,,,,,,,,,,,,,320.0,322.6,,
2022-06-30T09:00:00Z,,,,,,,,,,,,,,,,,,,,,320.1,322.7,,
2022-07-01T17:45:00Z,320.1,322.7,,,,,,,322.9,322.9,,,,,,,,,,,320.0,322.6,,
2022-07-06T18:00:00Z,317.6,320.1,,,,,,,322.9,322.9,,,317.7,320.2,,,340.5,336.8,,,317.5,320.0,,
2022-07-07T11:00:00Z,,,,,,,,,,,,,,,,,,,,,317.5,320.0,,
2022-07-07T11:30:00Z,,,,,,,,,321.3,321.3,,,,,,,,,,,,,,
2022-07-07T12:30:00Z,,,,,,,,,,,,,,,,,,,,,317.5,320.0,,
2022-07-07T14:45:00Z,317.6,321.5,,,,,,,,,,,,,,,,,,,,,,
2022-07-07T15:00:00Z,,,,,,,,,,,,,,,,,,,,,317.5,320.0,,
2022-07-07T15:30:00Z,,,,,,,,,,,,,316.1,318.6,,,338.9,335.2,,,,,,
2022-07-07T15:45:00Z,317.6,321.5,,,,,,,,,,,,,,,,,,,,,,
2022-07-07T16:00:00Z,,,,,,,,,,,,,,,,,,,,,316.0,318.5,,
2022-07-07T16:15:00Z,,,,,,,,,,,,,,,,,,,,,316.0,318.5,,
2022-07-07T16:30:00Z,316.0,318.6,,,,,,,,,,,,,,,,,,,316.0,318.5,,
2022-07-07T17:00:00Z,,,,,315.5,318.0,,,,,,,,,,,,,,,315.9,318.5,,
2022-07-07T17:15:00Z,,,,,,,,,,,,,,,,,,,,,315.9,318.5,,
2022-07-07T17:30:00Z,,,,,,,,,,,,,,,,,,,,,315.9,318.5,,
2022-07-08T17:45:00Z,,,,,313.9,316.5,,,,,,,,,,,,,,,,,,
2022-07-11T15:15:00Z,,,,,,,,,,,,,,,,,,,,,315.9,318.5,,
2022-07-11T16:45:00Z,319.0,321.3,,,,,,,,,,,,,,,,,,,,,,
2022-07-11T17:15:00Z,,,,,,,,,,,,,,,,,,,,,316.0,318.5,,
2022-07-12T13:45:00Z,319.0,321.3,,,,,,,,,,,,,,,,,,,316.0,318.5,,
2022-07-12T15:00:00Z,,,,,,,,,,,,,318.9,321.2,,,,,,,,,,
2022-07-12T15:30:00Z,,,,,,,,,,,,,,,,,,,,,318.8,321.1,,
2022-07-13T09:15:00Z,321.3,321.3,,,,,,,,,,,,,,,,,,,,,,
2022-07-13T13:30:00Z,,,,,,,,,319.9,321.3,,,,,,,,,,,,,,
2022-07-13T17:30:00Z,321.3,321.3,,,,,,,,,,,,,,,,,,,,,,
2022-07-14T09:45:00Z,,,,,,,,,318.9,321.3,,,,,,,,,,,,,,
2022-07-14T10:15:00Z,,,,,,,,,,,,,,,,,,,,,318.8,321.1,,
2022-07-14T11:45:00Z,318.9,321.3,,,,,,,,,,,,,,,,,,,,,,
2022-07-14T12:30:00Z,,,,,,,,,,,,,,,,,,,,,318.8,321.1,,
2022-07-14T13:00:00Z,,,,,,,,,,,,,315.9,320.2,,,335.9,334.2,,,315.8,320.1,,
2022-07-14T13:15:00Z,,,,,,,,,,,,,,,,,,,,,315.8,320.1,,
2022-07-14T16:45:00Z,,,,,315.8,318.1,,,,,,,,,,,,,,,,,,
2022-07-15T12:00:00Z,,,,,,,,,,,,,,,,,,,,,315.8,320.1,,
2022-07-15T14:00:00Z,318.9,321.3,,,,,,,,,,,,,,,,,,,,,,
2022-07-15T14:30:00Z,,,,,,,,,,,,,,,,,,,,,315.8,320.1,,
2022-07-15T15:45:00Z,,,,,312.8,317.1,,,,,,,,,,,,,,,,,,
2022-07-16T21:15:00Z,,,,,,,,,,,,,,,,,,,,,315.8,320.1,,
2022-07-18T08:30:00Z,,,,,,,,,,,,,,,,,,,,,315.8,320.1,,
2022-07-19T14:00:00Z,315.8,320.1,,,,,,,,,,,,,,,,,,,,,,
2022-07-19T14:45:00Z,,,,,,,,,,,,,,,,,,,,,315.7,320.0,,
2022-07-21T09:30:00Z,,,,,,,,,317.9,319.3,,,,,,,,,,,,,,
2022-07-21T10:15:00Z,,,,,,,,,,,,,,,,,,,,,315.7,319.2,,
2022-07-21T11:30:00Z,,,,,,,,,,,,,314.2,317.2,,,,,,,,,,
2022-07-21T11:45:00Z,,,,,,,,,,,,,,,,,334.2,331.2,,,,,,
2022-07-21T12:45:00Z,,,,,,,,,,,,,,,,,,,,,314.1,317.1,,
2022-07-21T13:00:00Z,314.2,317.2,,,,,,,,,,,,,,,,,,,,,,
2022-07-21T13:45:00Z,314.2,317.2,,,,,,,,,,,,,,,,,,,,,,
2022-07-21T14:45:00Z,,,,,,,,,315.9,317.3,,,,,,,,,,,314.1,317.1,,
2022-07-23T15:45:00Z,314.2,317.2,,,,,,,,,,,,,,,,,,,,,,
2022-07-24T13:00:00Z,314.1,317.1,,,,,,,,,,,,,,,,,,,,,,
2022-07-24T13:30:00Z,314.1,317.1,,,,,,,,,,,,,,,,,,,,,,
2022-07-24T13:45:00Z,,,,,,,,,,,,,,,,,,,,,314.0,317.0,,
2022-07-25T18:00:00Z,,,,,311.1,314.1,,,,,,,,,,,,,,,,,,
2022-07-28T09:00:00Z,,,,,,,,,314.9,317.3,,,,,,,,,,,,,,
2022-07-28T12:45:00Z,,,,,,,,,,,,,,,,,,,,,314.0,317.0,,
2022-07-28T13:00:00Z,,,,,,,,,,,,,,,,,,,,,314.0,317.0,,
2022-07-28T15:30:00Z,314.1,317.1,,,,,,,,,,,,,,,,,,,,,,
2022-07-28T20:15:00Z,,,,,,,,,,,,,,,,,,,,,314.0,317.0,,
2022-08-02T12:45:00Z,,,,,,,,,312.9,314.3,,,,,,,,,,,,,,
2022-08-02T13:30:00Z,,,,,,,,,,,,,,,,,,,,,312.8,314.2,,
2022-08-02T13:45:00Z,,,,,,,,,,,,,,,,,,,,,312.8,314.2,,
2022-08-02T14:00:00Z,312.9,314.2,,,,,,,,,,,,,,,,,,,,,,
2022-08-02T14:30:00Z,,,,,,,,,,,,,,,,,331.2,327.2,,,312.8,314.1,,
2022-08-02T14:45:00Z,,,,,,,,,,,,,312.8,314.2,,,,,,,312.8,314.1,,
2022-08-02T15:00:00Z,,,,,,,,,,,,,,,,,,,,,312.7,314.1,,
2022-08-02T16:00:00Z,,,,,,,,,,,,,,,,,,,,,312.7,314.1,,
2022-08-03T10:15:00Z,312.7,314.2,,,,,,,,,,,,,,,,,,,312.7,314.1,,
2022-08-03T13:00:00Z,,,,,,,,,,,,,,,,,,,,,312.6,314.1,,
2022-08-03T16:45:00Z,312.7,314.2,,,,,,,,,,,,,,,,,,,,,,
2022-08-03T17:15:00Z,312.7,314.2,,,,,,,,,,,,,,,,,,,,,,
2022-08-03T17:30:00Z,,,,,,,,,,,,,,,,,,,,,312.6,314.1,,
2022-08-03T18:15:00Z,,,,,,,,,,,,,,,,,,,,,312.6,314.1,,
2022-08-04T15:30:00Z,,,,,309.7,311.1,,,,,,,,,,,,,,,,,,
2022-08-05T09:00:00Z,,,,,,,,,310.9,313.3,,,,,,,,,,,,,,
2022-08-05T09:30:00Z,,,,,,,,,,,,,,,,,,,,,310.8,313.2,,
2022-08-05T09:45:00Z,,,,,,,,,,,,,,,,,,,,,310.8,313.2,,
2022-08-05T10:00:00Z,,,,,,,,,,,,,,,,,,,,,310.8,313.2,,
2022-08-05T10:15:00Z,310.9,313.3,,,,,,,,,,,,,,,,,,,,,,
2022-08-05T10:30:00Z,310.9,313.3,,,,,,,,,,,,,,,,,,,,,,
2022-08-05T10:45:00Z,310.9,313.3,,,,,,,,,,,,,,,,,,,,,,
2022-08-05T13:00:00Z,,,,,,,,,,,,,,,,,,,,,310.8,313.2,,
2022-08-05T13:30:00Z,,,,,,,,,,,,,310.8,313.2,,,328.2,325.2,,,,,,
2022-08-05T14:00:00Z,310.8,313.2,,,,,,,,,,,,,,,,,,,,,,
2022-08-05T14:15:00Z,,,,,,,,,,,,,,,,,,,,,310.7,313.1,,
2022-08-05T14:30:00Z,,,,,,,,,,,,,,,,,,,,,310.7,313.1,,
2022-08-05T14:45:00Z,310.8,313.2,,,,,,,,,,,,,,,,,,,310.7,313.1,,
2022-08-08T14:30:00Z,310.6,313.2,,,,,,,,,,,,,,,,,,,310.5,313.1,,
2022-08-08T14:45:00Z,310.8,313.2,,,,,,,,,,,,,,,,,,,,,,
2022-08-08T19:00:00Z,,,,,307.1,310.1,,,,,,,,,,,,,,,,,,
2022-08-09T09:15:00Z,310.6,313.1,,,,,,,310.9,312.3,,,,,,,,,,,,,,
2022-08-09T09:30:00Z,,,,,,,,,,,,,,,,,,,,,310.5,313.1,,
2022-08-09T10:00:00Z,,,,,,,,,,,,,,,,,,,,,310.5,312.2,,
2022-08-09T10:15:00Z,310.6,312.2,,,,,,,,,,,,,,,,,,,,,,
2022-08-09T11:00:00Z,,,,,,,,,,,,,,,,,,,,,310.5,312.1,,
2022-08-09T12:45:00Z,,,,,,,,,,,,,,,,,,,,,310.5,312.1,,
2022-08-09T13:00:00Z,,,,,,,,,,,,,,,,,,,,,310.5,312.1,,
2022-08-09T15:45:00Z,310.6,312.1,,,,,,,,,,,,,,,,,,,,,,
2022-08-09T16:00:00Z,310.6,312.1,,,,,,,,,,,,,,,,,,,,,,
2022-08-09T16:45:00Z,,,,,,,,,,,,,310.6,310.2,,,328.2,323.2,,,,,,
2022-08-09T17:00:00Z,,,,,,,,,,,,,,,,,,,,,310.5,310.1,,
2022-08-09T17:15:00Z,310.6,310.1,,,,,,,,,,,,,,,,,,,,,,
2022-08-09T17:30:00Z,,,,,,,,,,,,,,,,,,,,,310.5,310.0,,
2022-08-09T18:00:00Z,,,,,,,,,,,,,,,,,,,,,310.5,310.0,,
2022-08-10T17:45:00Z,,,,,307.1,307.0,,,,,,,,,,,,,,,,,,
2022-08-11T09:30:00Z,,,,,,,,,310.9,310.3,,,,,,,,,,,,,,
2022-08-12T09:00:00Z,310.6,310.1,,,,,,,,,,,,,,,,,,,,,,
2022-08-12T09:30:00Z,,,,,,,,,,,,,,,,,,,,,310.5,310.0,,
2022-08-15T13:15:00Z,,,,,,,,,,,,,307.6,309.2,,,325.2,322.2,,,,,,
2022-08-15T13:45:00Z,307.6,309.1,,,,,,,,,,,,,,,,,,,307.5,309.0,,
2022-08-15T14:00:00Z,,,,,,,,,,,,,,,,,,,,,307.5,309.0,,
2022-08-15T15:30:00Z,,,,,,,,,,,,,,,,,,,,,307.5,309.0,,
2022-08-15T15:45:00Z,,,,,,,,,,,,,,,,,,,,,307.5,309.0,,
2022-08-15T16:00:00Z,,,,,,,,,,,,,,,,,,,,,307.5,309.0,,
2022-08-15T17:15:00Z,307.6,309.1,,,,,,,,,,,,,,,,,,,,,,
2022-08-15T18:45:00Z,,,,,,,,,307.9,307.3,,,,,,,,,,,,,,
2022-08-15T19:45:00Z,,,,,,,,,,,,,,,,,,,,,307.5,307.2,,
2022-08-15T20:00:00Z,,,,,,,,,,,,,,,,,,,,,307.5,307.2,,
2022-08-16T09:30:00Z,307.5,307.2,,,,,,,,,,,307.6,307.2,,,325.2,320.2,,,,,,
2022-08-16T09:45:00Z,307.5,307.2,,,,,,,,,,,,,,,,,,,,,,
2022-08-16T10:00:00Z,,,,,,,,,,,,,,,,,,,,,307.4,307.1,,
2022-08-16T10:15:00Z,,,,,,,,,,,,,,,,,,,,,307.4,307.1,,
2022-08-16T10:30:00Z,,,,,,,,,,,,,,,,,,,,,307.4,307.1,,
2022-08-16T10:45:00Z,307.5,307.1,,,,,,,,,,,,,,,,,,,,,,
2022-08-16T11:00:00Z,,,,,,,,,,,,,,,,,,,,,307.4,307.0,,
2022-08-19T16:30:00Z,307.5,307.1,,,304.5,304.2,,,,,,,,,,,,,,,307.4,307.0,,
2022-08-20T20:15:00Z,,,,,,,,,,,,,307.5,307.1,,,324.7,320.2,,,,,,
2022-08-23T08:15:00Z,,,,,,,,,304.9,307.3,,,,,,,,,,,,,,
2022-08-23T08:30:00Z,,,,,,,,,,,,,,,,,,,,,304.8,307.0,,
2022-08-23T11:15:00Z,,,,,,,,,,,,,,,,,,,,,304.8,307.0,,
2022-08-24T10:15:00Z,304.5,307.1,,,,,,,,,,,,,,,,,,,,,,
2022-08-24T10:30:00Z,304.8,307.1,,,,,,,,,,,,,,,,,,,,,,
2022-08-24T11:00:00Z,,,,,,,,,,,,,,,,,,,,,304.7,307.0,,
2022-08-24T12:45:00Z,,,,,,,,,,,,,304.8,307.1,,,322.2,320.2,,,,,,
2022-08-24T13:15:00Z,,,,,,,,,,,,,,,,,,,,,304.7,307.0,,
2022-08-25T12:15:00Z,,,,,,,,,304.9,309.3,,,,,,,,,,,,,,
2022-08-25T16:45:00Z,,,,,301.5,304.2,,,,,,,,,,,,,,,,,,
2022-08-26T10:30:00Z,304.8,309.1,,,,,,,,,,,,,,,,,,,,,,
2022-08-26T12:30:00Z,,,,,,,,,,,,,,,,,322.2,322.2,,,,,,
2022-08-26T12:45:00Z,,,,,,,,,,,,,304.8,309.1,,,,,,,,,,
2022-08-26T13:00:00Z,,,,,,,,,,,,,,,,,,,,,304.7,309.0,,
2022-08-26T13:45:00Z,,,,,,,,,,,,,,,,,,,,,304.7,309.0,,
2022-08-26T14:00:00Z,,,,,,,,,,,,,,,,,,,,,304.7,309.0,,
2022-09-01T11:30:00Z,,,,,,,,,301.9,309.3,,,,,,,,,,,,,,
2022-09-01T12:00:00Z,,,,,,,,,,,,,,,,,,,,,301.8,309.0,,
2022-09-01T13:15:00Z,301.8,309.1,,,,,,,,,,,301.8,309.1,,,319.2,322.2,,,,,,
2022-09-01T13:30:00Z,,,,,,,,,,,,,,,,,,,,,301.7,309.0,,
2022-09-01T13:45:00Z,,,,,,,,,,,,,,,,,,,,,301.7,309.0,,
2022-09-01T17:45:00Z,,,,,,,,,,,,,,,,,,,,,301.7,309.0,,
2022-09-02T08:45:00Z,,,,,,,,,,,,,,,,,,,,,301.7,309.0,,
2022-09-02T09:00:00Z,,,,,,,,,,,,,,,,,,,,,301.7,309.0,,
2022-09-02T17:00:00Z,,,,,298.2,304.2,,,,,,,,,,,,,,,,,,
2022-09-06T09:45:00Z,301.7,309.0,,,,,,,,,,,,,,,,,,,,,,
2022-09-06T10:00:00Z,301.7,309.0,,,,,,,,,,,,,,,,,,,,,,
2022-09-06T10:30:00Z,,,,,,,,,,,,,,,,,,,,,301.6,308.9,,
2022-09-06T11:00:00Z,,,,,,,,,,,,,,,,,,,,,301.6,308.9,,
2022-09-07T08:45:00Z,,,,,,,,,299.9,309.3,,,,,,,,,,,,,,
2022-09-07T09:00:00Z,,,,,,,,,,,,,,,,,,,,,299.8,308.9,,
2022-09-07T10:15:00Z,,,,,,,,,,,,,,,,,,,,,299.8,308.9,,
2022-09-07T10:30:00Z,,,,,,,,,,,,,,,,,,,,,299.8,308.9,,
2022-09-10T17:30:00Z,299.7,308.8,,,296.2,304.2,,,299.9,309.3,,,,,,,,,,,299.6,308.7,,
2022-09-14T17:15:00Z,,,,,,,,,,,,,299.7,308.8,,,317.2,322.2,,,,,,
2022-09-15T09:45:00Z,,,,,,,,,299.9,307.3,,,,,,,,,,,,,,
2022-09-16T03:45:00Z,299.7,306.8,,,,,,,,,,,,,,,,,,,,,,
2022-09-16T11:00:00Z,,,,,,,,,299.9,305.3,,,,,,,,,,,,,,
2022-09-16T20:30:00Z,,,,,,,,,,,,,299.7,306.8,,,317.2,320.2,,,,,,
2022-09-17T09:15:00Z,,,,,,,,,,,,,,,,,,,,,299.6,305.2,,
2022-09-17T09:31:00Z,,,,,,,,,,,,,,,,,,,,,299.6,305.2,,
2022-09-19T11:46:00Z,299.7,305.2,,,,,,,,,,,,,,,,,,,,,,
2022-09-19T12:00:00Z,,,,,,,,,,,,,,,,,,,,,299.6,305.1,,
2022-09-19T12:15:00Z,,,,,,,,,,,,,,,,,,,,,299.6,305.1,,
2022-09-19T14:30:00Z,,,,,,,,,,,,,299.7,304.8,,,317.2,318.2,,,,,,
2022-09-19T14:45:00Z,299.7,304.8,,,,,,,,,,,,,,,,,,,,,,
2022-09-19T15:00:00Z,,,,,,,,,,,,,,,,,,,,,299.6,304.7,,
2022-09-20T11:15:00Z,,,,,,,,,299.9,304.9,,,,,,,,,,,,,,
2022-09-20T11:30:00Z,,,,,,,,,,,,,,,,,,,,,299.6,304.7,,
2022-09-20T19:45:00Z,,,,,296.2,301.2,,,,,,,,,,,,,,,,,,
2022-09-21T09:45:00Z,,,,,,,,,,,,,,,,,317.2,317.2,,,,,,
2022-09-21T10:15:00Z,299.7,304.7,,,,,,,,,,,,,,,,,,,,,,
2022-09-21T11:30:00Z,,,,,,,,,,,,,,,,,,,,,299.6,304.6,,
2022-09-21T11:45:00Z,,,,,,,,,,,,,,,,,,,,,299.6,304.6,,
2022-09-26T09:15:00Z,,,,,,,,,298.9,303.9,,,,,,,,,,,,,,
2022-09-26T09:30:00Z,,,,,,,,,,,,,,,,,,,,,298.8,303.8,,
2022-09-26T09:45:00Z,,,,,,,,,,,,,,,,,,,,,298.8,303.8,,
2022-09-26T12:30:00Z,298.9,303.9,,,,,,,,,,,,,,,,,,,,,,
2022-09-26T13:00:00Z,,,,,,,,,,,,,,,,,,,,,298.8,303.8,,
2022-09-26T14:15:00Z,298.8,303.8,,,,,,,,,,,,,,,,,,,,,,
2022-09-26T14:30:00Z,,,,,,,,,,,,,298.8,303.8,,,,,,,298.7,303.7,,
2022-09-26T14:45:00Z,,,,,,,,,,,,,,,,,316.2,316.2,,,,,,
2022-09-26T15:15:00Z,,,,,,,,,,,,,,,,,,,,,298.7,303.7,,
2022-09-27T10:45:00Z,,,,,,,,,298.9,302.9,,,,,,,,,,,,,,
2022-09-27T11:00:00Z,,,,,,,,,,,,,,,,,,,,,298.7,302.8,,
2022-09-27T11:15:00Z,,,,,,,,,,,,,,,,,,,,,298.7,302.8,,
2022-09-27T13:00:00Z,,,,,,,,,,,,,298.8,302.8,,,,,,,,,,
2022-09-27T13:15:00Z,,,,,,,,,,,,,,,,,316.2,315.2,,,,,,
2022-09-27T13:30:00Z,,,,,,,,,,,,,,,,,,,,,298.7,302.7,,
2022-09-27T21:00:00Z,,,,,294.2,299.2,,,,,,,,,,,,,,,,,,
2022-09-28T09:00:00Z,,,,,,,,,,,,,,,,,,,,,298.7,302.7,,
2022-09-29T18:00:00Z,,,,,294.2,298.2,,,,,,,,,,,,,,,,,,
2022-10-03T09:00:00Z,298.8,302.8,,,,,,,,,,,,,,,,,,,,,,
2022-10-03T09:30:00Z,,,,,,,,,,,,,,,,,,,,,298.7,302.7,,
2022-10-05T09:30:00Z,,,,,,,,,301.9,305.9,,,,,,,,,,,,,,
2022-10-05T10:00:00Z,,,,,,,,,,,,,,,,,,,,,298.7,302.7,,
2022-10-05T17:45:00Z,,,,,,,,,,,,,301.8,305.8,,,319.2,318.2,,,,,,
2022-10-05T21:00:00Z,,,,,,,,,,,,,,,,,,,,,298.7,302.7,,
2022-10-05T21:15:00Z,,,,,,,,,,,,,,,,,,,,,298.7,302.7,,
2022-10-06T10:15:00Z,301.8,305.8,,,,,,,,,,,,,,,,,,,,,,
2022-10-06T10:30:00Z,,,,,,,,,,,,,,,,,,,,,301.7,305.7,,
2022-10-06T10:45:00Z,,,,,,,,,,,,,,,,,,,,,301.7,305.7,,
2022-10-06T11:00:00Z,,,,,,,,,,,,,,,,,,,,,301.7,305.7,,
2022-10-09T09:45:00Z,,,,,,,,,,,,,,,,,,,,,301.7,305.7,,
2022-10-09T16:30:00Z,,,,,296.7,300.7,,,,,,,,,,,,,,,,,,
2022-10-10T08:45:00Z,,,,,,,,,304.9,309.9,,,,,,,,,,,,,,
2022-10-10T09:45:00Z,,,,,,,,,304.9,309.9,,,,,,,,,,,301.7,305.7,,
2022-10-10T13:30:00Z,,,,,,,,,,,,,304.8,309.8,,,322.2,322.2,,,,,,
2022-10-10T14:00:00Z,304.8,309.8,,,,,,,,,,,,,,,,,,,301.7,305.7,,
2022-10-10T16:00:00Z,,,,,,,,,,,,,,,,,,,,,304.7,309.7,,
2022-10-12T09:45:00Z,,,,,,,,,304.9,309.9,,,,,,,,,,,,,,
2022-10-12T10:00:00Z,304.7,309.7,,,,,,,,,,,,,,,,,,,,,,
2022-10-12T10:30:00Z,,,,,,,,,,,,,,,,,,,,,304.6,309.6,,
2022-10-12T10:45:00Z,,,,,,,,,,,,,,,,,,,,,304.6,309.6,,
2022-10-12T11:00:00Z,,,,,,,,,,,,,304.7,309.7,,,,,,,,,,
2022-10-12T13:30:00Z,,,,,,,,,,,,,,,,,,,,,304.6,309.6,,
2022-10-12T20:00:00Z,,,,,299.7,304.7,,,,,,,,,,,,,,,,,,
2022-10-25T10:00:00Z,,,,,,,,,304.9,311.9,,,,,,,,,,,,,,
2022-10-26T13:45:00Z,,,,,,,,,,,,,304.7,311.7,,,322.2,324.2,,,,,,
2022-10-26T14:00:00Z,304.7,311.7,,,,,,,,,,,,,,,,,,,304.6,309.6,,
2022-10-26T14:15:00Z,,,,,,,,,,,,,,,,,,,,,304.6,311.6,,
2022-10-26T14:30:00Z,,,,,,,,,,,,,,,,,,,,,304.6,311.6,,
2022-10-26T15:00:00Z,304.7,311.6,,,,,,,,,,,,,,,,,,,,,,
2022-10-26T15:30:00Z,,,,,,,,,,,,,,,,,,,,,304.6,311.5,,
2022-10-27T08:30:00Z,,,,,,,,,304.9,313.9,,,,,,,,,,,,,,
2022-10-27T09:00:00Z,,,,,,,,,,,,,,,,,322.2,326.2,,,,,,
2022-10-27T09:15:00Z,,,,,,,,,,,,,304.7,313.7,,,,,,,,,,
2022-10-27T10:15:00Z,,,,,,,,,,,,,,,,,,,,,304.6,311.5,,
2022-10-28T16:00:00Z,304.7,313.6,,,,,,,,,,,,,,,,,,,,,,
2022-10-28T16:45:00Z,,,,,,,,,,,,,,,,,,,,,304.6,313.5,,
2022-10-28T17:15:00Z,,,,,,,,,,,,,,,,,,,,,304.6,313.5,,
2022-10-28T17:30:00Z,,,,,,,,,,,,,,,,,,,,,304.6,313.5,,
2022-10-31T12:00:00Z,,,,,,,,,,,,,304.7,313.6,,,,,,,,,,
2022-10-31T14:00:00Z,,,,,294.7,304.7,,,,,,,,,,,,,,,,,,
2022-11-03T12:30:00Z,,,,,,,,,306.9,313.9,,,,,,,,,,,,,,
2022-11-04T12:45:00Z,,,,,,,,,306.9,315.9,,,,,,,,,,,,,,
2022-11-04T14:15:00Z,,,,,,,,,,,,,,,,,,,,,304.6,313.5,,
2022-11-05T15:30:00Z,,,,,,,,,,,,,306.7,315.6,,,324.2,328.2,,,,,,
2022-11-05T16:31:00Z,306.7,315.6,,,,,,,,,,,,,,,,,,,,,,
2022-11-05T18:15:00Z,,,,,,,,,,,,,,,,,,,,,306.6,315.5,,
2022-11-05T18:30:00Z,,,,,,,,,,,,,,,,,,,,,306.6,315.5,,
2022-11-05T21:45:00Z,,,,,,,,,,,,,,,,,,,,,306.6,315.5,,
2022-11-05T22:00:00Z,,,,,,,,,,,,,,,,,,,,,306.6,315.5,,
2022-11-07T09:00:00Z,306.6,315.5,,,,,,,306.9,317.9,,,,,,,,,,,,,,
2022-11-07T10:45:00Z,,,,,,,,,,,,,,,,,,,,,306.5,315.4,,
2022-11-07T11:45:00Z,,,,,,,,,,,,,,,,,,,,,306.5,315.4,,
2022-11-07T14:30:00Z,,,,,,,,,,,,,306.5,317.6,,,324.2,330.2,,,,,,
2022-11-07T14:45:00Z,306.5,315.5,,,,,,,,,,,,,,,,,,,,,,
2022-11-07T15:00:00Z,306.5,317.5,,,,,,,,,,,,,,,,,,,306.4,315.4,,
2022-11-07T15:30:00Z,,,,,,,,,,,,,,,,,,,,,306.4,315.4,,
2022-11-07T15:45:00Z,,,,,,,,,,,,,,,,,,,,,306.4,317.4,,
2022-11-08T08:15:00Z,,,,,,,,,,,,,306.5,317.5,,,,,,,,,,
2022-11-08T18:15:00Z,,,,,298.7,307.7,,,,,,,,,,,,,,,,,,
2022-11-20T22:15:00Z,,,,,298.7,309.7,,,,,,,,,,,,,,,,,,
2022-11-23T11:30:00Z,,,,,,,,,306.9,317.9,,,,,,,,,,,,,,
2022-11-24T09:00:00Z,,,,,,,,,306.9,315.9,,,,,,,,,,,,,,
2022-11-24T09:45:00Z,,,,,,,,,306.9,315.9,,,,,,,,,,,,,,
2022-11-24T11:15:00Z,,,,,,,,,,,,,,,,,,,,,306.4,315.8,,
2022-11-24T11:30:00Z,,,,,,,,,,,,,,,,,,,,,306.4,315.8,,
2022-11-24T11:45:00Z,306.5,315.8,,,,,,,,,,,,,,,,,,,,,,
2022-11-24T12:00:00Z,,,,,,,,,,,,,,,,,,,,,306.4,315.7,,
2022-11-24T14:45:00Z,,,,,,,,,,,,,,,,,324.2,328.2,,,,,,
2022-11-24T15:00:00Z,306.5,315.4,,,,,,,,,,,306.5,315.5,,,,,,,306.4,315.4,,
2022-11-24T15:15:00Z,,,,,,,,,,,,,,,,,,,,,306.4,315.3,,
2022-11-25T16:45:00Z,306.4,315.4,,,,,,,,,,,,,,,,,,,,,,
2022-11-25T17:15:00Z,,,,,,,,,,,,,,,,,,,,,306.3,315.3,,
2022-11-25T18:00:00Z,,,,,,,,,,,,,,,,,,,,,306.3,315.3,,
2022-11-28T17:15:00Z,,,,,,,,,,,,,,,,,320.2,328.2,,,,,,
2022-11-28T17:30:00Z,,,,,,,,,,,,,302.5,315.4,,,,,,,302.4,315.3,,
2022-11-28T17:45:00Z,,,,,,,,,,,,,,,,,,,,,302.4,315.3,,
2022-11-28T18:00:00Z,,,,,,,,,,,,,,,,,,,,,302.4,315.3,,
2022-11-28T18:15:00Z,302.3,315.4,,,,,,,,,,,,,,,,,,,,,,
2022-11-28T18:30:00Z,,,,,,,,,,,,,,,,,,,,,302.2,315.3,,
2022-11-28T19:30:00Z,,,,,,,,,,,,,302.3,315.4,,,,,,,302.2,315.3,,
2022-11-29T08:45:00Z,,,,,,,,,302.9,314.9,,,,,,,,,,,,,,
2022-11-29T09:00:00Z,,,,,,,,,,,,,,,,,,,,,302.2,314.8,,
2022-11-29T09:15:00Z,302.3,314.8,,,,,,,,,,,,,,,,,,,,,,
2022-11-29T09:45:00Z,302.2,314.8,,,,,,,,,,,,,,,,,,,,,,
2022-11-29T10:00:00Z,,,,,,,,,,,,,,,,,,,,,302.1,314.7,,
2022-11-29T11:00:00Z,,,,,,,,,,,,,,,,,320.2,327.2,,,,,,
2022-11-29T11:15:00Z,,,,,,,,,,,,,302.2,314.8,,,,,,,,,,
2022-11-29T11:30:00Z,,,,,,,,,,,,,,,,,,,,,302.1,314.7,,
2022-11-29T11:45:00Z,302.2,314.1,,,,,,,,,,,,,,,,,,,,,,
2022-11-29T12:00:00Z,302.2,314.7,,,,,,,,,,,,,,,,,,,302.1,314.7,,
2022-11-29T12:15:00Z,,,,,,,,,,,,,,,,,,,,,302.1,314.6,,
2022-11-29T13:15:00Z,,,,,,,,,,,,,,,,,,,,,302.1,314.6,,
2022-11-29T17:30:00Z,,,,,,,,,,,,,302.2,314.7,,,,,,,,,,
2022-12-06T09:45:00Z,,,,,,,,,302.9,314.9,,,,,,,,,,,,,,
2022-12-07T09:30:00Z,,,,,,,,,302.9,312.9,,,,,,,,,,,,,,
2022-12-07T09:45:00Z,,,,,,,,,,,,,,,,,,,,,302.1,312.8,,
2022-12-07T10:15:00Z,302.2,312.8,,,,,,,,,,,,,,,,,,,,,,
2022-12-07T10:30:00Z,,,,,,,,,,,,,,,,,,,,,302.1,312.7,,
2022-12-07T14:30:00Z,,,,,,,,,,,,,300.2,312.8,,,318.2,325.2,,,,,,
2022-12-07T14:45:00Z,,,,,,,,,,,,,,,,,,,,,300.1,312.7,,
2022-12-07T15:15:00Z,300.1,312.8,,,,,,,,,,,,,,,,,,,300.1,312.7,,
2022-12-07T15:30:00Z,,,,,,,,,,,,,,,,,,,,,300.0,312.7,,
2022-12-08T08:30:00Z,,,,,,,,,,,,,300.1,312.8,,,,,,,,,,
2022-12-08T10:00:00Z,,,,,,,,,300.9,312.9,,,,,,,,,,,,,,
2022-12-08T10:15:00Z,,,,,,,,,,,,,,,,,,,,,300.0,312.7,,
2022-12-08T17:15:00Z,,,,,,,,,,,,,,,,,,,,,300.0,312.7,,
2022-12-08T19:30:00Z,,,,,294.7,307.7,,,,,,,,,,,,,,,,,,
2022-12-13T14:00:00Z,,,,,292.7,305.7,,,,,,,,,,,,,,,,,,
2022-12-15T09:30:00Z,,,,,,,,,301.9,314.9,,,,,,,,,,,,,,
2022-12-15T12:30:00Z,,,,,290.7,302.7,,,,,,,,,,,,,,,,,,
2022-12-19T14:15:00Z,,,,,,,,,300.9,313.9,,,,,,,,,,,,,,
2022-12-23T13:00:00Z,300.1,312.8,,,,,,,,,,,,,,,,,,,,,,
2022-12-23T13:15:00Z,,,,,,,,,,,,,,,,,,,,,300.0,312.7,,
2022-12-27T16:00:00Z,300.0,312.7,,,,,,,,,,,,,,,,,,,,,,
2022-12-27T16:15:00Z,300.0,312.7,,,,,,,,,,,,,,,,,,,299.9,312.6,,
2022-12-27T16:30:00Z,,,,,,,,,,,,,,,,,,,,,299.9,312.6,,
2022-12-28T17:00:00Z,,,,,,,,,,,,,299.9,312.7,,,,,,,,,,
2022-12-28T17:15:00Z,,,,,,,,,,,,,,,,,,,,,299.8,312.6,,
2022-12-29T08:45:00Z,299.8,312.7,,,,,,,,,,,,,,,,,,,,,,
2022-12-29T09:00:00Z,299.8,312.6,,,,,,,,,,,,,,,,,,,299.7,312.6,,
2022-12-29T09:15:00Z,,,,,,,,,,,,,,,,,,,,,299.7,312.5,,
2022-12-29T10:15:00Z,,,,,,,,,,,,,299.8,312.6,,,,,,,,,,
2023-01-01T00:15:00Z,,,,,,,,,,,,,,,,,326.8,332.8,,,,,,
2023-01-01T00:30:00Z,,,,,,,,,,,,,308.4,320.2,,,,,,,,,,
2023-01-01T13:15:00Z,,,,,,,,,309.5,321.5,,,,,,,,,,,,,,
2023-01-01T15:15:00Z,,,,,,,,,,,,,,,,,,,,,299.7,312.5,,
2023-01-01T15:30:00Z,,,,,,,,,,,,,,,,,,,,,299.7,312.5,,
2023-01-02T09:30:00Z,304.45,319.05,,,,,,,,,,,,,,,,,,,,,,
2023-01-02T09:45:00Z,,,,,,,,,,,,,,,,,,,,,304.3,318.9,,
2023-01-02T10:00:00Z,,,,,,,,,,,,,,,,,,,,,304.3,318.9,,
2023-01-02T10:15:00Z,,,,,,,,,,,,,,,,,,,,,304.3,318.9,,
2023-01-02T11:45:00Z,,,,,,,,,,,,,,,,,,,,,304.3,318.9,,
2023-01-02T15:15:00Z,,,,,,,,,306.9,319.9,,,,,,,,,,,,,,
2023-01-02T15:30:00Z,,,,,,,,,,,,,,,,,,,,,304.3,318.9,,
2023-01-03T10:45:00Z,,,,,,,,,,,,,304.4,319.0,,,322.8,331.6,,,,,,
2023-01-03T14:15:00Z,,,,,,,,,305.9,319.9,,,,,,,,,,,,,,
2023-01-03T14:30:00Z,304.3,318.9,,,,,,,,,,,,,,,,,,,,,,
2023-01-03T14:45:00Z,,,,,,,,,,,,,,,,,,,,,304.2,318.9,,
2023-01-03T15:00:00Z,,,,,,,,,,,,,,,,,,,,,304.2,318.8,,
2023-01-03T15:15:00Z,,,,,,,,,,,,,,,,,,,,,304.2,318.8,,
2023-01-03T15:30:00Z,,,,,,,,,,,,,,,,,,,,,304.2,318.8,,
2023-01-03T16:15:00Z,,,,,,,,,,,,,,,,,,,,,304.2,318.8,,
2023-01-03T19:30:00Z,,,,,,,,,,,,,,,,,,,,,304.2,318.8,,
2023-01-03T19:45:00Z,,,,,,,,,,,,,,,,,,,,,304.2,318.8,,
2023-01-04T09:15:00Z,,,,,,,,,,,,,304.3,318.9,,,,,,,,,,
2023-01-04T11:00:00Z,,,,,293.7,308.7,,,,,,,,,,,,,,,,,,
2023-01-04T13:30:00Z,,,,,,,,,304.9,318.9,,,,,,,,,,,,,,
2023-01-04T14:00:00Z,,,,,,,,,,,,,,,,,,,,,304.2,318.8,,
2023-01-04T14:30:00Z,,,,,,,,,,,,,,,,,,,,,304.2,318.8,,
2023-01-05T12:00:00Z,,,,,,,,,304.9,316.9,,,,,,,,,,,,,,
2023-01-05T12:15:00Z,,,,,,,,,,,,,,,,,,,,,304.2,316.8,,
2023-01-05T12:30:00Z,,,,,,,,,,,,,,,,,,,,,304.2,316.8,,
2023-01-06T11:45:00Z,,,,,,,,,,,,,,,,,320.7,329.5,,,,,,
2023-01-06T12:00:00Z,,,,,,,,,,,,,302.2,316.8,,,,,,,,,,
2023-01-06T12:15:00Z,302.0,316.8,,,,,,,,,,,,,,,,,,,,,,
2023-01-06T12:30:00Z,,,,,,,,,,,,,,,,,,,,,301.9,316.7,,
2023-01-06T12:45:00Z,,,,,,,,,,,,,,,,,,,,,301.9,316.7,,
2023-01-06T13:45:00Z,,,,,,,,,302.9,316.9,,,,,,,,,,,,,,
2023-01-09T12:00:00Z,,,,,,,,,,,,,302.0,316.8,,,,,,,,,,
2023-01-09T12:15:00Z,,,,,,,,,,,,,,,,,,,,,301.9,316.7,,
2023-01-10T17:30:00Z,,,,,293.7,306.7,,,,,,,,,,,,,,,,,,
2023-02-03T09:15:00Z,,,,,,,,,302.9,314.9,,,,,,,,,,,,,,
2023-02-03T09:30:00Z,,,,,,,,,,,,,,,,,,,,,301.9,314.8,,
2023-02-03T09:45:00Z,,,,,,,,,,,,,,,,,,,,,301.9,314.8,,
2023-02-03T10:15:00Z,302.0,314.8,,,,,,,,,,,,,,,,,,,,,,
2023-02-03T10:45:00Z,,,,,,,,,,,,,,,,,,,,,301.9,314.7,,
2023-02-03T11:00:00Z,,,,,,,,,,,,,,,,,,,,,301.9,314.7,,
2023-02-03T14:00:00Z,,,,,,,,,,,,,302.0,314.8,,,320.7,327.5,,,,,,
2023-02-03T14:15:00Z,,,,,,,,,,,,,,,,,,,,,301.9,314.7,,
2023-02-03T14:30:00Z,,,,,,,,,,,,,,,,,,,,,301.9,314.7,,
2023-02-06T09:45:00Z,,,,,,,,,302.9,312.9,,,,,,,,,,,,,,
2023-02-06T10:00:00Z,,,,,,,,,,,,,,,,,,,,,301.9,312.8,,
2023-02-06T10:15:00Z,,,,,,,,,,,,,,,,,,,,,301.9,312.8,,
2023-02-06T13:00:00Z,,,,,,,,,,,,,,,,,320.7,325.5,,,,,,
2023-02-06T13:15:00Z,302.0,312.8,,,,,,,,,,,302.0,312.8,,,,,,,301.9,312.8,,
2023-02-06T13:30:00Z,,,,,,,,,,,,,,,,,,,,,301.9,312.7,,
2023-02-08T11:30:00Z,,,,,,,,,302.9,312.9,,,,,,,,,,,,,,
2023-02-09T17:15:00Z,,,,,291.7,302.7,,,,,,,,,,,,,,,,,,
2023-02-15T10:00:00Z,,,,,,,,,302.9,312.9,,,,,,,,,,,,,,
2023-02-15T11:00:00Z,,,,,,,,,302.9,312.9,,,,,,,,,,,,,,
2023-02-15T13:15:00Z,,,,,,,,,302.9,312.9,,,,,,,,,,,,,,
2023-02-21T10:00:00Z,,,,,,,,,302.9,312.9,,,,,,,,,,,,,,
2023-02-21T10:30:00Z,,,,,,,,,303.9,274.06,,,,,,,,,,,,,,
2023-02-21T11:30:00Z,,,,,,,,,303.9,312.9,,,,,,,,,,,,,,
2023-02-21T15:00:00Z,303.0,312.8,,,,,,,,,,,,,,,,,,,,,,
2023-02-21T15:45:00Z,,,,,,,,,,,,,,,,,,,,,301.9,312.7,,
2023-03-07T09:30:00Z,,,,,,,,,303.9,312.9,,,,,,,,,,,,,,
2023-03-07T14:15:00Z,301.9,312.8,,,,,,,,,,,,,,,,,,,,,,
2023-03-07T15:00:00Z,,,,,,,,,,,,,,,,,,,,,301.8,312.7,,
2023-03-07T15:15:00Z,,,,,,,,,,,,,,,,,,,,,301.8,312.7,,
2023-03-07T21:00:00Z,,,,,289.7,300.7,,,,,,,,,,,,,,,,,,
2023-03-09T09:15:00Z,,,,,,,,,,,,,301.9,312.8,,,,,,,,,,
2023-03-10T18:30:00Z,,,,,289.7,299.7,,,,,,,,,,,,,,,,,,
2023-03-13T14:15:00Z,,,,,,,,,302.9,312.9,,,,,,,,,,,,,,
2023-03-14T09:30:00Z,,,,,,,,,302.9,310.9,,,,,,,,,,,,,,
2023-03-14T09:45:00Z,,,,,,,,,,,,,,,,,,,,,301.8,310.8,,
2023-03-14T13:00:00Z,301.9,311.6,,,,,,,,,,,,,,,,,,,,,,
2023-03-14T13:15:00Z,301.9,310.8,,,,,,,,,,,,,,,,,,,301.8,310.7,,
2023-03-14T13:30:00Z,,,,,,,,,,,,,,,,,,,,,301.8,310.7,,
2023-03-14T14:45:00Z,,,,,,,,,,,,,301.9,310.8,,,320.7,323.5,,,,,,
2023-03-14T15:00:00Z,,,,,,,,,,,,,,,,,,,,,301.8,310.7,,
2023-03-16T10:15:00Z,,,,,,,,,301.9,308.9,,,,,,,,,,,,,,
2023-03-16T10:30:00Z,301.9,308.8,,,,,,,301.9,308.9,,,,,,,,,,,299.8,308.8,,
2023-03-16T10:45:00Z,,,,,,,,,,,,,,,,,,,,,299.8,308.7,,
2023-03-16T11:00:00Z,,,,,,,,,,,,,,,,,,,,,299.8,308.7,,
2023-03-16T11:45:00Z,299.8,308.8,,,,,,,,,,,,,,,,,,,,,,
2023-03-16T12:00:00Z,,,,,,,,,,,,,,,,,,,,,299.7,308.7,,
2023-03-16T12:45:00Z,,,,,,,,,,,,,,,,,,,,,299.7,308.7,,
2023-03-16T14:30:00Z,,,,,,,,,,,,,299.8,308.8,,,318.7,321.5,,,,,,
2023-03-16T15:00:00Z,,,,,,,,,,,,,,,,,,,,,299.7,308.7,,
2023-03-16T15:15:00Z,,,,,,,,,,,,,,,,,,,,,299.7,308.7,,
2023-03-20T10:00:00Z,,,,,,,,,299.9,308.9,,,,,,,,,,,,,,
2023-03-20T10:15:00Z,,,,,,,,,299.9,308.9,,,,,,,,,,,,,,
2023-03-20T12:30:00Z,,,,,,,,,,,,,,,,,,,,,299.7,308.7,,
2023-03-28T18:15:00Z,,,,,286.7,295.7,,,,,,,,,,,,,,,,,,
2023-04-04T09:00:00Z,,,,,,,,,301.9,308.9,,,,,,,,,,,,,,
2023-04-04T09:15:00Z,,,,,,,,,,,,,,,,,,,,,299.7,308.7,,
2023-04-12T17:15:00Z,299.8,304.8,,,,,,,,,,,,,,,,,,,,,,
2023-04-12T17:45:00Z,296.8,304.8,,,,,,,,,,,,,,,,,,,,,,
2023-04-12T18:00:00Z,,,,,,,,,,,,,,,,,,,,,296.7,304.7,,
2023-04-13T13:00:00Z,,,,,,,,,301.9,308.9,,,,,,,,,,,,,,
2023-04-13T13:15:00Z,,,,,,,,,296.9,304.9,,,,,,,,,,,296.7,304.7,,
2023-04-13T13:30:00Z,,,,,,,,,,,,,,,,,,,,,296.7,304.7,,
2023-04-13T14:30:00Z,,,,,,,,,,,,,,,,,,,,,296.7,304.7,,
2023-04-13T15:45:00Z,,,,,,,,,,,,,296.8,304.8,,,315.7,317.5,,,,,,
2023-04-13T16:00:00Z,,,,,,,,,,,,,,,,,,,,,296.7,304.7,,
2023-04-13T16:15:00Z,296.8,304.8,,,,,,,,,,,,,,,,,,,,,,
2023-04-13T16:30:00Z,296.8,303.6,,,,,,,,,,,,,,,,,,,,,,
2023-04-13T16:45:00Z,,,,,,,,,,,,,,,,,,,,,296.7,304.7,,
2023-04-13T17:00:00Z,,,,,,,,,,,,,,,,,,,,,296.7,303.5,,
2023-04-13T18:15:00Z,,,,,,,,,,,,,,,,,,,,,296.7,303.5,,
2023-04-14T08:30:00Z,,,,,,,,,,,,,,,,,,,,,296.7,303.5,,
2023-04-14T08:45:00Z,,,,,,,,,,,,,,,,,,,,,296.7,303.5,,
2023-04-14T13:15:00Z,,,,,,,,,,,,,296.8,303.6,,,,,,,,,,
2023-04-23T23:45:00Z,292.7,298.5,,,279.7,286.7,,,292.9,298.9,,,292.8,298.6,,,312.7,311.5,,,292.6,298.4,,
2023-04-24T08:30:00Z,,,,,,,,,,,,,292.7,298.5,,,,,,,,,,
2023-04-24T09:45:00Z,292.7,298.5,,,,,,,,,,,,,,,,,,,,,,
2023-04-25T14:00:00Z,292.6,298.4,,,,,,,,,,,,,,,,,,,,,,
2023-04-25T14:15:00Z,,,,,,,,,,,,,,,,,,,,,292.5,298.3,,
2023-04-25T14:30:00Z,292.6,298.4,,,,,,,,,,,,,,,,,,,,,,
2023-04-25T14:45:00Z,,,,,,,,,,,,,,,,,,,,,292.5,298.3,,
2023-04-25T15:30:00Z,,,,,,,,,,,,,,,,,,,,,292.5,298.3,,
2023-04-25T15:45:00Z,,,,,,,,,,,,,,,,,,,,,292.5,298.3,,
2023-04-26T11:30:00Z,,,,,,,,,,,,,292.6,298.4,,,,,,,,,,
2023-04-26T12:00:00Z,,,,,,,,,,,,,,,,,,,,,292.5,298.3,,
2023-05-03T08:45:00Z,,,,,,,,,292.9,296.9,,,,,,,,,,,,,,
2023-05-03T09:15:00Z,292.6,296.4,,,,,,,,,,,,,,,,,,,292.5,296.8,,
2023-05-03T09:45:00Z,,,,,,,,,,,,,,,,,,,,,292.5,296.3,,
2023-05-03T22:15:00Z,,,,,,,,,,,,,292.6,296.4,,,312.7,309.5,,,,,,
2023-05-04T07:00:00Z,,,,,,,,,,,,,,,,,,,,,292.5,296.3,,
2023-05-04T07:15:00Z,,,,,,,,,,,,,,,,,,,,,292.5,296.3,,
2023-05-05T17:00:00Z,,,,,277.7,281.7,,,,,,,,,,,,,,,,,,
2023-05-08T09:45:00Z,292.6,294.4,,,,,,,,,,,,,,,,,,,,,,
2023-05-08T10:00:00Z,,,,,,,,,,,,,,,,,,,,,292.5,294.3,,
2023-05-08T10:30:00Z,290.6,294.4,,,,,,,,,,,,,,,,,,,,,,
2023-05-08T10:45:00Z,,,,,,,,,,,,,,,,,,,,,290.5,294.3,,
2023-05-09T12:00:00Z,,,,,,,,,,,,,,,,,310.7,307.5,,,,,,
2023-05-09T12:15:00Z,,,,,,,,,,,,,290.6,294.4,,,,,,,290.5,294.3,,
2023-05-09T12:30:00Z,,,,,,,,,,,,,,,,,,,,,290.5,294.3,,
2023-05-09T13:15:00Z,290.6,292.4,,,,,,,290.9,294.9,,,,,,,,,,,,,,
2023-05-09T13:30:00Z,290.6,292.3,,,,,,,290.9,294.9,,,,,,,,,,,290.5,292.2,,
2023-05-09T14:15:00Z,,,,,,,,,290.9,294.9,,,,,,,,,,,,,,
2023-05-10T08:45:00Z,,,,,,,,,290.9,292.9,,,,,,,,,,,,,,
2023-05-10T09:00:00Z,,,,,,,,,,,,,,,,,,,,,290.5,292.2,,
2023-05-10T10:00:00Z,290.0,292.3,,,,,,,,,,,,,,,,,,,,,,
2023-05-10T10:30:00Z,,,,,,,,,,,,,,,,,,,,,289.9,292.2,,
2023-05-10T12:00:00Z,,,,,,,,,,,,,289.9,292.3,,,310.7,306.5,,,,,,
2023-05-10T13:00:00Z,,,,,,,,,290.9,292.9,,,,,,,,,,,,,,
2023-05-10T14:15:00Z,289.8,292.3,,,,,,,,,,,,,,,,,,,,,,
2023-05-10T14:30:00Z,,,,,,,,,,,,,,,,,,,,,289.7,292.2,,
2023-05-10T17:15:00Z,,,,,,,,,,,,,,,,,,,,,289.7,292.2,,
2023-05-10T18:45:00Z,,,,,275.7,279.7,,,,,,,,,,,,,,,,,,
2023-05-11T09:15:00Z,,,,,,,,,,,,,289.8,292.3,,,,,,,,,,
2023-05-11T09:30:00Z,,,,,,,,,,,,,,,,,,,,,289.7,292.2,,
2023-05-11T11:30:00Z,,,,,,,,,289.9,292.9,,,,,,,,,,,,,,
2023-05-11T11:45:00Z,,,,,,,,,289.9,292.9,,,,,,,,,,,,,,
2023-05-11T12:00:00Z,,,,,,,,,,,,,,,,,,,,,289.7,292.2,,
2023-05-11T19:00:00Z,,,,,,,,,289.9,292.9,,,,,,,,,,,,,,
2023-05-11T19:15:00Z,,,,,,,,,289.9,292.9,,,,,,,,,,,,,,
2023-05-11T19:30:00Z,,,,,,,,,289.9,292.9,,,,,,,,,,,,,,
2023-05-11T19:45:00Z,,,,,,,,,289.9,292.9,,,,,,,,,,,,,,
2023-05-11T20:00:00Z,,,,,,,,,289.9,292.9,,,,,,,,,,,,,,
2023-05-11T20:15:00Z,,,,,,,,,289.9,292.9,,,,,,,,,,,,,,
2023-05-11T20:30:00Z,,,,,,,,,289.9,292.9,,,,,,,,,,,,,,
2023-05-12T10:30:00Z,,,,,,,,,289.9,292.9,,,,,,,,,,,,,,
2023-05-12T13:30:00Z,,,,,,,,,289.9,292.9,,,,,,,,,,,,,,
2023-05-12T13:45:00Z,,,,,,,,,289.9,292.9,,,,,,,,,,,,,,
2023-05-17T16:30:00Z,,,,,275.7,277.7,,,,,,,289.8,292.3,,,309.9,306.5,,,,,,
2023-05-19T09:45:00Z,,,,,,,,,291.9,292.9,,,,,,,,,,,,,,
2023-05-19T10:15:00Z,,,,,,,,,291.9,292.9,,,,,,,,,,,,,,
2023-05-24T16:15:00Z,,,,,,,,,,,,,,,,,,,,,289.7,277.1,,
2023-05-24T16:30:00Z,,,,,,,,,,,,,,,,,,,,,289.7,292.2,,
2023-05-27T06:00:00Z,,,,,,,,,291.9,292.9,,,,,,,,,,,,,,
2023-05-27T06:15:00Z,,,,,,,,,291.9,292.9,,,,,,,,,,,,,,
2023-05-27T15:00:00Z,,,,,,,,,291.9,292.9,,,,,,,,,,,,,,
2023-05-27T15:15:00Z,,,,,,,,,291.9,292.9,,,,,,,,,,,,,,
2023-05-29T03:30:00Z,,,,,,,,,291.9,292.9,,,,,,,,,,,,,,
2023-05-29T03:45:00Z,,,,,,,,,291.9,292.9,,,,,,,,,,,,,,
2023-05-29T04:00:00Z,,,,,,,,,291.9,292.9,,,,,,,,,,,,,,
2023-05-29T04:30:00Z,,,,,,,,,291.9,292.9,,,,,,,,,,,,,,
2023-05-29T12:30:00Z,,,,,,,,,291.9,292.9,,,,,,,,,,,,,,
2023-05-29T12:45:00Z,,,,,,,,,291.9,292.9,,,,,,,,,,,,,,
2023-05-29T13:00:00Z,,,,,,,,,291.9,292.9,,,,,,,,,,,,,,
2023-05-29T21:45:00Z,,,,,,,,,291.9,292.9,,,,,,,,,,,,,,
2023-05-29T22:00:00Z,,,,,,,,,291.9,292.9,,,,,,,,,,,,,,
2023-05-29T22:15:00Z,,,,,,,,,291.9,292.9,,,,,,,,,,,,,,
2023-05-30T07:00:00Z,,,,,,,,,291.9,292.9,,,,,,,,,,,,,,
2023-05-30T07:15:00Z,,,,,,,,,291.9,292.9,,,,,,,,,,,,,,
2023-05-30T15:45:00Z,,,,,,,,,291.9,292.9,,,,,,,,,,,,,,
2023-05-30T16:00:00Z,,,,,,,,,291.9,292.9,,,,,,,,,,,,,,
2023-05-30T16:15:00Z,,,,,,,,,291.9,292.9,,,,,,,,,,,,,,
2023-05-31T01:00:00Z,,,,,,,,,291.9,292.9,,,,,,,,,,,,,,
2023-05-31T01:15:00Z,,,,,,,,,291.9,292.9,,,,,,,,,,,,,,
2023-05-31T10:00:00Z,,,,,,,,,291.9,292.9,,,,,,,,,,,,,,
2023-05-31T10:15:00Z,,,,,,,,,291.9,292.9,,,,,,,,,,,,,,
2023-06-01T13:30:00Z,,,,,,,,,291.9,292.9,,,,,,,,,,,,,,
2023-06-01T13:45:00Z,,,,,,,,,291.9,292.9,,,,,,,,,,,,,,
2023-06-01T14:00:00Z,,,,,,,,,291.9,292.9,,,,,,,,,,,,,,
2023-06-01T14:15:00Z,,,,,,,,,291.9,292.9,,,,,,,,,,,,,,
2023-06-02T07:30:00Z,,,,,,,,,291.9,292.9,,,,,,,,,,,,,,
2023-06-02T07:45:00Z,,,,,,,,,291.9,292.9,,,,,,,,,,,,,,
2023-06-02T08:00:00Z,,,,,,,,,291.9,292.9,,,,,,,,,,,,,,
2023-06-02T14:45:00Z,,,,,,,,,291.9,292.9,,,,,,,,,,,,,,
2023-06-02T15:00:00Z,,,,,,,,,291.9,292.9,,,,,,,,,,,,,,
2023-06-02T15:30:00Z,,,,,,,,,291.9,292.9,,,,,,,,,,,,,,
2023-06-02T15:45:00Z,,,,,,,,,291.9,292.9,,,,,,,,,,,,,,
2023-06-02T16:45:00Z,,,,,,,,,291.9,292.9,,,,,,,,,,,,,,
2023-06-02T17:00:00Z,,,,,,,,,291.9,292.9,,,,,,,,,,,,,,
2023-06-02T17:15:00Z,,,,,,,,,291.9,292.9,,,,,,,,,,,,,,
2023-06-02T17:30:00Z,,,,,,,,,291.9,292.9,,,,,,,,,,,,,,
2023-06-03T01:45:00Z,,,,,,,,,291.9,292.9,,,,,,,,,,,,,,
2023-06-03T02:00:00Z,,,,,,,,,291.9,292.9,,,,,,,,,,,,,,
2023-06-03T10:45:00Z,,,,,,,,,291.9,292.9,,,,,,,,,,,,,,
2023-06-03T11:00:00Z,,,,,,,,,291.9,292.9,,,,,,,,,,,,,,
2023-06-03T11:15:00Z,,,,,,,,,291.9,292.9,,,,,,,,,,,,,,
2023-06-03T20:00:00Z,,,,,,,,,291.9,292.9,,,,,,,,,,,,,,
2023-06-03T20:15:00Z,,,,,,,,,291.9,292.9,,,,,,,,,,,,,,
2023-06-09T21:45:00Z,,,,,,,,,291.9,292.9,,,289.8,292.3,,,309.9,306.5,,,,,,
2023-06-09T22:00:00Z,,,,,,,,,291.9,292.9,,,,,,,,,,,,,,
2023-06-12T22:30:00Z,,,,,,,,,291.9,292.9,,,,,,,,,,,,,,
2023-06-12T22:45:00Z,,,,,,,,,291.9,292.9,,,,,,,,,,,,,,
2023-06-12T23:00:00Z,,,,,,,,,291.9,292.9,,,,,,,,,,,,,,
2023-06-13T07:30:00Z,,,,,,,,,291.9,292.9,,,,,,,,,,,,,,
2023-06-13T07:45:00Z,,,,,,,,,291.9,292.9,,,,,,,,,,,,,,
2023-06-13T08:00:00Z,,,,,,,,,291.9,292.9,,,,,,,,,,,,,,
2023-06-13T08:15:00Z,,,,,,,,,291.9,292.9,,,,,,,,,,,,,,
2023-06-14T01:45:00Z,,,,,,,,,291.9,292.9,,,,,,,,,,,,,,
2023-06-14T02:00:00Z,,,,,,,,,291.9,292.9,,,,,,,,,,,,,,
2023-06-14T10:45:00Z,,,,,,,,,291.9,292.9,,,,,,,,,,,,,,
2023-06-14T11:00:00Z,,,,,,,,,291.9,292.9,,,,,,,,,,,,,,
2023-06-14T11:15:00Z,,,,,,,,,291.9,292.9,,,,,,,,,,,,,,
2023-06-14T20:00:00Z,,,,,,,,,291.9,292.9,,,,,,,,,,,,,,
2023-06-14T20:15:00Z,,,,,,,,,291.9,292.9,,,,,,,,,,,,,,
2023-06-14T20:30:00Z,,,,,,,,,291.9,292.9,,,,,,,,,,,,,,
2023-06-14T20:45:00Z,,,,,,,,,291.9,292.9,,,,,,,,,,,,,,
2023-06-14T21:00:00Z,,,,,,,,,291.9,292.9,,,,,,,,,,,,,,
2023-06-15T10:00:00Z,287.8,290.3,,,,,,,,,,,,,,,,,,,,,,
2023-06-15T10:15:00Z,,,,,,,,,,,,,,,,,,,,,287.7,290.2,,
2023-06-15T11:15:00Z,,,,,,,,,288.9,290.9,,,,,,,,,,,,,,
2023-06-15T11:30:00Z,,,,,,,,,288.9,290.9,,,,,,,,,,,,,,
2023-06-15T14:15:00Z,,,,,,,,,,,,,,,,,,,,,287.7,290.2,,
2023-06-15T15:45:00Z,287.8,289.7,,,,,,,,,,,,,,,,,,,,,,
2023-06-15T16:30:00Z,,,,,,,,,,,,,,,,,,,,,287.7,289.6,,
2023-06-16T04:00:00Z,,,,,,,,,318.9,311.2,,,,,,,,,,,,,,
2023-06-16T09:15:00Z,,,,,,,,,309.9,302.2,,,,,,,,,,,,,,
2023-06-16T09:30:00Z,,,,,,,,,288.9,290.9,,,,,,,,,,,,,,
2023-06-16T09:45:00Z,,,,,,,,,288.9,290.9,,,,,,,,,,,,,,
2023-06-16T10:00:00Z,,,,,,,,,288.9,290.9,,,,,,,,,,,,,,
2023-06-16T13:32:00Z,,,,,,,,,,,,,287.8,290.3,,,307.9,304.5,,,,,,
2023-06-16T13:45:00Z,,,,,,,,,,,,,287.8,289.7,,,,,,,,,,
2023-06-16T15:30:00Z,,,,,,,,,,,,,,,,,,,,,287.7,289.6,,
2023-06-16T15:45:00Z,,,,,,,,,,,,,,,,,,,,,287.7,289.6,,
2023-06-16T17:30:00Z,,,,,,,,,288.9,290.9,,,,,,,,,,,,,,
2023-06-16T17:45:00Z,,,,,,,,,288.9,290.9,,,,,,,,,,,,,,
2023-06-16T18:00:00Z,,,,,273.7,274.7,,,,,,,,,,,,,,,,,,
2023-06-17T02:30:00Z,,,,,,,,,288.9,290.9,,,,,,,,,,,,,,
2023-06-17T02:45:00Z,,,,,,,,,288.9,290.9,,,,,,,,,,,,,,
2023-06-17T03:00:00Z,,,,,,,,,288.9,290.9,,,,,,,,,,,,,,
2023-06-17T03:15:00Z,,,,,,,,,288.9,290.9,,,,,,,,,,,,,,
2023-06-17T11:45:00Z,,,,,,,,,288.9,290.9,,,,,,,,,,,,,,
2023-06-17T12:00:00Z,,,,,,,,,288.9,290.9,,,,,,,,,,,,,,
2023-06-17T12:15:00Z,,,,,,,,,288.9,290.9,,,,,,,,,,,,,,
2023-06-17T21:00:00Z,,,,,,,,,288.9,290.9,,,,,,,,,,,,,,
2023-06-17T21:15:00Z,,,,,,,,,288.9,290.9,,,,,,,,,,,,,,
2023-06-18T06:00:00Z,,,,,,,,,288.9,290.9,,,,,,,,,,,,,,
2023-06-18T06:15:00Z,,,,,,,,,288.9,290.9,,,,,,,,,,,,,,
2023-06-18T15:00:00Z,,,,,,,,,288.9,290.9,,,,,,,,,,,,,,
2023-06-18T15:15:00Z,,,,,,,,,288.9,290.9,,,,,,,,,,,,,,
2023-06-19T00:00:00Z,,,,,,,,,288.9,290.9,,,,,,,,,,,,,,
2023-06-19T00:15:00Z,,,,,,,,,288.9,290.9,,,,,,,,,,,,,,
2023-06-19T00:30:00Z,,,,,,,,,288.9,290.9,,,,,,,,,,,,,,
2023-06-19T01:00:00Z,,,,,,,,,288.9,290.9,,,,,,,,,,,,,,
2023-06-19T10:00:00Z,,,,,,,,,288.9,290.9,,,,,,,,,,,,,,
2023-06-19T10:15:00Z,285.8,287.7,,,,,,,,,,,,,,,,,,,,,,
2023-06-19T10:30:00Z,,,,,,,,,,,,,,,,,,,,,285.7,287.6,,
2023-06-19T11:15:00Z,,,,,,,,,,,,,,,,,,,,,285.7,287.6,,
2023-06-19T16:45:00Z,,,,,,,,,,,,,285.8,287.7,,,,,,,,,,
2023-06-19T17:15:00Z,283.7,287.7,,,,,,,,,,,,,,,,,,,285.7,287.6,,
2023-06-19T17:45:00Z,,,,,,,,,,,,,,,,,,,,,283.6,287.6,,
2023-06-19T18:00:00Z,,,,,,,,,,,,,,,,,,,,,283.6,287.6,,
2023-06-19T18:15:00Z,,,,,,,,,288.9,290.9,,,,,,,,,,,283.6,287.6,,
2023-06-19T18:30:00Z,,,,,,,,,288.9,290.9,,,,,,,,,,,,,,
2023-06-19T18:45:00Z,,,,,,,,,288.9,290.9,,,,,,,,,,,,,,
2023-06-19T19:00:00Z,,,,,,,,,288.9,290.9,,,,,,,,,,,,,,
2023-06-20T11:15:00Z,,,,,,,,,285.9,287.9,,,,,,,,,,,,,,
2023-06-20T12:45:00Z,,,,,,,,,285.9,287.9,,,,,,,,,,,,,,
2023-06-20T13:02:00Z,,,,,,,,,285.9,287.9,,,,,,,,,,,,,,
2023-06-25T20:00:00Z,,,,,269.7,273.7,,,283.9,287.9,,,283.7,287.7,,,305.9,304.5,,,,,,
2023-06-25T23:30:00Z,,,,,,,,,283.9,287.9,,,,,,,,,,,,,,
2023-06-25T23:45:00Z,,,,,,,,,283.9,287.9,,,,,,,,,,,,,,
2023-06-26T08:30:00Z,,,,,,,,,283.9,287.9,,,,,,,,,,,,,,
2023-06-26T08:45:00Z,,,,,,,,,283.9,287.9,,,,,,,,,,,,,,
2023-06-26T09:00:00Z,,,,,,,,,283.9,287.9,,,,,,,,,,,,,,
2023-06-26T17:15:00Z,,,,,,,,,283.9,287.9,,,,,,,,,,,,,,
2023-06-26T17:30:00Z,,,,,,,,,283.9,287.9,,,,,,,,,,,,,,
2023-06-26T17:45:00Z,,,,,,,,,283.9,287.9,,,,,,,,,,,,,,
2023-06-26T18:00:00Z,,,,,,,,,283.9,287.9,,,,,,,,,,,,,,
2023-06-26T18:15:00Z,,,,,,,,,283.9,287.9,,,,,,,,,,,,,,
2023-06-26T18:30:00Z,,,,,,,,,283.9,287.9,,,,,,,,,,,,,,
2023-06-26T18:45:00Z,,,,,,,,,283.9,287.9,,,,,,,,,,,,,,
2023-06-27T02:45:00Z,,,,,,,,,283.9,287.9,,,,,,,,,,,,,,
2023-06-27T03:00:00Z,,,,,,,,,283.9,287.9,,,,,,,,,,,,,,
2023-06-27T04:00:00Z,,,,,,,,,283.9,287.9,,,,,,,,,,,,,,
2023-06-27T04:15:00Z,,,,,,,,,283.9,287.9,,,,,,,,,,,,,,
2023-06-27T04:30:00Z,,,,,,,,,283.9,287.9,,,,,,,,,,,,,,
2023-06-27T04:45:00Z,,,,,,,,,283.9,287.9,,,,,,,,,,,,,,
2023-06-27T05:00:00Z,,,,,,,,,283.9,287.9,,,,,,,,,,,,,,
2023-06-27T11:30:00Z,,,,,,,,,283.9,287.9,,,,,,,,,,,,,,
2023-06-27T11:45:00Z,,,,,,,,,283.9,287.9,,,,,,,,,,,,,,
2023-06-27T12:00:00Z,,,,,,,,,283.9,287.9,,,,,,,,,,,,,,
2023-06-27T12:15:00Z,,,,,,,,,283.9,287.9,,,,,,,,,,,,,,
2023-06-27T12:45:00Z,,,,,,,,,283.9,287.9,,,,,,,,,,,,,,
2023-06-27T13:00:00Z,,,,,,,,,283.9,287.9,,,,,,,,,,,,,,
2023-06-27T20:45:00Z,,,,,,,,,283.9,287.9,,,,,,,,,,,,,,
2023-06-27T21:00:00Z,,,,,,,,,283.9,287.9,,,,,,,,,,,,,,
2023-06-28T05:45:00Z,,,,,,,,,283.9,287.9,,,,,,,,,,,,,,
2023-06-28T06:00:00Z,,,,,,,,,283.9,287.9,,,,,,,,,,,,,,
2023-06-28T06:15:00Z,,,,,,,,,283.9,287.9,,,,,,,,,,,,,,
2023-06-28T06:30:00Z,,,,,,,,,283.9,287.9,,,,,,,,,,,,,,
2023-06-28T06:45:00Z,,,,,,,,,283.9,287.9,,,,,,,,,,,,,,
2023-06-28T07:00:00Z,,,,,,,,,283.9,287.9,,,,,,,,,,,,,,
2023-06-28T15:15:00Z,,,,,,,,,283.9,287.9,,,,,,,,,,,,,,
2023-06-28T15:30:00Z,,,,,,,,,283.9,287.9,,,,,,,,,,,,,,
2023-06-28T15:45:00Z,,,,,,,,,283.9,287.9,,,,,,,,,,,,,,
2023-06-28T16:00:00Z,,,,,,,,,283.9,287.9,,,,,,,,,,,,,,
2023-06-28T16:15:00Z,,,,,,,,,283.9,287.9,,,,,,,,,,,,,,
2023-06-29T00:30:00Z,,,,,,,,,283.9,287.9,,,,,,,,,,,,,,
2023-06-29T00:45:00Z,,,,,,,,,283.9,287.9,,,,,,,,,,,,,,
2023-06-29T01:00:00Z,,,,,,,,,283.9,287.9,,,,,,,,,,,,,,
2023-06-29T01:45:00Z,,,,,,,,,283.9,287.9,,,,,,,,,,,,,,
2023-06-29T02:00:00Z,,,,,,,,,283.9,287.9,,,,,,,,,,,,,,
2023-07-02T12:45:00Z,,,,,,,,,,,,,,,,,,,,,283.6,287.6,,
2023-07-03T13:15:00Z,,,,,,,,,283.9,287.9,,,,,,,,,,,,,,
2023-07-03T13:30:00Z,,,,,,,,,283.9,287.9,,,,,,,,,,,,,,
2023-07-03T13:45:00Z,,,,,,,,,283.9,287.9,,,,,,,,,,,,,,
2023-07-03T14:00:00Z,,,,,,,,,283.9,287.9,,,,,,,,,,,,,,
2023-07-03T14:15:00Z,,,,,,,,,283.9,287.9,,,,,,,,,,,,,,
2023-07-03T14:30:00Z,,,,,,,,,302.9,301.4,,,,,,,,,,,,,,
2023-07-03T14:45:00Z,,,,,,,,,283.9,287.9,,,,,,,,,,,,,,
2023-07-03T15:00:00Z,,,,,,,,,283.9,287.9,,,,,,,,,,,,,,
2023-07-03T15:15:00Z,,,,,,,,,283.9,287.9,,,,,,,,,,,,,,
2023-07-03T15:30:00Z,,,,,,,,,283.9,287.9,,,,,,,,,,,,,,
2023-07-03T22:15:00Z,,,,,,,,,283.9,287.9,,,,,,,,,,,,,,
2023-07-03T22:30:00Z,,,,,,,,,283.9,287.9,,,,,,,,,,,,,,
2023-07-03T22:45:00Z,,,,,,,,,283.9,287.9,,,,,,,,,,,,,,
2023-07-03T23:00:00Z,,,,,,,,,283.9,287.9,,,,,,,,,,,,,,
2023-07-03T23:15:00Z,,,,,,,,,283.9,287.9,,,,,,,,,,,,,,
2023-07-03T23:30:00Z,,,,,,,,,283.9,287.9,,,,,,,,,,,,,,
2023-07-03T23:45:00Z,,,,,,,,,283.9,287.9,,,,,,,,,,,,,,
2023-07-04T00:00:00Z,,,,,,,,,283.9,287.9,,,,,,,,,,,,,,
2023-07-04T00:15:00Z,,,,,,,,,283.9,287.9,,,,,,,,,,,,,,
2023-07-04T00:30:00Z,,,,,,,,,283.9,287.9,,,,,,,,,,,,,,
2023-07-04T00:45:00Z,,,,,,,,,283.9,287.9,,,,,,,,,,,,,,
2023-07-04T01:00:00Z,,,,,,,,,283.9,287.9,,,,,,,,,,,,,,
2023-07-04T07:30:00Z,,,,,,,,,283.9,287.9,,,,,,,,,,,,,,
2023-07-04T07:45:00Z,,,,,,,,,283.9,287.9,,,,,,,,,,,,,,
2023-07-04T08:00:00Z,,,,,,,,,283.9,287.9,,,,,,,,,,,,,,
2023-07-04T08:15:00Z,,,,,,,,,283.9,287.9,,,,,,,,,,,,,,
2023-07-04T08:30:00Z,,,,,,,,,283.9,287.9,,,,,,,,,,,,,,
2023-07-04T08:45:00Z,,,,,,,,,283.9,287.9,,,,,,,,,,,,,,
2023-07-04T09:00:00Z,,,,,,,,,283.9,287.9,,,,,,,,,,,,,,
2023-07-04T09:15:00Z,,,,,,,,,283.9,287.9,,,,,,,,,,,,,,
2023-07-04T09:30:00Z,,,,,,,,,283.9,287.9,,,,,,,,,,,,,,
2023-07-04T09:45:00Z,,,,,,,,,305.8,302.2,,,,,,,,,,,,,,
2023-07-04T10:00:00Z,,,,,,,,,283.9,287.9,,,,,,,,,,,,,,
2023-07-04T10:30:00Z,,,,,,,,,283.9,287.9,,,,,,,,,,,,,,
2023-07-04T10:45:00Z,,,,,,,,,283.9,287.9,,,,,,,,,,,,,,
2023-07-04T11:00:00Z,,,,,,,,,283.9,287.9,,,,,,,,,,,,,,
2023-07-04T17:30:00Z,,,,,,,,,,,,,283.7,287.7,,,,,,,,,,
2023-07-05T09:45:00Z,,,,,,,,,283.9,287.9,,,,,,,,,,,,,,
2023-07-06T05:00:00Z,,,,,,,,,283.9,287.9,,,,,,,,,,,,,,
2023-07-06T05:15:00Z,,,,,,,,,283.9,287.9,,,,,,,,,,,,,,
2023-07-07T17:30:00Z,,,,,,,,,283.9,287.9,,,,,,,,,,,,,,
2023-07-07T17:45:00Z,,,,,,,,,314.9,311.2,,,,,,,,,,,,,,
2023-07-08T02:30:00Z,,,,,,,,,283.9,287.9,,,,,,,,,,,,,,
2023-07-08T03:00:00Z,,,,,,,,,283.9,287.9,,,,,,,,,,,,,,
2023-07-08T03:30:00Z,,,,,,,,,283.9,287.9,,,,,,,,,,,,,,
2023-07-08T11:30:00Z,,,,,,,,,283.9,287.9,,,,,,,,,,,,,,
2023-07-09T05:45:00Z,,,,,,,,,283.9,287.9,,,,,,,,,,,,,,
2023-07-09T06:00:00Z,,,,,,,,,283.9,287.9,,,,,,,,,,,,,,
2023-07-10T09:00:00Z,,,,,,,,,283.9,287.9,,,,,,,,,,,,,,
2023-07-24T08:00:00Z,,,,,,,,,,,,,,,,,,,,,283.6,287.6,,
2023-07-28T08:00:00Z,,,,,,,,,,,,,,,,,,,,,283.6,287.6,,
2023-07-28T08:30:00Z,,,,,,,,,,,,,,,,,,,,,283.6,287.6,,
2023-07-31T13:00:00Z,,,,,,,,,,,,,,,,,,,,,283.6,287.6,,
2023-08-01T09:45:00Z,,,,,,,,,,,,,285.7,289.7,,,307.9,306.5,,,,,,
2023-08-01T10:15:00Z,,,,,,,,,,,,,,,,,,,,,283.6,287.6,,
2023-08-04T13:00:00Z,,,,,,,,,,,,,283.7,287.7,,,305.9,304.5,,,,,,
2023-08-14T07:30:00Z,,,,,,,,,,,,,,,,,,,,,283.6,287.6,,
2023-08-14T10:00:00Z,,,,,,,,,285.9,287.9,,,,,,,,,,,,,,
2023-08-14T10:30:00Z,,,,,,,,,,,,,,,,,,,,,283.6,287.6,,
2023-08-14T17:45:00Z,,,,,272.7,276.7,,,,,,,,,,,,,,,,,,
2023-08-15T11:30:00Z,285.7,287.7,,,,,,,,,,,285.7,287.7,,,307.9,304.5,,,,,,
2023-08-15T11:45:00Z,,,,,,,,,,,,,,,,,,,,,283.6,287.6,,
2023-08-15T12:00:00Z,,,,,,,,,,,,,,,,,,,,,285.6,287.6,,
2023-08-15T13:15:00Z,,,,,,,,,,,,,,,,,,,,,285.6,287.6,,
2023-08-21T13:15:00Z,,,,,,,,,287.9,287.9,,,,,,,,,,,,,,
2023-08-21T13:45:00Z,,,,,,,,,,,,,,,,,,,,,285.6,287.6,,
2023-08-21T14:00:00Z,,,,,,,,,,,,,,,,,,,,,285.6,287.6,,
2023-08-22T17:00:00Z,,,,,,,,,,,,,287.7,289.7,,,309.9,306.5,,,,,,
2023-08-22T17:15:00Z,,,,,,,,,,,,,,,,,,,,,285.6,287.6,,
2023-08-23T09:30:00Z,287.7,289.7,,,,,,,,,,,,,,,,,,,,,,
2023-08-23T09:45:00Z,,,,,,,,,,,,,,,,,,,,,287.6,287.8,,
2023-08-23T10:00:00Z,,,,,,,,,,,,,,,,,,,,,287.6,287.8,,
2023-08-23T10:15:00Z,,,,,,,,,,,,,,,,,,,,,287.6,287.8,,
2023-08-23T10:30:00Z,,,,,,,,,,,,,,,,,,,,,287.6,287.8,,
2023-08-24T09:45:00Z,,,,,,,,,287.9,289.9,,,,,,,,,,,,,,
2023-08-24T10:00:00Z,287.6,289.6,,,,,,,,,,,,,,,,,,,,,,
2023-08-24T10:15:00Z,,,,,,,,,,,,,,,,,,,,,287.5,289.6,,
2023-08-24T13:30:00Z,,,,,,,,,,,,,,,,,,,,,287.5,289.5,,
2023-08-25T16:15:00Z,,,,,,,,,,,,,287.6,289.6,,,,,,,,,,
2023-08-28T11:45:00Z,,,,,,,,,288.9,290.9,,,,,,,,,,,,,,
2023-08-28T12:00:00Z,,,,,,,,,288.9,290.9,,,,,,,,,,,,,,
2023-08-28T12:45:00Z,,,,,,,,,,,,,,,,,,,,,287.5,289.5,,
2023-08-29T11:30:00Z,,,,,,,,,,,,,288.6,290.6,,,310.9,307.5,,,,,,
2023-08-29T12:00:00Z,288.5,290.5,,,,,,,,,,,,,,,,,,,,,,
2023-08-29T12:17:00Z,,,,,,,,,,,,,,,,,,,,,288.4,290.4,,
2023-08-29T14:45:00Z,,,,,274.7,277.7,,,,,,,,,,,,,,,,,,
2023-08-30T11:30:00Z,,,,,,,,,,,,,288.5,290.5,,,,,,,,,,
2023-09-05T10:45:00Z,,,,,,,,,289.9,290.9,,,,,,,,,,,,,,
2023-09-06T09:30:00Z,,,,,,,,,289.9,290.9,,,,,,,,,,,,,,
2023-09-06T09:45:00Z,,,,,,,,,291.9,292.9,,,,,,,,,,,,,,
2023-09-11T21:00:00Z,291.4,292.8,,,,,,,293.9,294.9,,,291.4,292.8,,,313.9,309.5,,,291.3,292.7,,
2023-09-12T15:15:00Z,,,,,,,,,,,,,293.4,294.8,,,315.9,311.5,,,,,,
2023-09-12T15:30:00Z,,,,,,,,,,,,,,,,,,,,,291.3,292.7,,
2023-09-12T15:45:00Z,293.3,294.7,,,,,,,,,,,,,,,,,,,,,,
2023-09-13T10:15:00Z,,,,,,,,,,,,,,,,,,,,,293.2,294.6,,
2023-09-13T13:00:00Z,,,,,,,,,,,,,293.3,294.7,,,,,,,,,,
2023-09-13T14:00:00Z,,,,,,,,,,,,,,,,,,,,,293.2,294.6,,
2023-09-15T18:15:00Z,,,,,279.7,281.7,,,,,,,,,,,,,,,,,,
2023-09-18T10:45:00Z,,,,,,,,,293.9,294.9,,,,,,,,,,,,,,
2023-09-18T11:00:00Z,,,,,,,,,293.9,297.9,,,,,,,,,,,,,,
2023-09-18T11:15:00Z,,,,,,,,,,,,,,,,,,,,,293.2,294.6,,
2023-09-18T13:00:00Z,,,,,,,,,,,,,295.3,297.7,,,317.9,314.5,,,,,,
2023-09-18T13:30:00Z,295.2,297.6,,,,,,,,,,,,,,,,,,,293.2,294.6,,
2023-09-18T13:45:00Z,,,,,,,,,,,,,,,,,,,,,295.1,297.5,,
2023-09-18T14:00:00Z,,,,,,,,,,,,,,,,,,,,,295.1,297.5,,
2023-09-18T14:15:00Z,,,,,,,,,,,,,,,,,,,,,293.8,297.5,,
2023-09-18T16:45:00Z,,,,,,,,,293.9,297.9,,,,,,,,,,,,,,
2023-09-18T17:00:00Z,,,,,,,,,293.9,297.9,,,,,,,,,,,,,,
2023-09-19T09:00:00Z,,,,,,,,,295.9,297.9,,,,,,,,,,,,,,
2023-09-19T09:15:00Z,,,,,,,,,,,,,,,,,,,,,295.1,297.5,,
2023-09-19T14:45:00Z,,,,,,,,,,,,,295.2,297.6,,,,,,,,,,
2023-09-22T09:45:00Z,,,,,,,,,295.9,297.9,,,,,,,,,,,,,,
2023-09-22T10:00:00Z,,,,,,,,,297.9,299.9,,,,,,,,,,,,,,
2023-09-22T11:15:00Z,,,,,,,,,,,,,,,,,,,,,295.1,297.5,,
2023-09-25T10:45:00Z,,,,,,,,,,,,,297.1,299.6,,,319.9,316.5,,,,,,
2023-09-25T11:00:00Z,297.1,299.5,,,,,,,,,,,,,,,,,,,,,,
2023-09-25T11:15:00Z,,,,,,,,,,,,,,,,,,,,,297.0,299.4,,
2023-09-25T11:45:00Z,,,,,,,,,,,,,,,,,,,,,297.0,299.4,,
2023-09-25T13:00:00Z,297.0,299.5,,,,,,,,,,,,,,,,,,,,,,
2023-09-25T13:15:00Z,,,,,,,,,,,,,297.1,299.5,,,,,,,,,,
2023-09-25T13:45:00Z,,,,,,,,,,,,,,,,,,,,,296.9,299.4,,
2023-09-26T11:45:00Z,,,,,,,,,,,,,296.9,299.5,,,,,,,,,,
2023-09-26T12:45:00Z,296.8,299.5,,,,,,,,,,,,,,,,,,,296.8,299.4,,
2023-09-26T13:00:00Z,296.8,299.4,,,,,,,,,,,,,,,,,,,296.7,299.3,,
2023-09-26T13:15:00Z,,,,,,,,,,,,,,,,,,,,,296.7,299.3,,
2023-09-26T15:45:00Z,,,,,,,,,,,,,296.8,299.4,,,,,,,,,,
2023-09-26T19:15:00Z,,,,,286.7,288.7,,,,,,,,,,,,,,,,,,
2023-10-02T17:15:00Z,,,,,,,,,,,,,296.8,299.4,,,,,,,,,,
2023-10-03T10:30:00Z,,,,,,,,,296.9,299.9,,,,,,,,,,,,,,
2023-10-06T10:45:00Z,,,,,,,,,294.9,298.9,,,,,,,,,,,,,,
2023-10-06T11:00:00Z,,,,,,,,,294.9,298.9,,,,,,,,,,,294.8,298.8,,
2023-10-06T12:15:00Z,,,,,,,,,,,,,294.8,298.4,,,317.9,315.5,,,,,,
2023-10-06T12:30:00Z,,,,,,,,,,,,,,,,,,,,,294.7,298.3,,
2023-10-06T12:45:00Z,,,,,,,,,,,,,,,,,,,,,294.7,298.3,,
2023-10-06T13:00:00Z,294.7,298.3,,,,,,,,,,,,,,,,,,,294.7,298.3,,
2023-10-06T13:15:00Z,,,,,,,,,,,,,,,,,,,,,294.6,298.2,,
2023-10-06T13:30:00Z,,,,,,,,,,,,,,,,,,,,,294.6,298.2,,
2023-10-06T13:45:00Z,,,,,,,,,,,,,,,,,,,,,294.6,298.2,,
2023-10-06T17:00:00Z,,,,,,,,,,,,,294.7,298.3,,,,,,,,,,
2023-10-09T18:30:00Z,,,,,284.7,287.7,,,,,,,,,,,,,,,,,,
2023-10-15T23:15:00Z,,,,,,,,,294.9,300.9,,,294.7,300.3,,,317.9,317.5,,,294.6,298.2,,
2023-10-16T09:30:00Z,,,,,,,,,294.9,303.9,,,,,,,,,,,,,,
2023-10-16T09:45:00Z,,,,,,,,,,,,,,,,,,,,,294.6,298.2,,
2023-10-16T11:15:00Z,294.7,300.2,,,,,,,,,,,,,,,,,,,,,,
2023-10-16T11:30:00Z,,,,,,,,,,,,,,,,,,,,,294.6,300.1,,
2023-10-16T11:45:00Z,,,,,,,,,,,,,,,,,,,,,294.6,300.1,,
2023-10-17T11:45:00Z,,,,,,,,,,,,,294.7,303.3,,,317.9,320.5,,,,,,
2023-10-17T12:15:00Z,,,,,,,,,,,,,,,,,,,,,294.6,300.1,,
2023-10-17T14:15:00Z,294.7,303.2,,,,,,,,,,,,,,,,,,,,,,
2023-10-17T14:30:00Z,,,,,,,,,,,,,,,,,,,,,294.6,303.1,,
2023-10-17T15:45:00Z,,,,,,,,,,,,,294.7,303.2,,,,,,,,,,
2023-10-19T09:00:00Z,,,,,,,,,294.9,305.9,,,,,,,,,,,,,,
2023-10-19T09:15:00Z,,,,,,,,,,,,,,,,,,,,,294.6,303.1,,
2023-10-19T11:30:00Z,,,,,,,,,,,,,294.7,305.2,,,317.9,322.5,,,294.6,303.1,,
2023-10-20T18:45:00Z,,,,,279.7,287.7,,,,,,,,,,,,,,,,,,
2023-10-21T00:30:00Z,294.7,303.2,,,,,,,,,,,,,,,,,,,,,,
2023-10-21T05:45:00Z,,,,,,,,,,,,,,,,,,,,,294.6,303.1,,
2023-10-24T15:30:00Z,,,,,,,,,,,,,,,,,317.9,320.5,,,,,,
2023-10-24T15:45:00Z,,,,,,,,,,,,,294.7,303.2,,,,,,,,,,
2023-10-24T16:00:00Z,,,,,,,,,,,,,,,,,,,,,294.6,303.1,,
2023-10-30T22:15:00Z,,,,,,,,,294.9,303.9,,,294.7,303.2,,,,,,,294.6,303.1,,
2023-11-06T12:00:00Z,294.7,303.2,,,,,,,,,,,,,,,,,,,,,,
2023-11-07T15:45:00Z,294.6,303.1,,,,,,,,,,,,,,,,,,,294.5,303.0,,
2023-11-08T09:15:00Z,,,,,,,,,,,,,,,,,,,,,294.6,303.1,,
2023-11-08T09:30:00Z,,,,,,,,,,,,,,,,,,,,,294.5,303.0,,
2023-11-12T20:30:00Z,292.6,303.1,,,,,,,292.9,303.9,,,292.6,303.1,,,315.9,320.5,,,292.5,303.0,,
2023-11-13T10:15:00Z,292.5,303.0,,,,,,,,,,,,,,,,,,,,,,
2023-11-13T10:45:00Z,,,,,,,,,,,,,,,,,,,,,292.4,302.9,,
2023-11-15T17:15:00Z,,,,,276.7,285.7,,,,,,,,,,,,,,,,,,
2023-11-16T14:30:00Z,,,,,,,,,291.9,303.9,,,,,,,,,,,,,,
2023-11-16T14:45:00Z,,,,,,,,,291.9,303.9,,,,,,,,,,,,,,
2023-11-16T15:15:00Z,291.5,303.0,,,,,,,,,,,,,,,,,,,291.4,302.9,,
2023-11-16T15:30:00Z,,,,,,,,,,,,,,,,,,,,,291.4,302.9,,
2023-11-16T15:45:00Z,,,,,,,,,,,,,,,,,,,,,291.4,302.9,,
2023-11-17T19:45:00Z,,,,,,,,,,,,,291.5,302.9,,,314.9,320.5,,,,,,
2023-11-17T20:15:00Z,,,,,,,,,,,,,,,,,,,,,291.4,302.8,,
2023-11-20T10:00:00Z,291.5,302.8,,,,,,,,,,,,,,,,,,,,,,
2023-11-20T10:15:00Z,,,,,,,,,,,,,,,,,,,,,291.4,302.8,,
2023-11-20T10:30:00Z,,,,,,,,,,,,,,,,,,,,,291.4,302.7,,
2023-11-20T10:45:00Z,291.4,302.8,,,,,,,,,,,,,,,,,,,,,,
2023-11-20T11:00:00Z,,,,,,,,,,,,,,,,,,,,,291.3,302.7,,
2023-11-22T20:00:00Z,,,,,,,,,,,,,291.4,302.7,,,,,,,,,,
2023-11-22T20:15:00Z,,,,,,,,,,,,,291.4,302.8,,,,,,,291.3,302.7,,
2023-11-23T10:45:00Z,,,,,,,,,290.9,302.9,,,,,,,,,,,290.8,302.7,,
2023-11-23T11:15:00Z,290.8,302.8,,,,,,,,,,,,,,,,,,,290.8,302.7,,
2023-11-23T11:30:00Z,,,,,,,,,,,,,,,,,,,,,290.7,302.7,,
2023-11-27T16:30:00Z,,,,,,,,,,,,,,,,,313.9,320.5,,,,,,
2023-11-27T16:45:00Z,,,,,,,,,,,,,290.8,302.8,,,,,,,,,,
2023-11-28T10:00:00Z,,,,,,,,,289.9,301.9,,,,,,,,,,,,,,
2023-11-28T10:15:00Z,,,,,,,,,289.9,301.9,,,,,,,,,,,,,,
2023-11-28T10:45:00Z,289.8,301.8,,,,,,,,,,,,,,,,,,,289.8,301.8,,
2023-11-28T12:15:00Z,,,,,,,,,,,,,,,,,,,,,289.7,301.7,,
2023-11-28T12:30:00Z,,,,,,,,,,,,,,,,,,,,,289.7,301.7,,
2023-11-29T08:00:00Z,,,,,,,,,,,,,289.8,301.8,,,312.9,319.5,,,,,,
2023-11-29T08:30:00Z,,,,,,,,,,,,,,,,,,,,,289.7,301.7,,
2023-11-29T09:15:00Z,,,,,,,,,,,,,,,,,,,,,289.7,301.7,,
2023-12-01T17:45:00Z,,,,,274.7,285.7,,,,,,,,,,,,,,,,,,
2023-12-04T13:01:00Z,,,,,,,,,289.9,299.9,,,,,,,,,,,,,,
2023-12-04T13:15:00Z,,,,,,,,,,,,,,,,,,,,,289.7,299.8,,
2023-12-04T13:30:00Z,,,,,,,,,,,,,,,,,,,,,289.7,299.7,,
2023-12-04T14:00:00Z,289.8,299.8,,,,,,,,,,,,,,,,,,,289.7,299.7,,
2023-12-04T14:15:00Z,,,,,,,,,,,,,,,,,,,,,289.7,299.7,,
2023-12-05T09:15:00Z,,,,,,,,,,,,,289.8,299.8,,,312.9,317.5,,,,,,
2023-12-05T09:45:00Z,,,,,,,,,,,,,,,,,,,,,289.7,299.7,,
2023-12-06T18:15:00Z,,,,,274.7,283.7,,,,,,,,,,,,,,,,,,
2023-12-07T10:00:00Z,,,,,,,,,289.9,298.9,,,,,,,,,,,,,,
2023-12-07T10:15:00Z,,,,,,,,,,,,,,,,,,,,,289.7,298.8,,
2023-12-07T11:00:00Z,289.8,298.8,,,,,,,,,,,,,,,,,,,,,,
2023-12-07T11:15:00Z,,,,,,,,,,,,,,,,,,,,,289.7,298.7,,
2023-12-07T16:15:00Z,,,,,,,,,,,,,289.8,298.8,,,312.9,316.5,,,,,,
2023-12-07T17:30:00Z,,,,,,,,,,,,,,,,,,,,,289.7,298.7,,
2023-12-11T18:15:00Z,,,,,273.7,282.7,,,,,,,,,,,,,,,,,,
2023-12-13T11:30:00Z,,,,,,,,,289.9,297.9,,,,,,,,,,,,,,
2023-12-13T11:45:00Z,,,,,,,,,,,,,,,,,,,,,289.7,297.8,,
2023-12-13T12:15:00Z,289.8,297.8,,,,,,,,,,,,,,,,,,,,,,
2023-12-13T12:45:00Z,,,,,,,,,,,,,,,,,,,,,289.7,297.7,,
2023-12-14T12:15:00Z,,,,,,,,,,,,,288.8,297.8,,,,,,,,,,
2023-12-14T12:30:00Z,,,,,,,,,,,,,,,,,311.9,315.5,,,,,,
2023-12-14T13:15:00Z,288.8,297.8,,,,,,,,,,,,,,,,,,,,,,
2023-12-14T13:30:00Z,,,,,,,,,,,,,,,,,,,,,288.7,303.1,,
2023-12-14T13:45:00Z,,,,,,,,,,,,,,,,,,,,,288.7,297.7,,
2023-12-14T14:00:00Z,,,,,,,,,,,,,,,,,,,,,288.7,297.7,,
2023-12-20T19:30:00Z,,,,,272.7,281.7,,,,,,,,,,,,,,,,,,
2023-12-21T16:00:00Z,,,,,,,,,288.9,297.9,,,,,,,,,,,,,,
2023-12-21T16:30:00Z,,,,,,,,,288.9,297.9,,,,,,,,,,,,,,
2023-12-22T09:15:00Z,,,,,,,,,288.9,297.9,,,,,,,,,,,,,,
2023-12-31T15:45:00Z,,,,,,,,,288.9,297.9,,,,,,,,,,,,,,
2024-01-01T12:30:00Z,,,,,,,,,293.1,301.6,,,,,,,,,,,,,,
2024-01-01T17:45:00Z,,,,,,,,,,,,,293.0,301.5,,,316.1,319.2,,,,,,
2024-01-01T20:00:00Z,292.9,301.4,,,,,,,,,,,,,,,,,,,,,,
2024-01-01T20:45:00Z,,,,,,,,,,,,,,,,,,,,,292.8,301.3,,
2024-01-01T21:00:00Z,,,,,,,,,,,,,,,,,,,,,292.8,301.3,,
2024-01-01T21:15:00Z,,,,,,,,,,,,,,,,,,,,,292.8,301.3,,
2024-01-02T11:30:00Z,,,,,,,,,,,,,292.9,301.3,,,,,,,,,,
2024-01-02T17:15:00Z,,,,,,,,,,,,,,,,,,,,,292.8,301.3,,
2024-01-02T17:30:00Z,,,,,,,,,,,,,,,,,,,,,292.8,301.3,,
2024-01-02T17:45:00Z,,,,,,,,,,,,,,,,,,,,,292.8,301.2,,
2024-01-02T18:15:00Z,,,,,276.7,284.7,,,,,,,,,,,,,,,292.8,301.2,,
2024-01-02T18:30:00Z,,,,,,,,,,,,,,,,,,,,,292.8,301.2,,
2024-01-03T09:15:00Z,292.9,301.2,,,,,,,,,,,,,,,,,,,,,,
2024-01-03T09:45:00Z,,,,,,,,,,,,,,,,,,,,,292.8,301.1,,
2024-01-03T10:15:00Z,,,,,,,,,,,,,,,,,,,,,292.8,301.1,,
2024-01-04T19:00:00Z,,,,,,,,,,,,,292.9,301.2,,,,,,,,,,
2024-01-08T08:45:00Z,,,,,,,,,,,,,,,,,,,,,292.8,301.1,,
2024-01-10T10:45:00Z,,,,,,,,,293.0,301.3,,,,,,,,,,,,,,
2024-01-10T11:30:00Z,,,,,,,,,,,,,,,,,,,,,292.8,301.1,,
2024-01-11T11:00:00Z,,,,,,,,,293.0,301.3,,,,,,,,,,,,,,
2024-01-27T00:45:00Z,,,,,,,,,293.0,301.3,,,,,,,,,,,,,,
2024-01-30T09:45:00Z,,,,,,,,,293.0,303.3,,,,,,,,,,,,,,
2024-01-30T10:00:00Z,,,,,,,,,293.0,303.3,,,,,,,,,,,,,,
2024-01-30T15:00:00Z,,,,,,,,,,,,,,,,,316.1,321.2,,,,,,
2024-01-30T15:15:00Z,,,,,,,,,,,,,292.9,303.2,,,,,,,,,,
2024-01-30T15:30:00Z,292.9,303.2,,,,,,,,,,,,,,,,,,,,,,
2024-01-30T16:00:00Z,,,,,,,,,,,,,,,,,,,,,292.8,303.1,,
2024-01-30T16:15:00Z,,,,,,,,,,,,,,,,,,,,,292.8,303.1,,
2024-01-30T21:30:00Z,,,,,,,,,,,,,,,,,,,,,292.8,303.1,,
2024-01-30T22:00:00Z,,,,,,,,,,,,,,,,,,,,,292.8,303.1,,
2024-02-05T20:30:00Z,,,,,280.7,290.7,,,293.0,301.9,,,,,,,,,,,292.8,301.8,,
2024-02-08T12:00:00Z,,,,,,,,,293.0,303.9,,,,,,,,,,,,,,
2024-02-08T12:15:00Z,,,,,,,,,293.0,303.9,,,,,,,,,,,292.8,301.8,,
2024-02-08T12:30:00Z,,,,,,,,,,,,,,,,,,,,,292.8,301.8,,
2024-02-10T00:15:00Z,,,,,,,,,293.0,305.3,,,,,,,,,,,,,,
2024-02-10T00:45:00Z,,,,,,,,,,,,,,,,,,,,,292.8,303.1,,
2024-02-10T09:30:00Z,,,,,,,,,,,,,292.9,305.2,,,316.1,323.2,,,292.8,303.1,,
2024-02-10T09:45:00Z,,,,,,,,,,,,,,,,,,,,,292.8,303.1,,
2024-02-13T09:00:00Z,292.9,305.2,,,,,,,,,,,,,,,,,,,,,,
2024-02-13T13:00:00Z,,,,,,,,,,,,,,,,,,,,,292.8,305.1,,
2024-02-13T13:15:00Z,,,,,,,,,,,,,,,,,,,,,292.8,305.1,,
2024-02-22T11:45:00Z,,,,,,,,,,,,,,,,,,,,,292.8,305.1,,
2024-02-22T13:45:00Z,,,,,,,,,,,,,,,,,,,,,292.8,305.1,,
2024-03-01T18:00:00Z,,,,,284.7,296.7,,,,,,,,,,,,,,,,,,
2024-03-05T09:15:00Z,,,,,,,,,,,,,,,,,,,,,292.8,305.1,,
2024-03-07T10:00:00Z,,,,,,,,,291.0,305.3,,,,,,,,,,,,,,
2024-03-07T10:15:00Z,,,,,,,,,291.0,305.3,,,,,,,,,,,290.9,305.1,,
2024-03-07T10:45:00Z,,,,,,,,,291.0,305.3,,,,,,,,,,,,,,
2024-03-13T08:45:00Z,,,,,,,,,,,,,290.9,305.2,,,314.1,323.2,,,,,,
2024-03-13T09:00:00Z,,,,,,,,,,,,,,,,,,,,,290.8,305.1,,
2024-03-13T09:15:00Z,,,,,,,,,,,,,,,,,,,,,290.8,305.1,,
2024-03-13T10:00:00Z,,,,,,,,,,,,,,,,,,,,,290.8,305.1,,
2024-03-13T11:00:00Z,290.9,305.2,,,,,,,,,,,,,,,,,,,,,,
2024-03-13T11:15:00Z,290.8,305.2,,,,,,,,,,,,,,,,,,,290.7,305.1,,
2024-03-13T14:15:00Z,,,,,,,,,,,,,290.8,305.2,,,,,,,,,,
2024-03-19T12:15:00Z,,,,,,,,,,,,,,,,,,,,,290.7,305.1,,
2024-03-22T19:15:00Z,,,,,,,,,,,,,,,,,,,,,292.8,305.1,,
2024-03-22T19:30:00Z,,,,,,,,,,,,,,,,,,,,,290.7,305.1,,
2024-03-22T19:45:00Z,,,,,,,,,,,,,,,,,,,,,290.7,305.1,,
2024-03-28T13:45:00Z,,,,,282.7,296.7,,,,,,,,,,,,,,,,,,
2024-04-04T10:15:00Z,,,,,,,,,293.0,306.3,,,,,,,,,,,,,,
2024-04-04T15:00:00Z,,,,,,,,,,,,,292.8,306.2,,,316.1,324.2,,,,,,
2024-04-04T15:30:00Z,,,,,,,,,,,,,,,,,,,,,290.7,305.1,,
2024-04-04T16:15:00Z,291.8,307.2,,,,,,,,,,,,,,,,,,,,,,
2024-04-04T17:00:00Z,,,,,,,,,,,,,,,,,,,,,291.7,306.1,,
2024-04-04T17:15:00Z,,,,,,,,,,,,,,,,,,,,,291.7,306.1,,
2024-04-05T10:15:00Z,292.8,306.2,,,,,,,,,,,,,,,,,,,,,,
2024-04-05T11:15:00Z,,,,,,,,,,,,,,,,,,,,,292.7,306.1,,
2024-04-08T10:00:00Z,,,,,,,,,292.9,306.3,,,,,,,,,,,,,,
2024-04-09T12:15:00Z,292.8,306.2,,,,,,,,,,,,,,,,,,,,,,
2024-04-09T13:30:00Z,,,,,,,,,,,,,,,,,,,,,292.7,306.1,,
2024-04-11T23:45:00Z,,,,,284.7,297.7,,,,,,,,,,,,,,,,,,
2024-04-23T14:00:00Z,,,,,,,,,292.9,305.3,,,,,,,,,,,,,,
2024-04-23T14:15:00Z,,,,,,,,,292.9,305.3,,,,,,,,,,,,,,
2024-04-23T14:30:00Z,,,,,,,,,293.9,305.3,,,,,,,,,,,,,,
2024-04-23T14:45:00Z,,,,,,,,,293.9,305.3,,,,,,,,,,,291.7,305.2,,
2024-04-23T16:45:00Z,,,,,,,,,,,,,,,,,,,,,292.7,305.2,,
2024-04-25T11:45:00Z,,,,,,,,,,,,,,,,,,,,,292.7,305.2,,
2024-04-29T23:30:00Z,293.8,305.2,,,284.7,296.7,,,293.9,305.3,,,293.8,305.2,,,317.1,323.2,,,292.7,305.1,,
2024-05-06T14:00:00Z,,,,,,,,,293.9,304.3,,,,,,,,,,,,,,
2024-05-06T14:30:00Z,,,,,,,,,,,,,,,,,,,,,292.7,304.2,,
2024-05-06T16:00:00Z,293.8,304.2,,,,,,,,,,,,,,,,,,,,,,
2024-05-07T09:00:00Z,,,,,,,,,,,,,293.8,304.2,,,317.1,322.2,,,,,,
2024-05-07T09:15:00Z,,,,,,,,,,,,,,,,,,,,,292.7,304.1,,
2024-05-07T09:30:00Z,,,,,,,,,,,,,,,,,,,,,292.7,304.1,,
2024-05-08T08:45:00Z,292.8,304.2,,,,,,,,,,,,,,,,,,,292.7,304.1,,
2024-05-08T09:00:00Z,,,,,,,,,,,,,,,,,,,,,292.7,304.1,,
2024-05-08T10:45:00Z,,,,,,,,,293.9,303.3,,,,,,,,,,,,,,
2024-05-08T11:00:00Z,,,,,,,,,,,,,,,,,,,,,292.7,303.2,,
2024-05-08T18:30:00Z,,,,,284.7,295.7,,,,,,,,,,,,,,,,,,
2024-05-08T18:45:00Z,292.8,303.2,,,,,,,,,,,,,,,,,,,,,,
2024-05-09T07:15:00Z,,,,,,,,,,,,,,,,,,,,,292.7,303.1,,
2024-05-10T08:45:00Z,,,,,,,,,,,,,,,,,,,,,292.7,303.1,,
2024-05-14T13:15:00Z,,,,,,,,,293.9,302.3,,,,,,,,,,,,,,
2024-05-14T13:30:00Z,292.8,302.2,,,,,,,,,,,,,,,,,,,292.7,302.1,,
2024-05-14T14:00:00Z,,,,,,,,,,,,,,,,,,,,,292.7,302.1,,
2024-05-14T14:30:00Z,,,,,,,,,,,,,,,,,316.1,321.2,,,,,,
2024-05-14T14:45:00Z,,,,,,,,,,,,,292.8,303.2,,,,,,,292.7,302.1,,
2024-05-14T15:15:00Z,,,,,,,,,,,,,292.8,302.2,,,316.1,320.2,,,,,,
2024-05-15T09:45:00Z,292.8,302.2,,,,,,,,,,,,,,,,,,,,,,
2024-05-15T10:00:00Z,,,,,,,,,,,,,,,,,,,,,292.7,302.1,,
2024-05-15T10:15:00Z,,,,,,,,,,,,,,,,,,,,,292.7,302.1,,
2024-05-17T20:30:00Z,,,,,284.7,293.7,,,,,,,,,,,,,,,,,,
2024-05-28T14:30:00Z,,,,,,,,,292.9,300.3,,,,,,,,,,,,,,
2024-05-28T15:30:00Z,292.8,300.2,,,,,,,,,,,,,,,,,,,292.7,300.1,,
2024-05-28T19:00:00Z,,,,,282.7,291.7,,,,,,,,,,,,,,,,,,
2024-05-29T10:30:00Z,,,,,,,,,,,,,292.8,300.2,,,316.1,318.2,,,,,,
2024-05-29T10:45:00Z,,,,,,,,,,,,,,,,,,,,,292.7,300.1,,
2024-05-29T11:00:00Z,,,,,,,,,292.9,300.3,,,,,,,,,,,,,,
2024-05-31T06:15:00Z,,,,,,,,,,,,,292.8,300.2,,,316.1,318.2,,,,,,
2024-06-04T19:00:00Z,,,,,282.7,289.7,,,,,,,,,,,,,,,,,,
2024-06-05T14:45:00Z,,,,,,,,,291.9,298.3,,,,,,,,,,,,,,
2024-06-05T15:00:00Z,,,,,,,,,291.9,298.3,,,,,,,,,,,,,,
2024-06-05T15:15:00Z,,,,,,,,,,,,,,,,,,,,,291.8,298.2,,
2024-06-05T15:30:00Z,291.8,298.2,,,,,,,,,,,,,,,,,,,,,,
2024-06-05T15:45:00Z,,,,,,,,,,,,,,,,,,,,,291.7,298.1,,
2024-06-05T16:00:00Z,,,,,,,,,,,,,,,,,,,,,291.7,298.1,,
2024-06-05T23:15:00Z,,,,,,,,,,,,,,,,,316.1,318.2,,,,,,
2024-06-06T08:45:00Z,,,,,,,,,,,,,291.8,298.2,,,315.1,316.2,,,,,,
2024-06-06T09:30:00Z,,,,,,,,,,,,,,,,,,,,,291.7,298.1,,
2024-06-06T10:45:00Z,,,,,,,,,,,,,,,,,315.1,316.2,,,,,,
2024-06-06T11:00:00Z,,,,,,,,,291.9,298.3,,,,,,,,,,,,,,
2024-06-13T19:45:00Z,,,,,277.7,283.7,,,,,,,,,,,,,,,,,,
2024-06-14T10:00:00Z,,,,,,,,,,,,,,,,,315.1,313.0,,,,,,
2024-07-08T18:45:00Z,,,,,275.7,281.7,,,,,,,,,,,,,,,,,,
2024-08-08T18:45:00Z,290.8,297.2,,,271.7,277.7,,,290.9,297.3,,,,,,,,,,,290.7,297.1,,
2024-08-09T08:45:00Z,,,,,,,,,,,,,289.8,296.2,,,313.1,311.0,,,289.7,296.1,,
2024-08-09T09:00:00Z,,,,,,,,,,,,,,,,,,,,,289.7,296.1,,
2024-08-09T09:30:00Z,289.8,296.2,,,,,,,,,,,,,,,,,,,,,,
2024-08-09T09:45:00Z,,,,,,,,,,,,,,,,,,,,,289.7,296.1,,
2024-08-13T17:00:00Z,,,,,269.7,275.7,,,,,,,,,,,,,,,,,,
2024-08-20T10:15:00Z,,,,,,,,,289.9,296.3,,,,,,,,,,,,,,
2024-08-20T12:30:00Z,,,,,,,,,,,,,288.8,295.2,,,312.1,310.0,,,,,,
2024-08-20T12:45:00Z,,,,,,,,,,,,,,,,,,,,,288.7,295.1,,
2024-08-20T13:00:00Z,,,,,,,,,,,,,,,,,,,,,288.7,295.1,,
2024-08-20T13:15:00Z,288.8,295.2,,,,,,,,,,,,,,,,,,,,,,
2024-08-20T13:30:00Z,,,,,,,,,,,,,,,,,,,,,288.7,295.1,,
2024-08-28T12:45:00Z,,,,,268.7,274.7,,,,,,,,,,,,,,,,,,
2024-08-30T09:45:00Z,,,,,273.7,279.7,,,,,,,,,,,,,,,,,,
2024-09-02T11:30:00Z,,,,,,,,,288.9,295.3,,,,,,,,,,,,,,
2024-09-02T12:15:00Z,,,,,,,,,288.9,295.3,,,,,,,,,,,,,,
2024-09-02T12:30:00Z,,,,,,,,,,,,,,,,,,,,,288.7,295.1,,
2024-09-04T11:00:00Z,,,,,,,,,,,,,286.8,294.2,,,310.1,309.0,,,,,,
2024-09-04T11:45:00Z,,,,,,,,,,,,,,,,,,,,,286.7,294.1,,
2024-09-04T12:00:00Z,286.8,294.2,,,,,,,,,,,,,,,,,,,286.7,294.1,,
2024-09-04T12:30:00Z,,,,,,,,,,,,,,,,,,,,,286.7,294.1,,
2024-09-04T13:00:00Z,,,,,,,,,286.9,294.3,,,,,,,,,,,,,,
2024-09-05T13:45:00Z,,,,,,,,,286.9,294.3,,,,,,,,,,,,,,
2024-09-05T14:00:00Z,,,,,,,,,284.9,292.3,,,,,,,,,,,,,,
2024-09-05T14:15:00Z,,,,,,,,,,,,,,,,,,,,,284.8,292.2,,
2024-09-05T15:30:00Z,284.7,292.1,,,,,,,,,,,,,,,,,,,,,,
2024-09-05T15:45:00Z,,,,,,,,,,,,,,,,,,,,,284.6,292.0,,
2024-09-05T16:00:00Z,,,,,,,,,,,,,,,,,,,,,284.6,292.0,,
2024-09-09T12:00:00Z,,,,,,,,,,,,,284.8,292.2,,,308.1,307.0,,,,,,
2024-09-09T12:45:00Z,,,,,,,,,,,,,,,,,,,,,284.6,292.0,,
2024-09-09T18:45:00Z,,,,,269.7,276.7,,,,,,,,,,,,,,,,,,
2024-09-14T14:00:00Z,,,,,,,,,,,,,,,,,,,,,284.6,292.0,,
2024-09-16T13:45:00Z,,,,,,,,,,,,,284.7,292.1,,,,,,,,,,
2024-09-16T14:00:00Z,,,,,,,,,,,,,,,,,,,,,284.6,292.0,,
2024-09-16T14:15:00Z,,,,,,,,,,,,,,,,,,,,,284.6,292.0,,
2024-09-16T16:45:00Z,,,,,,,,,,,,,,,,,308.1,305.3,,,,,,
2024-09-24T10:30:00Z,,,,,,,,,284.9,292.3,,,,,,,,,,,,,,
2024-09-24T11:15:00Z,,,,,,,,,284.9,292.3,,,,,,,,,,,,,,
2024-09-25T12:30:00Z,,,,,,,,,,,,,,,,,307.1,305.3,,,,,,
2024-09-27T09:30:00Z,,,,,,,,,,,,,284.8,292.2,,,,,,,,,,
2024-09-27T09:45:00Z,,,,,,,,,,,,,284.7,292.1,,,,,,,,,,
2024-10-18T14:15:00Z,,,,,,,,,284.9,292.3,,,,,,,,,,,,,,
2024-10-18T16:30:00Z,,,,,,,,,284.9,292.3,,,,,,,,,,,,,,
2024-10-21T10:45:00Z,,,,,,,,,,,,,283.7,292.1,,,306.1,305.3,,,,,,
2024-10-21T11:00:00Z,283.7,292.1,,,,,,,,,,,,,,,,,,,283.6,292.0,,
2024-10-21T11:15:00Z,283.6,292.1,,,,,,,,,,,,,,,,,,,283.6,292.0,,
2024-10-21T11:30:00Z,,,,,,,,,,,,,,,,,,,,,283.5,292.0,,
2024-10-21T14:30:00Z,,,,,,,,,,,,,283.6,292.1,,,,,,,,,,
2024-10-22T15:00:00Z,,,,,,,,,283.9,292.3,,,,,,,,,,,,,,
2024-10-22T15:30:00Z,,,,,,,,,,,,,,,,,,,,,283.5,292.0,,
2024-10-26T00:15:00Z,,,,,268.7,276.7,,,,,,,,,,,,,,,,,,
2024-10-29T20:00:00Z,281.5,291.1,,,,,,,281.9,291.3,,,281.5,291.1,,,304.1,304.3,,,281.4,291.0,,
2024-10-29T20:30:00Z,,,,,,,,,,,,,,,,,,,,,281.4,291.0,,
2024-10-29T20:45:00Z,,,,,,,,,,,,,,,,,,,,,281.4,291.0,,
2024-10-29T21:00:00Z,,,,,,,,,,,,,,,,,,,,,281.4,291.0,,
2024-11-01T09:45:00Z,281.5,291.1,,,,,,,,,,,,,,,,,,,,,,
2024-11-01T10:30:00Z,,,,,,,,,,,,,,,,,,,,,281.4,291.0,,
2024-11-07T18:30:00Z,,,,,266.7,276.7,,,,,,,,,,,,,,,,,,
2024-11-18T18:15:00Z,,,,,266.7,275.7,,,281.9,291.3,,,,,,,,,,,,,,
2024-11-25T14:00:00Z,,,,,,,,,281.9,292.3,,,,,,,,,,,,,,
2024-12-06T14:15:00Z,281.4,291.0,,,,,,,,,,,,,,,,,,,281.3,290.9,,
2024-12-06T14:30:00Z,,,,,,,,,,,,,,,,,,,,,281.3,290.9,,
2024-12-13T09:30:00Z,,,,,,,,,,,,,281.5,292.1,,,304.1,305.3,,,,,,
2024-12-13T10:00:00Z,,,,,,,,,,,,,,,,,,,,,281.4,291.0,,
2024-12-13T10:45:00Z,,,,,,,,,,,,,,,,,,,,,281.3,290.9,,
2024-12-17T16:30:00Z,,,,,,,,,,,,,281.5,291.1,,,304.1,304.3,,,,,,
2024-12-17T17:00:00Z,,,,,,,,,,,,,,,,,,,,,281.3,290.9,,
2024-12-18T16:00:00Z,,,,,,,,,,,,,281.5,291.0,,,,,,,,,,
2025-01-02T18:30:00Z,291.6,304.1,,,,,,,292.1,304.5,,,291.6,304.1,,,314.3,317.5,,,291.5,304.0,,
2025-01-03T18:45:00Z,,,,,276.7,286.7,,,,,,,,,,,,,,,,,,
2025-01-06T10:15:00Z,,,,,,,,,291.9,304.5,,,,,,,,,,,,,,
2025-01-07T13:00:00Z,,,,,,,,,291.9,304.5,,,,,,,,,,,,,,
2025-01-19T18:30:00Z,293.5,307.9,,,278.7,288.7,,,293.9,308.5,,,293.6,308.0,,,316.3,321.5,,,293.4,307.8,,
2025-01-28T00:15:00Z,,,,,,,,,293.9,307.9,,,293.5,307.9,,,,,,,293.4,307.8,,
2025-02-10T20:30:00Z,,,,,278.7,292.7,,,,,,,,,,,,,,,293.4,307.8,,
2025-02-18T10:45:00Z,,,,,,,,,293.9,307.9,,,,,,,,,,,,,,
2025-02-19T18:45:00Z,,,,,,,,,,,,,,,,,,,,,293.4,307.8,,
2025-02-20T13:15:00Z,,,,,,,,,293.9,308.9,,,,,,,,,,,,,,
2025-02-20T13:45:00Z,,,,,,,,,293.9,308.9,,,,,,,,,,,,,,
2025-03-06T12:45:00Z,,,,,,,,,292.9,306.9,,,,,,,,,,,,,,
2025-03-06T13:00:00Z,,,,,,,,,292.9,306.9,,,,,,,,,,,292.8,306.8,,
2025-03-06T13:15:00Z,292.5,306.9,,,,,,,,,,,,,,,,,,,292.8,306.8,,
2025-03-07T09:00:00Z,,,,,,,,,,,,,290.5,306.9,,,,,,,,,,
2025-03-07T09:15:00Z,,,,,,,,,,,,,,,,,23.32,320.5,,,290.4,306.8,,
2025-03-07T09:30:00Z,290.4,306.9,,,,,,,,,,,,,,,,,,,290.3,306.8,,
2025-03-07T09:45:00Z,290.4,306.8,,,,,,,,,,,,,,,,,,,,,,
2025-03-07T10:00:00Z,,,,,,,,,,,,,,,,,323.3,320.5,,,290.3,306.7,,
2025-03-07T10:30:00Z,,,,,,,,,,,,,,,,,313.3,320.5,,,290.3,306.7,,
2025-03-07T11:15:00Z,,,,,,,,,,,,,290.4,306.8,,,,,,,,,,
2025-03-07T11:30:00Z,,,,,,,,,,,,,,,,,,,,,290.3,306.7,,
2025-03-07T14:30:00Z,,,,,,,,,290.9,306.9,,,,,,,,,,,,,,
2025-03-25T20:15:00Z,,,,,275.7,291.7,,,,,,,,,,,,,,,,,,
2025-03-26T11:15:00Z,,,,,,,,,290.9,306.9,,,,,,,,,,,,,,
2025-03-26T11:45:00Z,,,,,,,,,,,,,,,,,,,,,290.3,306.7,,
2025-03-26T14:00:00Z,,,,,,,,,,,,,289.4,305.8,,,312.3,319.5,,,,,,
2025-03-26T14:15:00Z,,,,,,,,,,,,,,,,,,,,,289.3,305.7,,
2025-03-26T14:30:00Z,289.3,305.7,,,,,,,,,,,,,,,,,,,289.2,305.6,,
2025-03-26T14:45:00Z,,,,,,,,,,,,,,,,,,,,,289.2,305.6,,
2025-03-27T08:00:00Z,,,,,,,,,,,,,289.3,305.7,,,,,,,,,,
2025-03-27T09:15:00Z,,,,,,,,,,,,,,,,,,,,,289.2,305.6,,
2025-03-27T14:00:00Z,,,,,,,,,289.9,305.9,,,,,,,,,,,,,,
2025-03-28T11:45:00Z,,,,,,,,,,,,,,,,,,,,,289.2,305.6,,
2025-04-02T10:45:00Z,,,,,274.7,290.7,,,,,,,,,,,,,,,,,,
2025-04-08T11:00:00Z,,,,,,,,,288.9,303.9,,,,,,,,,,,,,,
2025-04-08T11:15:00Z,,,,,,,,,,,,,,,,,,,,,288.8,303.8,,
2025-04-08T11:30:00Z,288.8,303.8,,,,,,,,,,,,,,,,,,,288.7,303.7,,
2025-04-08T11:45:00Z,,,,,,,,,,,,,,,,,,,,,288.7,303.7,,
2025-04-08T12:30:00Z,,,,,,,,,,,,,,,,,,,,,288.7,303.7,,
2025-04-08T14:45:00Z,,,,,,,,,,,,,,,,,311.3,317.5,,,,,,
2025-04-08T15:00:00Z,,,,,,,,,,,,,288.8,303.8,,,,,,,,,,
2025-04-08T15:15:00Z,,,,,,,,,,,,,,,,,,,,,288.7,303.7,,
2025-04-08T23:00:00Z,,,,,,,,,,,,,,,,,,,,,288.7,303.7,,
2025-04-14T00:15:00Z,288.8,303.8,,,,,,,,,,,,,,,,,,,,,,
2025-04-14T08:45:00Z,288.8,303.8,,,,,,,,,,,,,,,,,,,,,,
2025-04-14T09:45:00Z,,,,,,,,,,,,,,,,,,,,,288.7,303.7,,
2025-04-14T11:00:00Z,,,,,,,,,,,,,,,,,,,,,288.7,303.7,,
2025-04-14T11:15:00Z,288.7,303.7,,,,,,,,,,,,,,,,,,,,,,
2025-04-14T11:30:00Z,,,,,,,,,,,,,,,,,,,,,288.6,303.6,,
2025-04-14T12:45:00Z,,,,,,,,,,,,,,,,,,,,,288.6,303.6,,
2025-04-15T12:45:00Z,,,,,,,,,287.9,301.9,,,,,,,,,,,287.8,301.8,,
2025-04-15T13:00:00Z,,,,,,,,,,,,,,,,,,,,,287.8,301.8,,
2025-04-15T13:15:00Z,287.8,301.8,,,,,,,,,,,,,,,,,,,,,,
2025-04-15T13:30:00Z,,,,,,,,,,,,,,,,,,,,,287.7,301.7,,
2025-04-16T11:45:00Z,,,,,,,,,,,,,287.8,301.8,,,310.3,315.5,,,,,,
2025-04-16T12:45:00Z,,,,,,,,,,,,,,,,,,,,,287.7,301.7,,
2025-04-16T13:30:00Z,,,,,,,,,,,,,,,,,,,,,287.7,301.7,,
2025-04-16T15:30:00Z,,,,,270.7,284.7,,,,,,,,,,,,,,,,,,
2025-04-17T00:30:00Z,287.8,301.8,,,,,,,,,,,,,,,,,,,,,,
2025-04-17T00:45:00Z,287.8,301.8,,,,,,,,,,,,,,,,,,,,,,
2025-04-17T01:30:00Z,287.8,301.8,,,,,,,,,,,,,,,,,,,,,,
2025-04-17T10:00:00Z,,,,,,,,,,,,,,,,,,,,,287.7,301.7,,
2025-04-17T10:30:00Z,,,,,,,,,,,,,,,,,,,,,287.7,301.7,,
2025-04-28T10:45:00Z,,,,,,,,,286.9,300.9,,,,,,,,,,,,,,
2025-04-28T11:00:00Z,,,,,,,,,286.9,300.9,,,,,,,,,,,286.8,300.8,,
2025-04-28T11:15:00Z,286.8,300.8,,,,,,,,,,,,,,,,,,,,,,
2025-04-28T13:15:00Z,,,,,,,,,,,,,,,,,,,,,286.7,300.7,,
2025-04-29T16:45:00Z,,,,,,,,,,,,,286.8,300.8,,,309.3,314.5,,,,,,
2025-04-29T17:15:00Z,,,,,,,,,,,,,,,,,,,,,286.7,300.7,,
2025-04-29T17:30:00Z,,,,,,,,,,,,,,,,,,,,,286.7,300.7,,
2025-04-29T17:45:00Z,,,,,,,,,,,,,,,,,,,,,286.7,300.7,,
2025-04-30T20:30:00Z,,,,,269.7,283.7,,,,,,,,,,,,,,,,,,
2025-05-02T13:30:00Z,,,,,,,,,286.9,299.9,,,,,,,,,,,,,,
2025-05-02T13:45:00Z,,,,,,,,,286.9,299.9,,,,,,,,,,,,,,
2025-05-02T14:30:00Z,,,,,,,,,,,,,,,,,,,,,286.7,299.8,,
2025-05-02T14:45:00Z,,,,,,,,,,,,,,,,,,,,,286.7,299.8,,
2025-05-02T16:30:00Z,,,,,,,,,,,,,286.8,299.8,,,309.3,313.5,,,,,,
2025-05-02T17:45:00Z,,,,,,,,,,,,,,,,,,,,,286.7,299.7,,
2025-05-02T18:45:00Z,,,,,,,,,,,,,,,,,,,,,286.7,299.7,,
2025-05-02T19:00:00Z,,,,,,,,,,,,,,,,,,,,,286.7,299.7,,
2025-05-02T22:30:00Z,286.8,299.7,,,,,,,,,,,,,,,,,,,,,,
2025-05-02T22:45:00Z,,,,,,,,,,,,,,,,,,,,,286.7,299.6,,
2025-05-05T09:00:00Z,,,,,,,,,,,,,286.8,299.7,,,,,,,,,,
2025-05-09T01:00:00Z,286.8,299.7,,,,,,,,,,,,,,,,,,,,,,
2025-05-09T08:45:00Z,,,,,,,,,,,,,,,,,,,,,286.7,299.6,,
2025-05-09T14:45:00Z,,,,,,,,,,,,,,,,,,,,,286.7,299.6,,
2025-05-21T19:30:00Z,,,,,269.7,282.7,,,,,,,,,,,,,,,,,,
2025-05-28T13:15:00Z,285.8,298.7,,,,,,,285.9,298.9,,,286.8,299.7,,,,,,,285.8,298.8,,
2025-06-02T14:00:00Z,,,,,,,,,,,,,285.8,298.7,,,308.3,312.5,,,285.7,298.6,,
2025-06-05T14:45:00Z,,,,,,,,,284.9,297.9,,,,,,,,,,,,,,
2025-06-05T15:00:00Z,,,,,,,,,,,,,,,,,,,,,284.8,297.8,,
2025-06-05T17:00:00Z,284.8,297.8,,,,,,,,,,,,,,,,,,,,,,
2025-06-05T17:15:00Z,,,,,,,,,,,,,,,,,,,,,284.7,297.7,,
2025-06-05T17:30:00Z,,,,,,,,,,,,,,,,,,,,,284.7,297.7,,
2025-06-06T08:15:00Z,,,,,,,,,,,,,284.8,297.8,,,306.9,311.3,,,,,,
2025-06-06T08:45:00Z,,,,,,,,,,,,,,,,,,,,,284.7,297.7,,
2025-06-11T16:15:00Z,,,,,267.7,280.7,,,,,,,,,,,,,,,,,,
2025-06-11T16:30:00Z,,,,,,,,,,,,,284.8,297.8,,,,,,,,,,
2025-06-18T00:15:00Z,,,,,,,,,284.9,297.9,,,,,,,,,,,,,,
2025-06-25T15:15:00Z,,,,,,,,,,,,,284.8,297.8,,,306.9,311.3,,,,,,
2025-07-17T17:15:00Z,284.8,297.8,,,,,,,,,,,284.8,297.8,,,,,,,,,,
2025-08-12T14:45:00Z,281.8,295.8,,,,,,,281.9,295.9,,,282.8,296.8,,,304.9,310.3,,,,,,
2025-08-12T15:45:00Z,,,,,,,,,,,,,281.8,295.8,,,303.9,309.3,,,,,,
2025-08-16T13:15:00Z,,,,,264.7,278.7,,,,,,,,,,,,,,,,,,
2025-08-18T15:15:00Z,,,,,,,,,280.9,294.9,,,,,,,,,,,,,,
2025-08-18T18:30:00Z,,,,,,,,,,,,,,,,,,,,,280.8,294.8,,
2025-08-19T08:30:00Z,280.8,294.8,,,,,,,,,,,280.8,294.8,,,302.9,308.3,,,,,,
2025-08-19T08:45:00Z,,,,,,,,,,,,,,,,,,,,,280.7,294.7,,
2025-09-16T14:00:00Z,,,,,,,,,280.9,295.9,,,,,,,,,,,,,,
2025-09-16T15:00:00Z,,,,,,,,,280.9,295.9,,,,,,,,,,,,,,
2025-09-17T08:15:00Z,,,,,,,,,,,,,280.8,295.8,,,302.9,309.3,,,,,,
2025-09-17T09:15:00Z,,,,,,,,,,,,,,,,,,,,,280.7,294.7,,
2025-09-18T15:30:00Z,,,,,,,,,,,,,280.8,294.8,,,302.9,308.3,,,,,,
2025-09-18T15:45:00Z,,,,,,,,,,,,,,,,,,,,,280.7,294.7,,
2025-10-01T18:45:00Z,,,,,263.7,277.7,,,,,,,,,,,,,,,,,,
2025-10-13T20:15:00Z,,,,,,,,,280.9,294.9,,,,,,,,,,,,,,
2025-10-16T13:15:00Z,,,,,,,,,280.9,293.9,,,,,,,,,,,,,,
2025-10-16T13:45:00Z,280.8,293.8,,,,,,,,,,,,,,,,,,,280.7,293.8,,
2025-10-16T14:00:00Z,,,,,,,,,280.9,293.9,,,,,,,,,,,280.7,293.7,,
2025-10-16T14:45:00Z,,,,,,,,,,,,,280.8,293.8,,,302.9,307.3,,,,,,
2025-10-16T15:00:00Z,,,,,,,,,,,,,,,,,,,,,280.7,293.7,,
2025-10-17T10:15:00Z,,,,,,,,,280.9,293.9,,,,,,,,,,,,,,
2025-10-21T10:45:00Z,280.8,292.8,,,,,,,280.9,292.9,,,,,,,,,,,,,,
2025-10-21T11:00:00Z,,,,,,,,,279.9,292.9,,,,,,,,,,,280.7,292.7,,
2025-10-21T11:15:00Z,,,,,,,,,,,,,,,,,,,,,279.8,292.7,,
2025-10-21T11:30:00Z,279.8,292.8,,,,,,,,,,,,,,,,,,,279.7,292.7,,
2025-10-21T12:15:00Z,,,,,,,,,,,,,279.8,292.8,,,301.9,306.3,,,,,,
2025-10-21T12:45:00Z,,,,,,,,,,,,,,,,,,,,,279.7,292.7,,
2025-11-10T16:45:00Z,,,,,,,,,279.9,292.9,,,,,,,,,,,,,,
2025-11-11T09:45:00Z,,,,,,,,,,,,,280.8,294.8,,,302.9,308.3,,,,,,
2025-11-11T10:00:00Z,,,,,,,,,,,,,,,,,,,,,279.7,292.7,,
2025-11-11T11:00:00Z,,,,,,,,,279.9,294.9,,,,,,,,,,,,,,
2025-11-11T11:15:00Z,,,,,,,,,280.9,294.9,,,,,,,,,,,,,,
2025-11-24T20:45:00Z,,,,,265.7,278.7,,,280.9,293.9,,,279.8,292.8,,,301.9,306.3,,,279.7,292.7,,
2025-12-01T15:15:00Z,279.8,292.8,,,,,,,,,,,,,,,,,,,,,,
2025-12-01T15:45:00Z,,,,,,,,,,,,,,,,,,,,,279.7,292.7,,
2025-12-01T16:00:00Z,,,,,,,,,,,,,,,,,,,,,279.7,292.7,,
2025-12-01T20:00:00Z,,,,,,,,,,,,,,,,,,,,,279.7,292.7,,
2025-12-02T11:30:00Z,,,,,,,,,279.9,292.9,,,,,,,,,,,,,,
2025-12-02T12:00:00Z,,,,,,,,,,,,,,,,,,,,,279.7,292.7,,
2025-12-02T14:45:00Z,,,,,,,,,,,,,279.8,292.8,,,,,,,,,,
2025-12-15T18:15:00Z,,,,,267.7,280.7,,,,,,,,,,,,,,,,,,
2025-12-30T15:30:00Z,279.7,292.7,,,,,,,,,,,,,,,,,,,279.6,292.6,,
2025-12-31T18:30:00Z,,,,,,,,,,,,,,,,,,,,,183.2,212.6,,
2025-12-31T23:45:00Z,183.2,205.4,,,,,,,,,,,,,,,,,,,,,,
2026-01-01T00:00:00Z,,,,,,,,,,,,,,,,,,,,,183.1,205.3,,
2026-01-01T00:15:00Z,,,,,,,,,185.7,212.7,,,183.3,212.5,,,205.4,226.0,,,183.1,205.3,,
2026-01-01T00:30:00Z,,,,,,,,,,,,,,,,,,,,,183.1,205.3,,
2026-01-01T20:30:00Z,,,,,,,,,,,,,183.2,205.4,,,205.3,218.9,,,,,,
2026-01-01T20:45:00Z,,,,,,,,,,,,,,,,,,,,,183.1,205.3,,
2026-01-02T09:15:00Z,,,,,,,,,185.7,212.7,,,,,,,,,,,,,,
2026-01-02T09:45:00Z,,,,,182.1,204.3,,,,,,,,,,,,,,,,,,
2026-01-02T10:30:00Z,,,,,171.1,193.3,,,,,,,,,,,,,,,,,,
2026-01-02T10:45:00Z,,,,,,,,,183.7,205.7,,,,,,,,,,,,,,
2026-01-02T11:00:00Z,,,,,,,,,183.7,205.7,,,,,,,,,,,,,,
2026-01-02T11:15:00Z,,,,,,,,,,,,,,,,,,,,,183.1,205.3,,
2026-01-07T15:30:00Z,,,,,,,,,183.7,205.7,,,,,,,,,,,,,,
2026-01-08T13:45:00Z,,,,,,,,,183.7,204.7,,,,,,,,,,,,,,
2026-01-08T14:00:00Z,183.2,204.4,,,,,,,,,,,,,,,,,,,183.1,204.6,,
2026-01-08T14:15:00Z,,,,,,,,,,,,,,,,,,,,,183.1,204.3,,
2026-01-08T14:45:00Z,,,,,,,,,,,,,183.2,204.4,,,205.3,217.9,,,,,,
2026-01-08T15:00:00Z,,,,,,,,,,,,,,,,,,,,,183.1,204.3,,
2026-01-08T17:15:00Z,,,,,168.1,190.3,,,,,,,,,,,,,,,,,,
2026-01-09T13:30:00Z,,,,,168.1,189.3,,,,,,,,,,,,,,,,,,
2026-01-14T10:45:00Z,,,,,,,,,184.7,205.7,,,,,,,,,,,,,,
2026-01-14T11:45:00Z,,,,,,,,,,,,,,,,,,,,,183.1,204.3,,
2026-01-16T11:15:00Z,,,,,,,,,183.7,204.7,,,,,,,,,,,,,,
2026-01-16T11:30:00Z,,,,,,,,,183.7,204.7,,,,,,,,,,,183.1,204.3,,
2026-01-26T12:45:00Z,,,,,,,,,184.7,205.7,,,,,,,,,,,,,,
2026-01-26T13:00:00Z,,,,,,,,,,,,,,,,,,,,,183.1,204.3,,
2026-02-22T00:00:00Z,,,,,,,,,186.7,207.7,,,,,,,,,,,,,,
2026-03-02T21:00:00Z,,,,,,,,,,,,,186.2,207.4,,,208.3,220.9,,,,,,
2026-03-03T12:15:00Z,,,,,,,,,186.7,207.7,,,,,,,,,,,,,,
2026-03-03T12:45:00Z,,,,,,,,,186.7,207.7,,,,,,,,,,,,,,
2026-03-03T13:00:00Z,,,,,,,,,189.7,211.7,,,,,,,,,,,,,,
2026-03-03T14:30:00Z,186.2,207.4,,,,,,,,,,,,,,,,,,,,,,
2026-03-03T16:15:00Z,,,,,,,,,,,,,,,,,,,,,186.1,207.3,,
2026-03-04T11:15:00Z,,,,,,,,,189.7,211.7,,,,,,,,,,,,,,
2026-03-04T11:30:00Z,,,,,,,,,191.7,213.7,,,,,,,,,,,,,,
2026-03-04T11:45:00Z,,,,,,,,,,,,,,,,,,,,,186.1,207.3,,
2026-03-05T15:15:00Z,,,,,,,,,,,,,191.2,213.4,,,213.3,226.9,,,,,,
2026-03-05T15:45:00Z,191.2,213.4,,,,,,,,,,,,,,,,,,,,,,
2026-03-05T16:00:00Z,,,,,,,,,,,,,,,,,,,,,191.1,213.3,,
2026-03-05T16:15:00Z,,,,,,,,,,,,,,,,,,,,,191.1,213.3,,
2026-03-05T16:30:00Z,,,,,,,,,,,,,,,,,,,,,191.1,213.3,,
2026-03-05T17:15:00Z,,,,,171.1,192.3,,,,,,,,,,,,,,,,,,
2026-03-06T13:45:00Z,,,,,,,,,193.7,217.7,,,,,,,,,,,,,,
2026-03-06T14:15:00Z,,,,,,,,,193.7,217.7,,,,,,,,,,,191.1,213.3,,
2026-03-06T14:30:00Z,,,,,,,,,193.7,217.7,,,,,,,,,,,191.1,213.3,,
2026-03-08T10:45:00Z,,,,,,,,,193.7,217.7,,,,,,,,,,,,,,
2026-03-08T11:00:00Z,,,,,,,,,193.7,217.7,,,,,,,,,,,,,,
2026-03-08T17:30:00Z,,,,,176.1,198.3,,,,,,,,,,,,,,,,,,
2026-03-09T16:00:00Z,,,,,,,,,,,,,193.2,217.4,,,215.3,230.9,,,,,,
2026-03-09T16:30:00Z,193.2,217.4,,,,,,,,,,,,,,,,,,,,,,
2026-03-09T16:45:00Z,,,,,,,,,,,,,,,,,,,,,193.1,217.3,,
2026-03-09T17:00:00Z,,,,,,,,,,,,,,,,,,,,,193.1,217.3,,
2026-03-11T12:15:00Z,,,,,178.1,202.3,,,,,,,,,,,,,,,,,,
2026-03-12T10:15:00Z,,,,,,,,,196.7,221.7,,,,,,,,,,,,,,
2026-03-12T18:00:00Z,193.2,217.4,,217.5,178.1,202.3,,,196.7,221.7,,222.7,193.2,217.4,,218.5,215.3,230.9,,220.9,193.1,217.3,,216.4
2026-03-12T18:30:30Z,,,,,,,,,196.7,221.7,202.7,222.7,193.2,217.4,201.0,218.5,,,,,,,,
2026-03-12T18:48:16Z,193.2,217.4,200.0,217.5,178.1,202.3,,,196.7,221.7,202.7,222.7,193.2,217.4,201.0,218.5,215.3,230.9,205.3,220.9,193.1,217.3,198.9,216.4
2026-03-12T19:23:35Z,193.2,217.4,200.0,217.5,178.1,202.3,,,196.7,221.7,202.7,222.7,193.2,217.4,201.0,218.5,215.3,230.9,205.3,220.9,193.1,217.3,198.9,216.4
2026-03-12T19:58:07Z,193.2,217.4,200.0,217.5,178.1,202.3,,,196.7,221.7,202.7,222.7,193.2,217.4,201.0,218.5,215.3,230.9,205.3,220.9,193.1,217.3,198.9,216.4
2026-03-12T20:42:07Z,193.2,217.4,200.0,217.5,178.1,202.3,,,196.7,221.7,202.7,222.7,193.2,217.4,201.0,218.5,215.3,230.9,205.3,220.9,193.1,217.3,198.9,216.4
2026-03-12T21:17:08Z,193.2,217.4,200.0,217.5,178.1,202.3,,,196.7,221.7,202.7,222.7,193.2,217.4,201.0,218.5,215.3,230.9,205.3,220.9,193.1,217.3,198.9,216.4
2026-03-12T21:54:49Z,193.2,217.4,200.0,217.5,178.1,202.3,,,196.7,221.7,202.7,222.7,193.2,217.4,201.0,218.5,215.3,230.9,205.3,220.9,193.1,217.3,198.9,216.4
2026-03-12T22:23:09Z,193.2,217.4,200.0,217.5,178.1,202.3,,,196.7,221.7,202.7,222.7,193.2,217.4,201.0,218.5,215.3,230.9,205.3,220.9,193.1,217.3,198.9,216.4
2026-03-12T22:52:18Z,193.2,217.4,200.0,217.5,178.1,202.3,,,196.7,221.7,202.7,222.7,193.2,217.4,201.0,218.5,215.3,230.9,205.3,220.9,193.1,217.3,198.9,216.4
2026-03-12T23:26:03Z,193.2,217.4,200.0,217.5,178.1,202.3,,,196.7,221.7,202.7,222.7,193.2,217.4,201.0,218.5,215.3,230.9,205.3,220.9,193.1,217.3,198.9,216.4
2026-03-12T23:50:41Z,193.2,217.4,200.0,217.5,178.1,202.3,,,196.7,221.7,202.7,222.7,193.2,217.4,201.0,218.5,215.3,230.9,205.3,220.9,193.1,217.3,198.9,216.4
2026-03-13T01:55:05Z,193.2,217.4,200.0,217.5,178.1,202.3,,,196.7,221.7,202.7,222.7,193.2,217.4,201.0,218.5,215.3,230.9,205.3,220.9,193.1,217.3,198.9,216.4
2026-03-13T04:11:35Z,193.2,217.4,200.0,217.5,178.1,202.3,,,196.7,221.7,202.7,222.7,193.2,217.4,201.0,218.5,215.3,230.9,205.3,220.9,193.1,217.3,198.9,216.4
2026-03-13T05:18:47Z,193.2,217.4,200.0,217.5,178.1,202.3,,,196.7,221.7,202.7,222.7,193.2,217.4,201.0,218.5,215.3,230.9,205.3,220.9,193.1,217.3,198.9,216.4
2026-03-13T06:08:36Z,193.2,217.4,200.0,217.5,178.1,202.3,,,196.7,221.7,202.7,222.7,193.2,217.4,201.0,218.5,215.3,230.9,205.3,220.9,193.1,217.3,198.9,216.4
2026-03-13T07:12:29Z,193.2,217.4,200.0,217.5,178.1,202.3,,,196.7,221.7,202.7,222.7,193.2,217.4,201.0,218.5,215.3,230.9,205.3,220.9,193.1,217.3,198.9,216.4
2026-03-13T07:56:35Z,193.2,217.4,200.0,217.5,178.1,202.3,,,196.7,221.7,202.7,222.7,193.2,217.4,201.0,218.5,215.3,230.9,205.3,220.9,193.1,217.3,198.9,216.4
2026-03-13T08:42:02Z,193.2,217.4,200.0,217.5,178.1,202.3,,,196.7,221.7,202.7,222.7,193.2,217.4,201.0,218.5,215.3,230.9,205.3,220.9,193.1,217.3,198.9,216.4
2026-03-13T09:24:24Z,193.2,217.4,200.0,217.5,178.1,202.3,,,196.7,221.7,202.7,222.7,193.2,217.4,201.0,218.5,215.3,230.9,205.3,220.9,193.1,217.3,198.9,216.4
2026-03-13T09:27:01Z,193.2,217.4,200.0,217.5,178.1,202.3,,,196.7,221.7,202.7,222.7,193.2,217.4,201.0,218.5,215.3,230.9,205.3,220.9,193.1,217.3,198.9,216.4
2026-03-13T10:02:25Z,193.2,217.4,200.0,217.5,178.1,202.3,,,196.7,221.7,202.7,222.7,193.2,217.4,201.0,218.5,215.3,230.9,205.3,220.9,193.1,217.3,198.9,216.4
2026-03-13T10:56:59Z,193.2,217.4,200.0,217.5,178.1,202.3,,,196.7,221.7,202.7,222.7,193.2,217.4,201.0,218.5,215.3,230.9,205.3,220.9,193.1,217.3,198.9,216.4
2026-03-13T11:33:49Z,193.2,217.4,200.0,217.5,178.1,202.3,,,196.7,221.7,202.7,222.7,193.2,217.4,201.0,218.5,215.3,230.9,205.3,220.9,193.1,217.3,198.9,216.4
2026-03-13T12:00:04Z,193.2,217.4,200.0,217.5,178.1,202.3,,,196.7,221.7,202.7,222.7,193.2,217.4,201.0,218.5,215.3,230.9,205.3,220.9,193.1,217.3,198.9,216.4
2026-03-13T13:19:34Z,193.2,217.4,200.0,217.5,178.1,202.3,,,196.7,221.7,202.7,222.7,193.2,217.4,201.0,218.5,215.3,230.9,205.3,220.9,193.1,217.3,198.9,216.4
2026-03-13T14:10:45Z,193.2,217.4,200.0,217.5,178.1,202.3,,,196.7,221.7,202.7,222.7,193.2,217.4,201.0,218.5,215.3,230.9,205.3,220.9,193.1,217.3,198.9,216.4
2026-03-13T15:02:02Z,193.2,217.4,200.0,217.5,178.1,202.3,,,196.7,221.7,202.7,222.7,193.2,217.4,201.0,218.5,215.3,230.9,205.3,220.9,193.1,217.3,198.9,216.4
2026-03-13T15:15:00Z,196.2,221.4,,,,,,,,,,,196.2,221.4,,,218.3,234.9,,,,,,
2026-03-13T15:30:00Z,,,,,,,,,,,,,,,,,,,,,196.1,221.3,,
2026-03-13T15:45:00Z,,,,,,,,,,,,,,,,,,,,,196.1,221.3,,
2026-03-13T15:47:49Z,196.2,221.4,203.0,221.5,178.1,202.3,,,196.7,221.7,202.7,222.7,196.2,221.4,204.0,222.5,218.3,234.9,208.3,224.9,196.1,221.3,198.9,216.4
2026-03-13T15:57:37Z,196.2,221.4,203.0,221.5,178.1,202.3,,,196.7,221.7,202.7,222.7,196.2,221.4,204.0,222.5,218.3,234.9,208.3,224.9,196.1,221.3,201.9,220.4
2026-03-13T15:59:02Z,196.2,221.4,203.0,221.5,178.1,202.3,,,196.7,221.7,202.7,222.7,196.2,221.4,204.0,222.5,218.3,234.9,208.3,224.9,196.1,221.3,201.9,220.4
2026-03-13T16:12:36Z,196.2,221.4,203.0,221.5,178.1,202.3,,,196.7,221.7,202.7,222.7,196.2,221.4,204.0,222.5,218.3,234.9,208.3,224.9,196.1,221.3,201.9,220.4
2026-03-13T16:17:50Z,196.2,221.4,203.0,221.5,178.1,202.3,,,196.7,221.7,202.7,222.7,196.2,221.4,204.0,222.5,218.3,234.9,208.3,224.9,196.1,221.3,201.9,220.4
2026-03-13T16:47:34Z,196.2,221.4,203.0,221.5,178.1,202.3,,,196.7,221.7,202.7,222.7,196.2,221.4,204.0,222.5,218.3,234.9,208.3,224.9,196.1,221.3,201.9,220.4
2026-03-13T17:33:21Z,196.2,221.4,203.0,221.5,178.1,202.3,,,196.7,221.7,202.7,222.7,196.2,221.4,204.0,222.5,218.3,234.9,208.3,224.9,196.1,221.3,201.9,220.4
2026-03-13T18:04:58Z,196.2,221.4,203.0,221.5,178.1,202.3,,,196.7,221.7,202.7,222.7,196.2,221.4,204.0,222.5,218.3,234.9,208.3,224.9,196.1,221.3,201.9,220.4
2026-03-13T19:00:59Z,196.2,221.4,203.0,221.5,178.1,202.3,,,196.7,221.7,202.7,222.7,196.2,221.4,204.0,222.5,218.3,234.9,208.3,224.9,196.1,221.3,201.9,220.4
2026-03-13T19:47:16Z,196.2,221.4,203.0,221.5,178.1,202.3,,,196.7,221.7,202.7,222.7,196.2,221.4,204.0,222.5,218.3,234.9,208.3,224.9,196.1,221.3,201.9,220.4
2026-03-13T20:32:05Z,196.2,221.4,203.0,221.5,180.1,204.3,,,196.7,221.7,202.7,222.7,196.2,221.4,204.0,222.5,218.3,234.9,208.3,224.9,196.1,221.3,201.9,220.4
2026-03-13T21:05:44Z,196.2,221.4,203.0,221.5,180.1,204.3,,,196.7,221.7,202.7,222.7,196.2,221.4,204.0,222.5,218.3,234.9,208.3,224.9,196.1,221.3,201.9,220.4
2026-03-13T21:48:02Z,196.2,221.4,203.0,221.5,180.1,204.3,,,196.7,221.7,202.7,222.7,196.2,221.4,204.0,222.5,218.3,234.9,208.3,224.9,196.1,221.3,201.9,220.4
2026-03-13T22:26:22Z,196.2,221.4,203.0,221.5,180.1,204.3,,,196.7,221.7,202.7,222.7,196.2,221.4,204.0,222.5,218.3,234.9,208.3,224.9,196.1,221.3,201.9,220.4
2026-03-13T22:52:52Z,196.2,221.4,203.0,221.5,180.1,204.3,,,196.7,221.7,202.7,222.7,196.2,221.4,204.0,222.5,218.3,234.9,208.3,224.9,196.1,221.3,201.9,220.4
2026-03-13T23:26:09Z,196.2,221.4,203.0,221.5,180.1,204.3,,,196.7,221.7,202.7,222.7,196.2,221.4,204.0,222.5,218.3,234.9,208.3,224.9,196.1,221.3,201.9,220.4
2026-03-13T23:51:56Z,196.2,221.4,203.0,221.5,180.1,204.3,,,196.7,221.7,202.7,222.7,196.2,221.4,204.0,222.5,218.3,234.9,208.3,224.9,196.1,221.3,201.9,220.4
2026-03-14T01:52:38Z,196.2,221.4,203.0,221.5,180.1,204.3,,,196.7,221.7,202.7,222.7,196.2,221.4,204.0,222.5,218.3,234.9,208.3,224.9,196.1,221.3,201.9,220.4
2026-03-14T04:09:32Z,196.2,221.4,203.0,221.5,180.1,204.3,,,196.7,221.7,202.7,222.7,196.2,221.4,204.0,222.5,218.3,234.9,208.3,224.9,196.1,221.3,201.9,220.4
2026-03-14T05:16:21Z,196.2,221.4,203.0,221.5,180.1,204.3,,,196.7,221.7,202.7,222.7,196.2,221.4,204.0,222.5,218.3,234.9,208.3,224.9,196.1,221.3,201.9,220.4
2026-03-14T06:05:13Z,196.2,221.4,203.0,221.5,180.1,204.3,,,196.7,221.7,202.7,222.7,196.2,221.4,204.0,222.5,218.3,234.9,208.3,224.9,196.1,221.3,201.9,220.4
2026-03-14T07:06:02Z,196.2,221.4,203.0,221.5,180.1,204.3,,,196.7,221.7,202.7,222.7,196.2,221.4,204.0,222.5,218.3,234.9,208.3,224.9,196.1,221.3,201.9,220.4
2026-03-14T07:49:54Z,196.2,221.4,203.0,221.5,180.1,204.3,,,196.7,221.7,202.7,222.7,196.2,221.4,204.0,222.5,218.3,234.9,208.3,224.9,196.1,221.3,201.9,220.4
2026-03-14T08:32:17Z,196.2,221.4,203.0,221.5,180.1,204.3,,,196.7,221.7,202.7,222.7,196.2,221.4,204.0,222.5,218.3,234.9,208.3,224.9,196.1,221.3,201.9,220.4
2026-03-14T09:04:39Z,196.2,221.4,203.0,221.5,180.1,204.3,,,196.7,221.7,202.7,222.7,196.2,221.4,204.0,222.5,218.3,234.9,208.3,224.9,196.1,221.3,201.9,220.4
2026-03-14T09:49:05Z,196.2,221.4,203.0,221.5,180.1,204.3,,,196.7,221.7,202.7,222.7,196.2,221.4,204.0,222.5,218.3,234.9,208.3,224.9,196.1,221.3,201.9,220.4
2026-03-14T10:25:56Z,196.2,221.4,203.0,221.5,180.1,204.3,,,196.7,221.7,202.7,222.7,196.2,221.4,204.0,222.5,218.3,234.9,208.3,224.9,196.1,221.3,201.9,220.4
2026-03-14T10:54:27Z,196.2,221.4,203.0,221.5,180.1,204.3,,,196.7,221.7,202.7,222.7,196.2,221.4,204.0,222.5,218.3,234.9,208.3,224.9,196.1,221.3,201.9,220.4
2026-03-14T11:21:54Z,196.2,221.4,203.0,221.5,180.1,204.3,,,196.7,221.7,202.7,222.7,196.2,221.4,204.0,222.5,218.3,234.9,208.3,224.9,196.1,221.3,201.9,220.4
2026-03-14T11:46:53Z,196.2,221.4,203.0,221.5,180.1,204.3,,,196.7,221.7,202.7,222.7,196.2,221.4,204.0,222.5,218.3,234.9,208.3,224.9,196.1,221.3,201.9,220.4
2026-03-14T12:45:53Z,196.2,221.4,203.0,221.5,180.1,204.3,,,196.7,221.7,202.7,222.7,196.2,221.4,204.0,222.5,218.3,234.9,208.3,224.9,196.1,221.3,201.9,220.4
2026-03-14T13:43:36Z,196.2,221.4,203.0,221.5,180.1,204.3,,,196.7,221.7,202.7,222.7,196.2,221.4,204.0,222.5,218.3,234.9,208.3,224.9,196.1,221.3,201.9,220.4
2026-03-14T14:15:06Z,196.2,221.4,203.0,221.5,180.1,204.3,,,196.7,221.7,202.7,222.7,196.2,221.4,204.0,222.5,218.3,234.9,208.3,224.9,196.1,221.3,201.9,220.4
2026-03-14T14:49:22Z,196.2,221.4,203.0,221.5,180.1,204.3,,,196.7,221.7,202.7,222.7,196.2,221.4,204.0,222.5,218.3,234.9,208.3,224.9,196.1,221.3,201.9,220.4
2026-03-14T15:26:18Z,196.2,221.4,203.0,221.5,183.1,208.3,,,196.7,221.7,202.7,222.7,196.2,221.4,204.0,222.5,218.3,234.9,208.3,224.9,196.1,221.3,201.9,220.4
2026-03-14T15:51:33Z,196.2,221.4,203.0,221.5,183.1,208.3,,,196.7,221.7,202.7,222.7,196.2,221.4,204.0,222.5,218.3,234.9,208.3,224.9,196.1,221.3,201.9,220.4
2026-03-14T16:29:23Z,196.2,221.4,203.0,221.5,183.1,208.3,,,196.7,221.7,202.7,222.7,196.2,221.4,204.0,222.5,218.3,234.9,208.3,224.9,196.1,221.3,201.9,220.4
2026-03-14T16:58:30Z,196.2,221.4,203.0,221.5,183.1,208.3,,,196.7,221.7,202.7,222.7,196.2,221.4,204.0,222.5,218.3,234.9,208.3,224.9,196.1,221.3,201.9,220.4
2026-03-14T17:34:03Z,196.2,221.4,203.0,221.5,183.1,208.3,,,196.7,221.7,202.7,222.7,196.2,221.4,204.0,222.5,218.3,234.9,208.3,224.9,196.1,221.3,201.9,220.4
2026-03-14T17:58:21Z,196.2,221.4,203.0,221.5,183.1,208.3,,,196.7,221.7,202.7,222.7,196.2,221.4,204.0,222.5,218.3,234.9,208.3,224.9,196.1,221.3,201.9,220.4
2026-03-14T18:49:54Z,196.2,221.4,203.0,221.5,183.1,208.3,,,196.7,221.7,202.7,222.7,196.2,221.4,204.0,222.5,218.3,234.9,208.3,224.9,196.1,221.3,201.9,220.4
2026-03-14T19:25:15Z,196.2,221.4,203.0,221.5,183.1,208.3,,,196.7,221.7,202.7,222.7,196.2,221.4,204.0,222.5,218.3,234.9,208.3,224.9,196.1,221.3,201.9,220.4
2026-03-14T19:48:00Z,196.2,221.4,203.0,221.5,183.1,208.3,,,196.7,221.7,202.7,222.7,196.2,221.4,204.0,222.5,218.3,234.9,208.3,224.9,196.1,221.3,201.9,220.4
2026-03-14T20:26:06Z,196.2,221.4,203.0,221.5,183.1,208.3,,,196.7,221.7,202.7,222.7,196.2,221.4,204.0,222.5,218.3,234.9,208.3,224.9,196.1,221.3,201.9,220.4
2026-03-14T20:52:56Z,196.2,221.4,203.0,221.5,183.1,208.3,,,196.7,221.7,202.7,222.7,196.2,221.4,204.0,222.5,218.3,234.9,208.3,224.9,196.1,221.3,201.9,220.4
2026-03-14T21:24:32Z,196.2,221.4,203.0,221.5,183.1,208.3,,,196.7,221.7,202.7,222.7,196.2,221.4,204.0,222.5,218.3,234.9,208.3,224.9,196.1,221.3,201.9,220.4
2026-03-14T21:48:38Z,196.2,221.4,203.0,221.5,183.1,208.3,,,196.7,221.7,202.7,222.7,196.2,221.4,204.0,222.5,218.3,234.9,208.3,224.9,196.1,221.3,201.9,220.4
2026-03-14T22:23:48Z,196.2,221.4,203.0,221.5,183.1,208.3,,,196.7,221.7,202.7,222.7,196.2,221.4,204.0,222.5,218.3,234.9,208.3,224.9,196.1,221.3,201.9,220.4
2026-03-14T22:52:34Z,196.2,221.4,203.0,221.5,183.1,208.3,,,196.7,221.7,202.7,222.7,196.2,221.4,204.0,222.5,218.3,234.9,208.3,224.9,196.1,221.3,201.9,220.4
2026-03-14T23:25:56Z,196.2,221.4,203.0,221.5,183.1,208.3,,,196.7,221.7,202.7,222.7,196.2,221.4,204.0,222.5,218.3,234.9,208.3,224.9,196.1,221.3,201.9,220.4
2026-03-14T23:51:13Z,196.2,221.4,203.0,221.5,183.1,208.3,,,196.7,221.7,202.7,222.7,196.2,221.4,204.0,222.5,218.3,234.9,208.3,224.9,196.1,221.3,201.9,220.4
2026-03-15T02:09:32Z,196.2,221.4,203.0,221.5,183.1,208.3,,,196.7,221.7,202.7,222.7,196.2,221.4,204.0,222.5,218.3,234.9,208.3,224.9,196.1,221.3,201.9,220.4
2026-03-15T04:40:32Z,196.2,221.4,203.0,221.5,183.1,208.3,,,196.7,221.7,202.7,222.7,196.2,221.4,204.0,222.5,218.3,234.9,208.3,224.9,196.1,221.3,201.9,220.4
2026-03-15T05:55:50Z,196.2,221.4,203.0,221.5,183.1,208.3,,,196.7,221.7,202.7,222.7,196.2,221.4,204.0,222.5,218.3,234.9,208.3,224.9,196.1,221.3,201.9,220.4
2026-03-15T06:56:44Z,196.2,221.4,203.0,221.5,183.1,208.3,,,196.7,221.7,202.7,222.7,196.2,221.4,204.0,222.5,218.3,234.9,208.3,224.9,196.1,221.3,201.9,220.4
2026-03-15T07:46:36Z,196.2,221.4,203.0,221.5,183.1,208.3,,,196.7,221.7,202.7,222.7,196.2,221.4,204.0,222.5,218.3,234.9,208.3,224.9,196.1,221.3,201.9,220.4
2026-03-15T08:34:44Z,196.2,221.4,203.0,221.5,183.1,208.3,,,196.7,221.7,202.7,222.7,196.2,221.4,204.0,222.5,218.3,234.9,208.3,224.9,196.1,221.3,201.9,220.4
2026-03-15T09:06:23Z,196.2,221.4,203.0,221.5,183.1,208.3,,,196.7,221.7,202.7,222.7,196.2,221.4,204.0,222.5,218.3,234.9,208.3,224.9,196.1,221.3,201.9,220.4
2026-03-15T09:49:26Z,196.2,221.4,203.0,221.5,183.1,208.3,,,196.7,221.7,202.7,222.7,196.2,221.4,204.0,222.5,218.3,234.9,208.3,224.9,196.1,221.3,201.9,220.4
2026-03-15T10:27:54Z,196.2,221.4,203.0,221.5,183.1,208.3,,,196.7,221.7,202.7,222.7,196.2,221.4,204.0,222.5,218.3,234.9,208.3,224.9,196.1,221.3,201.9,220.4
2026-03-15T10:58:00Z,196.2,221.4,203.0,221.5,183.1,208.3,,,196.7,221.7,202.7,222.7,196.2,221.4,204.0,222.5,218.3,234.9,208.3,224.9,196.1,221.3,201.9,220.4
2026-03-15T11:32:21Z,196.2,221.4,203.0,221.5,183.1,208.3,,,196.7,221.7,202.7,222.7,196.2,221.4,204.0,222.5,218.3,234.9,208.3,224.9,196.1,221.3,201.9,220.4
2026-03-15T11:56:13Z,196.2,221.4,203.0,221.5,183.1,208.3,,,196.7,221.7,202.7,222.7,196.2,221.4,204.0,222.5,218.3,234.9,208.3,224.9,196.1,221.3,201.9,220.4
2026-03-15T12:55:04Z,196.2,221.4,203.0,221.5,183.1,208.3,,,196.7,221.7,202.7,222.7,196.2,221.4,204.0,222.5,218.3,234.9,208.3,224.9,196.1,221.3,201.9,220.4
2026-03-15T13:45:21Z,196.2,221.4,203.0,221.5,183.1,208.3,,,196.7,221.7,202.7,222.7,196.2,221.4,204.0,222.5,218.3,234.9,208.3,224.9,196.1,221.3,201.9,220.4
2026-03-15T14:28:25Z,196.2,221.4,203.0,221.5,183.1,208.3,,,196.7,221.7,202.7,222.7,196.2,221.4,204.0,222.5,218.3,234.9,208.3,224.9,196.1,221.3,201.9,220.4
2026-03-15T14:57:09Z,196.2,221.4,203.0,221.5,183.1,208.3,,,196.7,221.7,202.7,222.7,196.2,221.4,204.0,222.5,218.3,234.9,208.3,224.9,196.1,221.3,201.9,220.4
2026-03-15T15:32:40Z,196.2,221.4,203.0,221.5,183.1,208.3,,,196.7,221.7,202.7,222.7,196.2,221.4,204.0,222.5,218.3,234.9,208.3,224.9,196.1,221.3,201.9,220.4
2026-03-15T15:59:29Z,196.2,221.4,203.0,221.5,183.1,208.3,,,196.7,221.7,202.7,222.7,196.2,221.4,204.0,222.5,218.3,234.9,208.3,224.9,196.1,221.3,201.9,220.4
2026-03-15T16:42:57Z,196.2,221.4,203.0,221.5,183.1,208.3,,,196.7,221.7,202.7,222.7,196.2,221.4,204.0,222.5,218.3,234.9,208.3,224.9,196.1,221.3,201.9,220.4
2026-03-15T17:03:25Z,196.2,221.4,203.0,221.5,183.1,208.3,,,196.7,221.7,202.7,222.7,196.2,221.4,204.0,222.5,218.3,234.9,208.3,224.9,196.1,221.3,201.9,220.4
2026-03-15T17:45:02Z,196.2,221.4,203.0,221.5,183.1,208.3,,,196.7,221.7,202.7,222.7,196.2,221.4,204.0,222.5,218.3,234.9,208.3,224.9,196.1,221.3,201.9,220.4
2026-03-15T18:02:00Z,196.2,221.4,203.0,221.5,183.1,208.3,,,196.7,221.7,202.7,222.7,196.2,221.4,204.0,222.5,218.3,234.9,208.3,224.9,196.1,221.3,201.9,220.4
2026-03-15T18:58:39Z,196.2,221.4,203.0,221.5,183.1,208.3,,,196.7,221.7,202.7,222.7,196.2,221.4,204.0,222.5,218.3,234.9,208.3,224.9,196.1,221.3,201.9,220.4
2026-03-15T19:35:05Z,196.2,221.4,203.0,221.5,183.1,208.3,,,196.7,221.7,202.7,222.7,196.2,221.4,204.0,222.5,218.3,234.9,208.3,224.9,196.1,221.3,201.9,220.4
2026-03-15T19:57:23Z,196.2,221.4,203.0,221.5,183.1,208.3,,,196.7,221.7,202.7,222.7,196.2,221.4,204.0,222.5,218.3,234.9,208.3,224.9,196.1,221.3,201.9,220.4
2026-03-15T20:34:46Z,196.2,221.4,203.0,221.5,183.1,208.3,,,196.7,221.7,202.7,222.7,196.2,221.4,204.0,222.5,218.3,234.9,208.3,224.9,196.1,221.3,201.9,220.4
2026-03-15T21:00:40Z,196.2,221.4,203.0,221.5,183.1,208.3,,,196.7,221.7,202.7,222.7,196.2,221.4,204.0,222.5,218.3,234.9,208.3,224.9,196.1,221.3,201.9,220.4
2026-03-15T21:41:48Z,196.2,221.4,203.0,221.5,183.1,208.3,,,196.7,221.7,202.7,222.7,196.2,221.4,204.0,222.5,218.3,234.9,208.3,224.9,196.1,221.3,201.9,220.4
2026-03-15T21:58:57Z,196.2,221.4,203.0,221.5,183.1,208.3,,,196.7,221.7,202.7,222.7,196.2,221.4,204.0,222.5,218.3,234.9,208.3,224.9,196.1,221.3,201.9,220.4
2026-03-15T22:37:04Z,196.2,221.4,203.0,221.5,183.1,208.3,,,196.7,221.7,202.7,222.7,196.2,221.4,204.0,222.5,218.3,234.9,208.3,224.9,196.1,221.3,201.9,220.4
2026-03-15T23:01:19Z,196.2,221.4,203.0,221.5,183.1,208.3,,,196.7,221.7,202.7,222.7,196.2,221.4,204.0,222.5,218.3,234.9,208.3,224.9,196.1,221.3,201.9,220.4
2026-03-15T23:44:10Z,196.2,221.4,203.0,221.5,183.1,208.3,,,196.7,221.7,202.7,222.7,196.2,221.4,204.0,222.5,218.3,234.9,208.3,224.9,196.1,221.3,201.9,220.4
2026-03-16T00:01:51Z,196.2,221.4,203.0,221.5,183.1,208.3,,,196.7,221.7,202.7,222.7,196.2,221.4,204.0,222.5,218.3,234.9,208.3,224.9,196.1,221.3,201.9,220.4
2026-03-16T03:33:23Z,196.2,221.4,203.0,221.5,183.1,208.3,,,196.7,221.7,202.7,222.7,196.2,221.4,204.0,222.5,218.3,234.9,208.3,224.9,196.1,221.3,201.9,220.4
2026-03-16T05:32:31Z,196.2,221.4,203.0,221.5,183.1,208.3,,,196.7,221.7,202.7,222.7,196.2,221.4,204.0,222.5,218.3,234.9,208.3,224.9,196.1,221.3,201.9,220.4
2026-03-16T06:59:58Z,196.2,221.4,203.0,221.5,183.1,208.3,,,196.7,221.7,202.7,222.7,196.2,221.4,204.0,222.5,218.3,234.9,208.3,224.9,196.1,221.3,201.9,220.4
2026-03-16T08:12:17Z,196.2,221.4,203.0,221.5,183.1,208.3,,,196.7,221.7,202.7,222.7,196.2,221.4,204.0,222.5,218.3,234.9,208.3,224.9,196.1,221.3,201.9,220.4
2026-03-16T09:14:11Z,196.2,221.4,203.0,221.5,183.1,208.3,,,196.7,221.7,202.7,222.7,196.2,221.4,204.0,222.5,218.3,234.9,208.3,224.9,196.1,221.3,201.9,220.4
2026-03-16T10:16:57Z,196.2,221.4,203.0,221.5,183.1,208.3,,,196.7,221.7,202.7,222.7,196.2,221.4,204.0,222.5,218.3,234.9,208.3,224.9,196.1,221.3,201.9,220.4
2026-03-16T11:26:20Z,196.2,221.4,203.0,221.5,183.1,208.3,,,196.7,221.7,202.7,222.7,196.2,221.4,204.0,222.5,218.3,234.9,208.3,224.9,196.1,221.3,201.9,220.4
2026-03-16T12:04:17Z,196.2,221.4,203.0,221.5,183.1,208.3,,,198.7,225.7,204.7,226.7,196.2,221.4,204.0,222.5,218.3,234.9,208.3,224.9,196.1,221.3,201.9,220.4
2026-03-16T13:54:04Z,196.2,221.4,203.0,221.5,183.1,208.3,,,198.7,225.7,204.7,226.7,196.2,221.4,204.0,222.5,218.3,234.9,208.3,224.9,196.1,221.3,201.9,220.4
2026-03-16T14:57:42Z,196.2,221.4,203.0,221.5,183.1,208.3,,,198.7,225.7,204.7,226.7,196.2,221.4,204.0,222.5,218.3,234.9,208.3,224.9,196.1,221.3,201.9,220.4
2026-03-16T16:09:43Z,196.2,221.4,203.0,221.5,183.1,208.3,,,198.7,225.7,204.7,226.7,196.2,221.4,204.0,222.5,218.3,234.9,208.3,224.9,196.1,221.3,201.9,220.4
2026-03-16T17:17:11Z,196.2,221.4,203.0,221.5,183.1,208.3,,,198.7,225.7,204.7,226.7,196.2,221.4,204.0,222.5,218.3,234.9,208.3,224.9,196.1,221.3,201.9,220.4
2026-03-16T18:13:34Z,196.2,221.4,203.0,221.5,183.1,208.3,,,198.7,225.7,204.7,226.7,196.2,221.4,204.0,222.5,218.3,234.9,208.3,224.9,196.1,221.3,201.9,220.4
2026-03-16T19:29:57Z,196.2,221.4,203.0,221.5,183.1,208.3,,,198.7,225.7,204.7,226.7,196.2,221.4,204.0,222.5,218.3,234.9,208.3,224.9,196.1,221.3,201.9,220.4
2026-03-16T20:01:45Z,196.2,221.4,203.0,221.5,183.1,208.3,,,198.7,225.7,204.7,226.7,196.2,221.4,204.0,222.5,218.3,234.9,208.3,224.9,196.1,221.3,201.9,220.4
2026-03-16T20:57:37Z,196.2,221.4,203.0,221.5,183.1,208.3,,,198.7,225.7,204.7,226.7,196.2,221.4,204.0,222.5,218.3,234.9,208.3,224.9,196.1,221.3,201.9,220.4
2026-03-16T21:44:48Z,196.2,221.4,203.0,221.5,183.1,208.3,,,198.7,225.7,204.7,226.7,196.2,221.4,204.0,222.5,218.3,234.9,208.3,224.9,196.1,221.3,201.9,220.4
2026-03-16T22:18:59Z,196.2,221.4,203.0,221.5,183.1,208.3,,,198.7,225.7,204.7,226.7,196.2,221.4,204.0,222.5,218.3,234.9,208.3,224.9,196.1,221.3,201.9,220.4
2026-03-16T22:56:19Z,196.2,221.4,203.0,221.5,183.1,208.3,,,198.7,225.7,204.7,226.7,196.2,221.4,204.0,222.5,218.3,234.9,208.3,224.9,196.1,221.3,201.9,220.4
2026-03-16T23:33:04Z,196.2,221.4,203.0,221.5,183.1,208.3,,,198.7,225.7,204.7,226.7,196.2,221.4,204.0,222.5,218.3,234.9,208.3,224.9,196.1,221.3,201.9,220.4
2026-03-16T23:59:13Z,196.2,221.4,203.0,221.5,183.1,208.3,,,198.7,225.7,204.7,226.7,196.2,221.4,204.0,222.5,218.3,234.9,208.3,224.9,196.1,221.3,201.9,220.4
2026-03-17T02:49:55Z,196.2,221.4,203.0,221.5,183.1,208.3,,,198.7,225.7,204.7,226.7,196.2,221.4,204.0,222.5,218.3,234.9,208.3,224.9,196.1,221.3,201.9,220.4
2026-03-17T04:49:35Z,196.2,221.4,203.0,221.5,183.1,208.3,,,198.7,225.7,204.7,226.7,196.2,221.4,204.0,222.5,218.3,234.9,208.3,224.9,196.1,221.3,201.9,220.4
2026-03-17T05:58:02Z,196.2,221.4,203.0,221.5,183.1,208.3,,,198.7,225.7,204.7,226.7,196.2,221.4,204.0,222.5,218.3,234.9,208.3,224.9,196.1,221.3,201.9,220.4
2026-03-17T07:12:50Z,196.2,221.4,203.0,221.5,183.1,208.3,,,198.7,225.7,204.7,226.7,196.2,221.4,204.0,222.5,218.3,234.9,208.3,224.9,196.1,221.3,201.9,220.4
2026-03-17T08:03:02Z,196.2,221.4,203.0,221.5,183.1,208.3,,,198.7,225.7,204.7,226.7,196.2,221.4,204.0,222.5,218.3,234.9,208.3,224.9,196.1,221.3,201.9,220.4
2026-03-17T09:08:12Z,196.2,221.4,203.0,221.5,183.1,208.3,,,198.7,225.7,204.7,226.7,196.2,221.4,204.0,222.5,218.3,234.9,208.3,224.9,196.1,221.3,201.9,220.4
2026-03-17T10:08:59Z,196.2,221.4,203.0,221.5,183.1,208.3,,,198.7,225.7,204.7,226.7,196.2,221.4,204.0,222.5,218.3,234.9,208.3,224.9,196.1,221.3,201.9,220.4
2026-03-17T11:08:26Z,196.2,221.4,203.0,221.5,183.1,208.3,,,198.7,225.7,204.7,226.7,198.2,225.4,206.0,226.5,220.3,238.9,210.3,228.9,196.1,221.3,201.9,220.4
2026-03-17T11:54:56Z,198.2,225.4,205.0,225.5,183.1,208.3,,,198.7,225.7,204.7,226.7,198.2,225.4,206.0,226.5,220.3,238.9,210.3,228.9,196.1,221.3,201.9,220.4
2026-03-17T13:07:17Z,198.2,225.4,205.0,225.5,183.1,208.3,,,198.7,225.7,204.7,226.7,198.2,225.4,206.0,226.5,220.3,238.9,210.3,228.9,198.1,225.3,203.9,224.4
2026-03-17T14:35:31Z,198.2,225.4,205.0,225.5,183.1,208.3,,,198.7,225.7,204.7,226.7,198.2,225.4,206.0,226.5,220.3,238.9,210.3,228.9,198.1,225.3,203.9,224.4
2026-03-17T15:44:33Z,198.2,225.4,205.0,225.5,183.1,208.3,,,198.7,225.7,204.7,226.7,198.2,225.4,206.0,226.5,220.3,238.9,210.3,228.9,198.1,225.3,203.9,224.4
2026-03-17T16:46:42Z,198.2,225.4,205.0,225.5,183.1,208.3,,,198.7,225.7,204.7,226.7,198.2,225.4,206.0,226.5,220.3,238.9,210.3,228.9,198.1,225.3,203.9,224.4
2026-03-17T17:57:00Z,198.2,225.4,205.0,225.5,183.1,208.3,,,198.7,225.7,204.7,226.7,198.2,225.4,206.0,226.5,220.3,238.9,210.3,228.9,198.1,225.3,203.9,224.4
2026-03-17T19:05:44Z,198.2,225.4,205.0,225.5,183.1,208.3,,,198.7,225.7,204.7,226.7,198.2,225.4,206.0,226.5,220.3,238.9,210.3,228.9,198.1,225.3,203.9,224.4
2026-03-17T19:57:34Z,198.2,225.4,205.0,225.5,183.1,208.3,,,198.7,225.7,204.7,226.7,198.2,225.4,206.0,226.5,220.3,238.9,210.3,228.9,198.1,225.3,203.9,224.4
2026-03-17T20:44:35Z,198.2,225.4,205.0,225.5,183.1,208.3,,,198.7,225.7,204.7,226.7,198.2,225.4,206.0,226.5,220.3,238.9,210.3,228.9,198.1,225.3,203.9,224.4
2026-03-17T21:22:34Z,198.2,225.4,205.0,225.5,183.1,208.3,,,198.7,225.7,204.7,226.7,198.2,225.4,206.0,226.5,220.3,238.9,210.3,228.9,198.1,225.3,203.9,224.4
2026-03-17T22:01:11Z,198.2,225.4,205.0,225.5,183.1,208.3,,,198.7,225.7,204.7,226.7,198.2,225.4,206.0,226.5,220.3,238.9,210.3,228.9,198.1,225.3,203.9,224.4
2026-03-17T22:52:32Z,198.2,225.4,205.0,225.5,183.1,208.3,,,198.7,225.7,204.7,226.7,198.2,225.4,206.0,226.5,220.3,238.9,210.3,228.9,198.1,225.3,203.9,224.4
2026-03-17T23:30:25Z,198.2,225.4,205.0,225.5,183.1,208.3,,,198.7,225.7,204.7,226.7,198.2,225.4,206.0,226.5,220.3,238.9,210.3,228.9,198.1,225.3,203.9,224.4
2026-03-18T00:01:35Z,198.2,225.4,205.0,225.5,183.1,208.3,,,198.7,225.7,204.7,226.7,198.2,225.4,206.0,226.5,220.3,238.9,210.3,228.9,198.1,225.3,203.9,224.4
2026-03-18T03:20:14Z,198.2,225.4,205.0,225.5,183.1,208.3,,,198.7,225.7,204.7,226.7,198.2,225.4,206.0,226.5,220.3,238.9,210.3,228.9,198.1,225.3,203.9,224.4
2026-03-18T05:13:03Z,198.2,225.4,205.0,225.5,183.1,208.3,,,198.7,225.7,204.7,226.7,198.2,225.4,206.0,226.5,220.3,238.9,210.3,228.9,198.1,225.3,203.9,224.4
2026-03-18T06:14:57Z,198.2,225.4,205.0,225.5,183.1,208.3,,,198.7,225.7,204.7,226.7,198.2,225.4,206.0,226.5,220.3,238.9,210.3,228.9,198.1,225.3,203.9,224.4
2026-03-18T07:31:27Z,198.2,225.4,205.0,225.5,183.1,208.3,,,198.7,225.7,204.7,226.7,198.2,225.4,206.0,226.5,220.3,238.9,210.3,228.9,198.1,225.3,203.9,224.4
2026-03-18T08:28:52Z,198.2,225.4,205.0,225.5,183.1,208.3,,,198.7,225.7,204.7,226.7,198.2,225.4,206.0,226.5,220.3,238.9,210.3,228.9,198.1,225.3,203.9,224.4
2026-03-18T09:30:13Z,198.2,225.4,205.0,225.5,183.1,208.3,,,198.7,225.7,204.7,226.7,198.2,225.4,206.0,226.5,220.3,238.9,210.3,228.9,198.1,225.3,203.9,224.4
2026-03-18T10:31:03Z,198.2,225.4,205.0,225.5,183.1,208.3,,,198.7,225.7,204.7,226.7,198.2,225.4,206.0,226.5,220.3,238.9,210.3,228.9,198.1,225.3,203.9,224.4
2026-03-18T11:31:53Z,198.2,225.4,205.0,225.5,183.1,208.3,,,198.7,225.7,204.7,226.7,198.2,225.4,206.0,226.5,220.3,238.9,210.3,228.9,198.1,225.3,203.9,224.4
2026-03-18T12:35:07Z,198.2,225.4,205.0,225.5,183.1,208.3,,,198.7,225.7,204.7,226.7,198.2,225.4,206.0,226.5,220.3,238.9,210.3,228.9,198.1,225.3,203.9,224.4
2026-03-18T14:06:36Z,198.2,225.4,205.0,225.5,183.1,208.3,,,198.7,225.7,204.7,226.7,198.2,225.4,206.0,226.5,220.3,238.9,210.3,228.9,198.1,225.3,203.9,224.4
2026-03-18T15:38:08Z,198.2,225.4,205.0,225.5,183.1,208.3,,,198.7,225.7,204.7,226.7,198.2,225.4,206.0,226.5,220.3,238.9,210.3,228.9,198.1,225.3,203.9,224.4
2026-03-18T16:42:51Z,198.2,225.4,205.0,225.5,183.1,208.3,,,198.7,225.7,204.7,226.7,198.2,225.4,206.0,226.5,220.3,238.9,210.3,228.9,198.1,225.3,203.9,224.4
2026-03-18T17:46:06Z,198.2,225.4,205.0,225.5,183.1,208.3,,,198.7,225.7,204.7,226.7,198.2,225.4,206.0,226.5,220.3,238.9,210.3,228.9,198.1,225.3,203.9,224.4
2026-03-18T18:57:04Z,198.2,225.4,205.0,225.5,183.1,208.3,,,198.7,225.7,204.7,226.7,198.2,225.4,206.0,226.5,220.3,238.9,210.3,228.9,198.1,225.3,203.9,224.4
2026-03-18T19:50:16Z,198.2,225.4,205.0,225.5,183.1,208.3,,,198.7,225.7,204.7,226.7,198.2,225.4,206.0,226.5,220.3,238.9,210.3,228.9,198.1,225.3,203.9,224.4
2026-03-18T20:37:22Z,198.2,225.4,205.0,225.5,183.1,208.3,,,198.7,225.7,204.7,226.7,198.2,225.4,206.0,226.5,220.3,238.9,210.3,228.9,198.1,225.3,203.9,224.4
2026-03-18T21:19:37Z,198.2,225.4,205.0,225.5,183.1,208.3,,,198.7,225.7,204.7,226.7,198.2,225.4,206.0,226.5,220.3,238.9,210.3,228.9,198.1,225.3,203.9,224.4
2026-03-18T21:57:44Z,198.2,225.4,205.0,225.5,183.1,208.3,,,198.7,225.7,204.7,226.7,198.2,225.4,206.0,226.5,220.3,238.9,210.3,228.9,198.1,225.3,203.9,224.4
2026-03-18T22:37:26Z,198.2,225.4,205.0,225.5,183.1,208.3,,,198.7,225.7,204.7,226.7,198.2,225.4,206.0,226.5,220.3,238.9,210.3,228.9,198.1,225.3,203.9,224.4
2026-03-18T23:03:25Z,198.2,225.4,205.0,225.5,183.1,208.3,,,198.7,225.7,204.7,226.7,198.2,225.4,206.0,226.5,220.3,238.9,210.3,228.9,198.1,225.3,203.9,224.4
2026-03-18T23:42:16Z,198.2,225.4,205.0,225.5,183.1,208.3,,,198.7,225.7,204.7,226.7,198.2,225.4,206.0,226.5,220.3,238.9,210.3,228.9,198.1,225.3,203.9,224.4
2026-03-19T00:00:31Z,198.2,225.4,205.0,225.5,183.1,208.3,,,198.7,225.7,204.7,226.7,198.2,225.4,206.0,226.5,220.3,238.9,210.3,228.9,198.1,225.3,203.9,224.4
2026-03-19T03:20:05Z,198.2,225.4,205.0,225.5,183.1,208.3,,,198.7,225.7,204.7,226.7,198.2,225.4,206.0,226.5,220.3,238.9,210.3,228.9,198.1,225.3,203.9,224.4
2026-03-19T05:09:52Z,198.2,225.4,205.0,225.5,183.1,208.3,,,198.7,225.7,204.7,226.7,198.2,225.4,206.0,226.5,220.3,238.9,210.3,228.9,198.1,225.3,203.9,224.4
2026-03-19T06:10:31Z,198.2,225.4,205.0,225.5,183.1,208.3,,,198.7,225.7,204.7,226.7,198.2,225.4,206.0,226.5,220.3,238.9,210.3,228.9,198.1,225.3,203.9,224.4
2026-03-19T07:14:07Z,198.2,225.4,205.0,225.5,183.1,208.3,,,198.7,225.7,204.7,226.7,198.2,225.4,206.0,226.5,220.3,238.9,210.3,228.9,198.1,225.3,203.9,224.4
2026-03-19T07:56:49Z,198.2,225.4,205.0,225.5,183.1,208.3,,,198.7,225.7,204.7,226.7,198.2,225.4,206.0,226.5,220.3,238.9,210.3,228.9,198.1,225.3,203.9,224.4
2026-03-19T08:47:36Z,198.2,225.4,205.0,225.5,183.1,208.3,,,198.7,225.7,204.7,226.7,198.2,225.4,206.0,226.5,220.3,238.9,210.3,228.9,198.1,225.3,203.9,224.4
2026-03-19T09:40:55Z,198.2,225.4,205.0,225.5,183.1,208.3,,,198.7,225.7,204.7,226.7,198.2,225.4,206.0,226.5,220.3,238.9,210.3,228.9,198.1,225.3,203.9,224.4
2026-03-19T10:24:23Z,198.2,225.4,205.0,225.5,183.1,208.3,,,198.7,225.7,204.7,226.7,198.2,225.4,206.0,226.5,220.3,238.9,210.3,228.9,198.1,225.3,203.9,224.4
2026-03-19T11:07:16Z,198.2,225.4,205.0,225.5,183.1,208.3,,,198.7,225.7,204.7,226.7,198.2,225.4,206.0,226.5,220.3,238.9,210.3,228.9,198.1,225.3,203.9,224.4
2026-03-19T11:50:15Z,198.2,225.4,205.0,225.5,183.1,208.3,,,198.7,225.7,204.7,226.7,198.2,225.4,206.0,226.5,220.3,238.9,210.3,228.9,198.1,225.3,203.9,224.4
2026-03-19T13:00:36Z,198.2,225.4,205.0,225.5,183.1,208.3,,,198.7,225.7,204.7,226.7,198.2,225.4,206.0,226.5,220.3,238.9,210.3,228.9,198.1,225.3,203.9,224.4
2026-03-19T14:15:45Z,198.2,225.4,205.0,225.5,183.1,208.3,,,198.7,225.7,204.7,226.7,198.2,225.4,206.0,226.5,220.3,238.9,210.3,228.9,198.1,225.3,203.9,224.4
2026-03-19T15:11:51Z,198.2,225.4,205.0,225.5,183.1,208.3,,,198.7,225.7,204.7,226.7,198.2,225.4,206.0,226.5,220.3,238.9,210.3,228.9,198.1,225.3,203.9,224.4
2026-03-19T16:09:31Z,198.2,225.4,205.0,225.5,183.1,208.3,,,198.7,225.7,204.7,226.7,198.2,225.4,206.0,226.5,220.3,238.9,210.3,228.9,198.1,225.3,203.9,224.4
2026-03-19T17:14:43Z,198.2,225.4,205.0,225.5,183.1,208.3,,,198.7,225.7,204.7,226.7,198.2,225.4,206.0,226.5,220.3,238.9,210.3,228.9,198.1,225.3,203.9,224.4
2026-03-19T18:04:53Z,198.2,225.4,205.0,225.5,183.1,208.3,,,198.7,225.7,204.7,226.7,198.2,225.4,206.0,226.5,220.3,238.9,210.3,228.9,198.1,225.3,203.9,224.4
2026-03-19T19:14:38Z,198.2,225.4,205.0,225.5,183.1,208.3,,,198.7,225.7,204.7,226.7,198.2,225.4,206.0,226.5,220.3,238.9,210.3,228.9,198.1,225.3,203.9,224.4
2026-03-19T19:54:30Z,198.2,225.4,205.0,225.5,183.1,208.3,,,198.7,225.7,204.7,226.7,198.2,225.4,206.0,226.5,220.3,238.9,210.3,228.9,198.1,225.3,203.9,224.4
2026-03-19T20:35:05Z,198.2,225.4,205.0,225.5,183.1,208.3,,,198.7,225.7,204.7,226.7,198.2,225.4,206.0,226.5,220.3,238.9,210.3,228.9,198.1,225.3,203.9,224.4
2026-03-19T21:19:18Z,198.2,225.4,205.0,225.5,183.1,208.3,,,198.7,225.7,204.7,226.7,198.2,225.4,206.0,226.5,220.3,238.9,210.3,228.9,198.1,225.3,203.9,224.4
2026-03-19T21:54:24Z,198.2,225.4,205.0,225.5,183.1,208.3,,,198.7,225.7,204.7,226.7,198.2,225.4,206.0,226.5,220.3,238.9,210.3,228.9,198.1,225.3,203.9,224.4
2026-03-19T22:26:41Z,198.2,225.4,205.0,225.5,183.1,208.3,,,198.7,225.7,204.7,226.7,198.2,225.4,206.0,226.5,220.3,238.9,210.3,228.9,198.1,225.3,203.9,224.4
2026-03-19T22:56:29Z,198.2,225.4,205.0,225.5,183.1,208.3,,,198.7,225.7,204.7,226.7,198.2,225.4,206.0,226.5,220.3,238.9,210.3,228.9,198.1,225.3,203.9,224.4
2026-03-19T23:31:37Z,198.2,225.4,205.0,225.5,183.1,208.3,,,198.7,225.7,204.7,226.7,198.2,225.4,206.0,226.5,220.3,238.9,210.3,228.9,198.1,225.3,203.9,224.4
2026-03-19T23:58:44Z,198.2,225.4,205.0,225.5,183.1,208.3,,,198.7,225.7,204.7,226.7,198.2,225.4,206.0,226.5,220.3,238.9,210.3,228.9,198.1,225.3,203.9,224.4
2026-03-20T02:44:49Z,198.2,225.4,205.0,225.5,183.1,208.3,,,198.7,225.7,204.7,226.7,198.2,225.4,206.0,226.5,220.3,238.9,210.3,228.9,198.1,225.3,203.9,224.4
2026-03-20T04:28:05Z,198.2,225.4,205.0,225.5,183.1,208.3,,,198.7,225.7,204.7,226.7,198.2,225.4,206.0,226.5,220.3,238.9,210.3,228.9,198.1,225.3,203.9,224.4
2026-03-20T05:35:32Z,198.2,225.4,205.0,225.5,183.1,208.3,,,198.7,225.7,204.7,226.7,198.2,225.4,206.0,226.5,220.3,238.9,210.3,228.9,198.1,225.3,203.9,224.4
2026-03-20T06:35:19Z,198.2,225.4,205.0,225.5,183.1,208.3,,,198.7,225.7,204.7,226.7,198.2,225.4,206.0,226.5,220.3,238.9,210.3,228.9,198.1,225.3,203.9,224.4
2026-03-20T07:35:22Z,198.2,225.4,205.0,225.5,183.1,208.3,,,198.7,225.7,204.7,226.7,198.2,225.4,206.0,226.5,220.3,238.9,210.3,228.9,198.1,225.3,203.9,224.4
2026-03-20T08:22:50Z,198.2,225.4,205.0,225.5,183.1,208.3,,,198.7,225.7,204.7,226.7,198.2,225.4,206.0,226.5,220.3,238.9,210.3,228.9,198.1,225.3,203.9,224.4
2026-03-20T09:05:12Z,198.2,225.4,205.0,225.5,183.1,208.3,,,198.7,225.7,204.7,226.7,198.2,225.4,206.0,226.5,220.3,238.9,210.3,228.9,198.1,225.3,203.9,224.4
2026-03-20T09:58:00Z,198.2,225.4,205.0,225.5,183.1,208.3,,,198.7,225.7,204.7,226.7,198.2,225.4,206.0,226.5,220.3,238.9,210.3,228.9,198.1,225.3,203.9,224.4
2026-03-20T10:45:30Z,198.2,225.4,205.0,225.5,183.1,208.3,,,198.7,225.7,204.7,226.7,198.2,225.4,206.0,226.5,220.3,238.9,210.3,228.9,198.1,225.3,203.9,224.4
2026-03-20T11:29:48Z,198.2,225.4,205.0,225.5,183.1,208.3,,,198.7,225.7,204.7,226.7,198.2,225.4,206.0,226.5,220.3,238.9,210.3,228.9,198.1,225.3,203.9,224.4
2026-03-20T11:56:30Z,198.2,225.4,205.0,225.5,183.1,208.3,,,198.7,225.7,204.7,226.7,198.2,225.4,206.0,226.5,220.3,238.9,210.3,228.9,198.1,225.3,203.9,224.4
2026-03-20T13:03:15Z,198.2,225.4,205.0,225.5,183.1,208.3,,,198.7,225.7,204.7,226.7,198.2,225.4,206.0,226.5,220.3,238.9,210.3,228.9,198.1,225.3,203.9,224.4
2026-03-20T14:06:42Z,198.2,225.4,205.0,225.5,183.1,208.3,,,198.7,225.7,204.7,226.7,198.2,225.4,206.0,226.5,220.3,238.9,210.3,228.9,198.1,225.3,203.9,224.4
2026-03-20T15:01:39Z,198.2,225.4,205.0,225.5,183.1,208.3,,,198.7,225.7,204.7,226.7,201.2,230.4,209.0,231.5,223.3,243.9,213.3,233.9,198.1,225.3,203.9,224.4
2026-03-20T15:58:37Z,201.2,230.4,208.0,230.5,183.1,208.3,,,198.7,225.7,204.7,226.7,201.2,230.4,209.0,231.5,223.3,243.9,213.3,233.9,201.1,230.3,206.9,229.4
2026-03-20T16:54:57Z,201.2,230.4,208.0,230.5,183.1,208.3,,,198.7,225.7,204.7,226.7,201.2,230.4,209.0,231.5,223.3,243.9,213.3,233.9,201.1,230.3,206.9,229.4
2026-03-20T17:34:24Z,201.2,230.4,208.0,230.5,183.1,208.3,,,198.7,225.7,204.7,226.7,201.2,230.4,209.0,231.5,223.3,243.9,213.3,233.9,201.1,230.3,206.9,229.4
2026-03-20T18:06:21Z,201.2,230.4,208.0,230.5,183.1,208.3,,,198.7,225.7,204.7,226.7,201.2,230.4,209.0,231.5,223.3,243.9,213.3,233.9,201.1,230.3,206.9,229.4
2026-03-20T19:06:30Z,201.2,230.4,208.0,230.5,183.1,208.3,,,198.7,225.7,204.7,226.7,201.2,230.4,209.0,231.5,223.3,243.9,213.3,233.9,201.1,230.3,206.9,229.4
2026-03-20T19:49:21Z,201.2,230.4,208.0,230.5,183.1,208.3,,,198.7,225.7,204.7,226.7,201.2,230.4,209.0,231.5,223.3,243.9,213.3,233.9,201.1,230.3,206.9,229.4
2026-03-20T20:29:45Z,201.2,230.4,208.0,230.5,183.1,208.3,,,198.7,225.7,204.7,226.7,201.2,230.4,209.0,231.5,223.3,243.9,213.3,233.9,201.1,230.3,206.9,229.4
2026-03-20T20:59:43Z,201.2,230.4,208.0,230.5,183.1,208.3,,,198.7,225.7,204.7,226.7,201.2,230.4,209.0,231.5,223.3,243.9,213.3,233.9,201.1,230.3,206.9,229.4
2026-03-20T21:38:57Z,201.2,230.4,208.0,230.5,183.1,208.3,,,198.7,225.7,204.7,226.7,201.2,230.4,209.0,231.5,223.3,243.9,213.3,233.9,201.1,230.3,206.9,229.4
2026-03-20T21:58:41Z,201.2,230.4,208.0,230.5,183.1,208.3,,,198.7,225.7,204.7,226.7,201.2,230.4,209.0,231.5,223.3,243.9,213.3,233.9,201.1,230.3,206.9,229.4
2026-03-20T22:37:06Z,201.2,230.4,208.0,230.5,183.1,208.3,,,198.7,225.7,204.7,226.7,201.2,230.4,209.0,231.5,223.3,243.9,213.3,233.9,201.1,230.3,206.9,229.4
2026-03-20T23:01:54Z,201.2,230.4,208.0,230.5,183.1,208.3,,,198.7,225.7,204.7,226.7,201.2,230.4,209.0,231.5,223.3,243.9,213.3,233.9,201.1,230.3,206.9,229.4
2026-03-20T23:43:34Z,201.2,230.4,208.0,230.5,183.1,208.3,,,198.7,225.7,204.7,226.7,201.2,230.4,209.0,231.5,223.3,243.9,213.3,233.9,201.1,230.3,206.9,229.4
2026-03-21T00:00:40Z,201.2,230.4,208.0,230.5,183.1,208.3,,,198.7,225.7,204.7,226.7,201.2,230.4,209.0,231.5,223.3,243.9,213.3,233.9,201.1,230.3,206.9,229.4
2026-03-21T02:47:10Z,201.2,230.4,208.0,230.5,183.1,208.3,,,198.7,225.7,204.7,226.7,201.2,230.4,209.0,231.5,223.3,243.9,213.3,233.9,201.1,230.3,206.9,229.4
2026-03-21T04:25:06Z,201.2,230.4,208.0,230.5,183.1,208.3,,,198.7,225.7,204.7,226.7,201.2,230.4,209.0,231.5,223.3,243.9,213.3,233.9,201.1,230.3,206.9,229.4
2026-03-21T05:26:20Z,201.2,230.4,208.0,230.5,183.1,208.3,,,198.7,225.7,204.7,226.7,201.2,230.4,209.0,231.5,223.3,243.9,213.3,233.9,201.1,230.3,206.9,229.4
2026-03-21T06:01:18Z,201.2,230.4,208.0,230.5,183.1,208.3,,,198.7,225.7,204.7,226.7,201.2,230.4,209.0,231.5,223.3,243.9,213.3,233.9,201.1,230.3,206.9,229.4
2026-03-21T07:03:16Z,201.2,230.4,208.0,230.5,183.1,208.3,,,198.7,225.7,204.7,226.7,201.2,230.4,209.0,231.5,223.3,243.9,213.3,233.9,201.1,230.3,206.9,229.4
2026-03-21T07:46:06Z,201.2,230.4,208.0,230.5,183.1,208.3,,,198.7,225.7,204.7,226.7,201.2,230.4,209.0,231.5,223.3,243.9,213.3,233.9,201.1,230.3,206.9,229.4
2026-03-21T08:30:34Z,201.2,230.4,208.0,230.5,183.1,208.3,,,198.7,225.7,204.7,226.7,201.2,230.4,209.0,231.5,223.3,243.9,213.3,233.9,201.1,230.3,206.9,229.4
2026-03-21T09:03:26Z,201.2,230.4,208.0,230.5,183.1,208.3,,,198.7,225.7,204.7,226.7,201.2,230.4,209.0,231.5,223.3,243.9,213.3,233.9,201.1,230.3,206.9,229.4
2026-03-21T09:46:06Z,201.2,230.4,208.0,230.5,183.1,208.3,,,198.7,225.7,204.7,226.7,201.2,230.4,209.0,231.5,223.3,243.9,213.3,233.9,201.1,230.3,206.9,229.4
2026-03-21T10:24:20Z,201.2,230.4,208.0,230.5,183.1,208.3,,,198.7,225.7,204.7,226.7,201.2,230.4,209.0,231.5,223.3,243.9,213.3,233.9,201.1,230.3,206.9,229.4
2026-03-21T10:51:50Z,201.2,230.4,208.0,230.5,183.1,208.3,,,198.7,225.7,204.7,226.7,201.2,230.4,209.0,231.5,223.3,243.9,213.3,233.9,201.1,230.3,206.9,229.4
2026-03-21T11:21:12Z,201.2,230.4,208.0,230.5,183.1,208.3,,,198.7,225.7,204.7,226.7,201.2,230.4,209.0,231.5,223.3,243.9,213.3,233.9,201.1,230.3,206.9,229.4
2026-03-21T11:45:09Z,201.2,230.4,208.0,230.5,183.1,208.3,,,198.7,225.7,204.7,226.7,201.2,230.4,209.0,231.5,223.3,243.9,213.3,233.9,201.1,230.3,206.9,229.4
2026-03-21T11:58:39Z,201.2,230.4,208.0,230.5,183.1,208.3,,,198.7,225.7,204.7,226.7,201.2,230.4,209.0,231.5,223.3,243.9,213.3,233.9,201.1,230.3,206.9,229.4
2026-03-21T13:05:32Z,201.2,230.4,208.0,230.5,183.1,208.3,,,198.7,225.7,204.7,226.7,201.2,230.4,209.0,231.5,223.3,243.9,213.3,233.9,201.1,230.3,206.9,229.4
2026-03-21T13:51:42Z,201.2,230.4,208.0,230.5,183.1,208.3,,,198.7,225.7,204.7,226.7,201.2,230.4,209.0,231.5,223.3,243.9,213.3,233.9,201.1,230.3,206.9,229.4
2026-03-21T14:24:38Z,201.2,230.4,208.0,230.5,183.1,208.3,,,198.7,225.7,204.7,226.7,201.2,230.4,209.0,231.5,223.3,243.9,213.3,233.9,201.1,230.3,206.9,229.4
2026-03-21T14:52:36Z,201.2,230.4,208.0,230.5,183.1,208.3,,,198.7,225.7,204.7,226.7,201.2,230.4,209.0,231.5,223.3,243.9,213.3,233.9,201.1,230.3,206.9,229.4
2026-03-21T15:23:32Z,201.2,230.4,208.0,230.5,183.1,208.3,,,198.7,225.7,204.7,226.7,201.2,230.4,209.0,231.5,223.3,243.9,213.3,233.9,201.1,230.3,206.9,229.4
2026-03-21T15:47:56Z,201.2,230.4,208.0,230.5,183.1,208.3,,,198.7,225.7,204.7,226.7,201.2,230.4,209.0,231.5,223.3,243.9,213.3,233.9,201.1,230.3,206.9,229.4
2026-03-21T16:27:13Z,201.2,230.4,208.0,230.5,183.1,208.3,,,198.7,225.7,204.7,226.7,201.2,230.4,209.0,231.5,223.3,243.9,213.3,233.9,201.1,230.3,206.9,229.4
2026-03-21T16:55:10Z,201.2,230.4,208.0,230.5,188.1,217.3,,,198.7,225.7,204.7,226.7,201.2,230.4,209.0,231.5,223.3,243.9,213.3,233.9,201.1,230.3,206.9,229.4
2026-03-21T17:23:44Z,201.2,230.4,208.0,230.5,188.1,217.3,,,203.7,234.7,209.7,235.7,201.2,230.4,209.0,231.5,223.3,243.9,213.3,233.9,201.1,230.3,206.9,229.4
2026-03-21T17:50:16Z,201.2,230.4,208.0,230.5,188.1,217.3,,,203.7,234.7,209.7,235.7,201.2,230.4,209.0,231.5,223.3,243.9,213.3,233.9,201.1,230.3,206.9,229.4
2026-03-21T18:33:55Z,201.2,230.4,208.0,230.5,188.1,217.3,,,203.7,234.7,209.7,235.7,201.2,230.4,209.0,231.5,223.3,243.9,213.3,233.9,201.1,230.3,206.9,229.4
2026-03-21T19:03:58Z,201.2,230.4,208.0,230.5,188.1,217.3,,,203.7,234.7,209.7,235.7,201.2,230.4,209.0,231.5,223.3,243.9,213.3,233.9,201.1,230.3,206.9,229.4
2026-03-21T19:35:43Z,201.2,230.4,208.0,230.5,188.1,217.3,,,203.7,234.7,209.7,235.7,201.2,230.4,209.0,231.5,223.3,243.9,213.3,233.9,201.1,230.3,206.9,229.4
2026-03-21T19:55:05Z,201.2,230.4,208.0,230.5,188.1,217.3,,,203.7,234.7,209.7,235.7,201.2,230.4,209.0,231.5,223.3,243.9,213.3,233.9,201.1,230.3,206.9,229.4
2026-03-21T20:24:02Z,201.2,230.4,208.0,230.5,188.1,217.3,,,203.7,234.7,209.7,235.7,201.2,230.4,209.0,231.5,223.3,243.9,213.3,233.9,201.1,230.3,206.9,229.4
2026-03-21T20:50:34Z,201.2,230.4,208.0,230.5,188.1,217.3,,,203.7,234.7,209.7,235.7,201.2,230.4,209.0,231.5,223.3,243.9,213.3,233.9,201.1,230.3,206.9,229.4
2026-03-21T21:22:51Z,201.2,230.4,208.0,230.5,188.1,217.3,,,203.7,234.7,209.7,235.7,201.2,230.4,209.0,231.5,223.3,243.9,213.3,233.9,201.1,230.3,206.9,229.4
2026-03-21T21:46:57Z,201.2,230.4,208.0,230.5,188.1,217.3,,,203.7,234.7,209.7,235.7,201.2,230.4,209.0,231.5,223.3,243.9,213.3,233.9,201.1,230.3,206.9,229.4
2026-03-21T22:22:06Z,201.2,230.4,208.0,230.5,188.1,217.3,,,203.7,234.7,209.7,235.7,201.2,230.4,209.0,231.5,223.3,243.9,213.3,233.9,201.1,230.3,206.9,229.4
2026-03-21T22:49:50Z,201.2,230.4,208.0,230.5,188.1,217.3,,,203.7,234.7,209.7,235.7,201.2,230.4,209.0,231.5,223.3,243.9,213.3,233.9,201.1,230.3,206.9,229.4
2026-03-21T23:22:23Z,201.2,230.4,208.0,230.5,188.1,217.3,,,203.7,234.7,209.7,235.7,201.2,230.4,209.0,231.5,223.3,243.9,213.3,233.9,201.1,230.3,206.9,229.4
2026-03-21T23:47:00Z,201.2,230.4,208.0,230.5,188.1,217.3,,,203.7,234.7,209.7,235.7,201.2,230.4,209.0,231.5,223.3,243.9,213.3,233.9,201.1,230.3,206.9,229.4
2026-03-22T02:02:54Z,201.2,230.4,208.0,230.5,188.1,217.3,,,203.7,234.7,209.7,235.7,201.2,230.4,209.0,231.5,223.3,243.9,213.3,233.9,201.1,230.3,206.9,229.4
2026-03-22T04:28:03Z,201.2,230.4,208.0,230.5,188.1,217.3,,,203.7,234.7,209.7,235.7,201.2,230.4,209.0,231.5,223.3,243.9,213.3,233.9,201.1,230.3,206.9,229.4
2026-03-22T05:38:29Z,201.2,230.4,208.0,230.5,188.1,217.3,,,203.7,234.7,209.7,235.7,201.2,230.4,209.0,231.5,223.3,243.9,213.3,233.9,201.1,230.3,206.9,229.4
2026-03-22T06:31:46Z,201.2,230.4,208.0,230.5,188.1,217.3,,,203.7,234.7,209.7,235.7,201.2,230.4,209.0,231.5,223.3,243.9,213.3,233.9,201.1,230.3,206.9,229.4
2026-03-22T07:27:09Z,201.2,230.4,208.0,230.5,188.1,217.3,,,203.7,234.7,209.7,235.7,201.2,230.4,209.0,231.5,223.3,243.9,213.3,233.9,201.1,230.3,206.9,229.4
2026-03-22T07:56:42Z,201.2,230.4,208.0,230.5,188.1,217.3,,,203.7,234.7,209.7,235.7,201.2,230.4,209.0,231.5,223.3,243.9,213.3,233.9,201.1,230.3,206.9,229.4
2026-03-22T08:37:17Z,201.2,230.4,208.0,230.5,188.1,217.3,,,203.7,234.7,209.7,235.7,201.2,230.4,209.0,231.5,223.3,243.9,213.3,233.9,201.1,230.3,206.9,229.4
2026-03-22T09:04:20Z,201.2,230.4,208.0,230.5,188.1,217.3,,,203.7,234.7,209.7,235.7,201.2,230.4,209.0,231.5,223.3,243.9,213.3,233.9,201.1,230.3,206.9,229.4
2026-03-22T09:47:38Z,201.2,230.4,208.0,230.5,188.1,217.3,,,203.7,234.7,209.7,235.7,201.2,230.4,209.0,231.5,223.3,243.9,213.3,233.9,201.1,230.3,206.9,229.4
2026-03-22T10:25:13Z,201.2,230.4,208.0,230.5,188.1,217.3,,,203.7,234.7,209.7,235.7,201.2,230.4,209.0,231.5,223.3,243.9,213.3,233.9,201.1,230.3,206.9,229.4
2026-03-22T10:53:18Z,201.2,230.4,208.0,230.5,188.1,217.3,,,203.7,234.7,209.7,235.7,201.2,230.4,209.0,231.5,223.3,243.9,213.3,233.9,201.1,230.3,206.9,229.4
2026-03-22T11:21:46Z,201.2,230.4,208.0,230.5,188.1,217.3,,,203.7,234.7,209.7,235.7,206.2,239.4,214.0,240.5,228.3,252.9,218.3,242.9,201.1,230.3,206.9,229.4
2026-03-22T11:45:35Z,201.2,230.4,208.0,230.5,188.1,217.3,,,203.7,234.7,209.7,235.7,206.2,239.4,214.0,240.5,228.3,252.9,218.3,242.9,201.1,230.3,206.9,229.4
2026-03-22T12:46:42Z,201.2,230.4,208.0,230.5,188.1,217.3,,,203.7,234.7,209.7,235.7,206.2,239.4,214.0,240.5,228.3,252.9,218.3,242.9,201.1,230.3,206.9,229.4
2026-03-22T13:42:26Z,201.2,230.4,208.0,230.5,188.1,217.3,,,203.7,234.7,209.7,235.7,206.2,239.4,214.0,240.5,228.3,252.9,218.3,242.9,201.1,230.3,206.9,229.4
2026-03-22T14:04:57Z,201.2,230.4,208.0,230.5,188.1,217.3,,,203.7,234.7,209.7,235.7,206.2,239.4,214.0,240.5,228.3,252.9,218.3,242.9,201.1,230.3,206.9,229.4
2026-03-22T14:45:41Z,201.2,230.4,208.0,230.5,188.1,217.3,,,203.7,234.7,209.7,235.7,206.2,239.4,214.0,240.5,228.3,252.9,218.3,242.9,201.1,230.3,206.9,229.4
2026-03-22T15:24:15Z,201.2,230.4,208.0,230.5,188.1,217.3,,,203.7,234.7,209.7,235.7,206.2,239.4,214.0,240.5,228.3,252.9,218.3,242.9,201.1,230.3,206.9,229.4
2026-03-22T15:48:34Z,201.2,230.4,208.0,230.5,188.1,217.3,,,203.7,234.7,209.7,235.7,206.2,239.4,214.0,240.5,228.3,252.9,218.3,242.9,201.1,230.3,206.9,229.4
2026-03-22T16:28:12Z,201.2,230.4,208.0,230.5,188.1,217.3,,,203.7,234.7,209.7,235.7,206.2,239.4,214.0,240.5,228.3,252.9,218.3,242.9,201.1,230.3,206.9,229.4
2026-03-22T16:56:22Z,201.2,230.4,208.0,230.5,188.1,217.3,,,203.7,234.7,209.7,235.7,206.2,239.4,214.0,240.5,228.3,252.9,218.3,242.9,201.1,230.3,206.9,229.4
2026-03-22T17:26:36Z,201.2,230.4,208.0,230.5,188.1,217.3,,,203.7,234.7,209.7,235.7,206.2,239.4,214.0,240.5,228.3,252.9,218.3,242.9,201.1,230.3,206.9,229.4
2026-03-22T17:51:32Z,201.2,230.4,208.0,230.5,188.1,217.3,,,203.7,234.7,209.7,235.7,206.2,239.4,214.0,240.5,228.3,252.9,218.3,242.9,201.1,230.3,206.9,229.4
2026-03-22T18:34:28Z,201.2,230.4,208.0,230.5,188.1,217.3,,,203.7,234.7,209.7,235.7,206.2,239.4,214.0,240.5,228.3,252.9,218.3,242.9,201.1,230.3,206.9,229.4
2026-03-22T19:05:33Z,201.2,230.4,208.0,230.5,188.1,217.3,,,203.7,234.7,209.7,235.7,206.2,239.4,214.0,240.5,228.3,252.9,218.3,242.9,201.1,230.3,206.9,229.4
2026-03-22T19:38:02Z,201.2,230.4,208.0,230.5,188.1,217.3,,,203.7,234.7,209.7,235.7,206.2,239.4,214.0,240.5,228.3,252.9,218.3,242.9,201.1,230.3,206.9,229.4
2026-03-22T19:55:17Z,201.2,230.4,208.0,230.5,188.1,217.3,,,203.7,234.7,209.7,235.7,206.2,239.4,214.0,240.5,228.3,252.9,218.3,242.9,201.1,230.3,206.9,229.4
2026-03-22T20:25:08Z,201.2,230.4,208.0,230.5,188.1,217.3,,,203.7,234.7,209.7,235.7,206.2,239.4,214.0,240.5,228.3,252.9,218.3,242.9,201.1,230.3,206.9,229.4
2026-03-22T20:51:47Z,201.2,230.4,208.0,230.5,188.1,217.3,,,203.7,234.7,209.7,235.7,206.2,239.4,214.0,240.5,228.3,252.9,218.3,242.9,201.1,230.3,206.9,229.4
2026-03-22T21:24:00Z,201.2,230.4,208.0,230.5,188.1,217.3,,,203.7,234.7,209.7,235.7,206.2,239.4,214.0,240.5,228.3,252.9,218.3,242.9,201.1,230.3,206.9,229.4
2026-03-22T21:49:02Z,201.2,230.4,208.0,230.5,188.1,217.3,,,203.7,234.7,209.7,235.7,206.2,239.4,214.0,240.5,228.3,252.9,218.3,242.9,201.1,230.3,206.9,229.4
2026-03-22T22:23:05Z,201.2,230.4,208.0,230.5,188.1,217.3,,,203.7,234.7,209.7,235.7,206.2,239.4,214.0,240.5,228.3,252.9,218.3,242.9,201.1,230.3,206.9,229.4
2026-03-22T22:51:27Z,201.2,230.4,208.0,230.5,188.1,217.3,,,203.7,234.7,209.7,235.7,206.2,239.4,214.0,240.5,228.3,252.9,218.3,242.9,201.1,230.3,206.9,229.4
2026-03-22T23:25:29Z,201.2,230.4,208.0,230.5,188.1,217.3,,,203.7,234.7,209.7,235.7,206.2,239.4,214.0,240.5,228.3,252.9,218.3,242.9,201.1,230.3,206.9,229.4
2026-03-22T23:51:27Z,201.2,230.4,208.0,230.5,188.1,217.3,,,203.7,234.7,209.7,235.7,206.2,239.4,214.0,240.5,228.3,252.9,218.3,242.9,201.1,230.3,206.9,229.4
2026-03-23T02:03:48Z,201.2,230.4,208.0,230.5,188.1,217.3,,,203.7,234.7,209.7,235.7,206.2,239.4,214.0,240.5,228.3,252.9,218.3,242.9,201.1,230.3,206.9,229.4
2026-03-23T04:37:20Z,201.2,230.4,208.0,230.5,188.1,217.3,,,203.7,234.7,209.7,235.7,206.2,239.4,214.0,240.5,228.3,252.9,218.3,242.9,201.1,230.3,206.9,229.4
2026-03-23T06:00:22Z,201.2,230.4,208.0,230.5,188.1,217.3,,,203.7,234.7,209.7,235.7,206.2,239.4,214.0,240.5,228.3,252.9,218.3,242.9,201.1,230.3,206.9,229.4
2026-03-23T07:39:02Z,201.2,230.4,208.0,230.5,188.1,217.3,,,203.7,234.7,209.7,235.7,206.2,239.4,214.0,240.5,228.3,252.9,218.3,242.9,201.1,230.3,206.9,229.4
2026-03-23T08:35:11Z,201.2,230.4,208.0,230.5,188.1,217.3,,,203.7,234.7,209.7,235.7,206.2,239.4,214.0,240.5,228.3,252.9,218.3,242.9,201.1,230.3,206.9,229.4
2026-03-23T09:45:01Z,204.2,235.4,211.0,235.5,188.1,217.3,,,203.7,234.7,209.7,235.7,206.2,239.4,214.0,240.5,228.3,252.9,218.3,242.9,201.1,230.3,206.9,229.4
2026-03-23T10:38:11Z,204.2,235.4,211.0,235.5,188.1,217.3,,,203.7,234.7,209.7,235.7,206.2,239.4,214.0,240.5,228.3,252.9,218.3,242.9,203.6,234.6,209.9,233.6
2026-03-23T11:30:24Z,204.2,235.4,211.0,235.5,188.1,217.3,,,203.7,234.7,209.7,235.7,206.2,239.4,214.0,240.5,228.3,252.9,218.3,242.9,203.6,234.6,209.9,233.6
2026-03-23T12:32:10Z,204.2,235.4,211.0,235.5,188.1,217.3,,,203.7,234.7,209.7,235.7,206.2,239.4,214.0,240.5,228.3,252.9,218.3,242.9,203.6,234.6,209.9,233.6
2026-03-23T14:01:31Z,204.2,235.4,211.0,235.5,188.1,217.3,,,203.7,234.7,209.7,235.7,206.2,239.4,214.0,240.5,228.3,252.9,218.3,242.9,203.6,234.6,209.9,233.6
2026-03-23T15:15:07Z,204.2,235.4,211.0,235.5,188.1,217.3,,,203.7,234.7,209.7,235.7,206.2,239.4,214.0,240.5,228.3,252.9,218.3,242.9,203.6,234.6,209.9,233.6
2026-03-23T16:12:54Z,204.2,235.4,211.0,235.5,188.1,217.3,,,203.7,234.7,209.7,235.7,206.2,239.4,214.0,240.5,228.3,252.9,218.3,242.9,203.6,234.6,209.9,233.6
2026-03-23T17:10:00Z,204.2,235.4,211.0,235.5,188.1,217.3,,,203.7,234.7,209.7,235.7,206.2,239.4,214.0,240.5,228.3,252.9,218.3,242.9,203.6,234.6,209.9,233.6
2026-03-23T18:04:01Z,204.2,235.4,211.0,235.5,188.1,217.3,,,203.7,234.7,209.7,235.7,206.2,239.4,214.0,240.5,228.3,252.9,218.3,242.9,203.6,234.6,209.9,233.6
2026-03-23T19:13:03Z,203.6,234.6,211.0,235.5,188.1,217.3,,,203.7,234.7,209.7,235.7,206.2,239.4,214.0,240.5,228.3,252.9,218.3,242.9,203.6,234.6,209.9,233.6
2026-03-23T19:56:05Z,203.6,234.6,211.0,235.5,188.1,217.3,,,203.7,234.7,209.7,235.7,206.2,239.4,214.0,240.5,228.3,252.9,218.3,242.9,203.5,234.5,209.9,233.6
2026-03-23T20:38:13Z,203.6,234.6,211.0,235.5,188.1,217.3,,,203.7,234.7,209.7,235.7,206.2,239.4,214.0,240.5,228.3,252.9,218.3,242.9,203.5,234.5,209.9,233.6
2026-03-23T21:20:33Z,203.6,234.6,211.0,235.5,188.1,217.3,,,203.7,234.7,209.7,235.7,206.2,239.4,214.0,240.5,228.3,252.9,218.3,242.9,203.5,234.5,209.9,233.6
2026-03-23T21:55:20Z,203.6,234.6,211.0,235.5,188.1,217.3,,,203.7,234.7,209.7,235.7,206.2,239.4,214.0,240.5,228.3,252.9,218.3,242.9,203.5,234.5,209.9,233.6
2026-03-23T22:30:45Z,203.6,234.6,211.0,235.5,188.1,217.3,,,203.7,234.7,209.7,235.7,206.2,239.4,214.0,240.5,228.3,252.9,218.3,242.9,203.5,234.5,209.9,233.6
2026-03-23T23:04:35Z,203.6,234.6,211.0,235.5,188.1,217.3,,,203.7,234.7,209.7,235.7,206.2,239.4,214.0,240.5,228.3,252.9,218.3,242.9,203.5,234.5,209.9,233.6
2026-03-23T23:46:58Z,203.6,234.6,211.0,235.5,188.1,217.3,,,203.7,234.7,209.7,235.7,206.2,239.4,214.0,240.5,228.3,252.9,218.3,242.9,203.5,234.5,209.9,233.6
2026-03-24T01:55:49Z,203.6,234.6,211.0,235.5,188.1,217.3,,,203.7,234.7,209.7,235.7,206.2,239.4,214.0,240.5,228.3,252.9,218.3,242.9,203.5,234.5,209.9,233.6
2026-03-24T04:20:24Z,203.6,234.6,211.0,235.5,188.1,217.3,,,203.7,234.7,209.7,235.7,206.2,239.4,214.0,240.5,228.3,252.9,218.3,242.9,203.5,234.5,209.9,233.6
2026-03-24T05:41:54Z,203.6,234.6,211.0,235.5,188.1,217.3,,,203.7,234.7,209.7,235.7,206.2,239.4,214.0,240.5,228.3,252.9,218.3,242.9,203.5,234.5,209.9,233.6
2026-03-24T06:43:59Z,203.6,234.6,211.0,235.5,188.1,217.3,,,203.7,234.7,209.7,235.7,206.2,239.4,214.0,240.5,228.3,252.9,218.3,242.9,203.5,234.5,209.9,233.6
2026-03-24T07:42:11Z,203.6,234.6,211.0,235.5,188.1,217.3,,,203.7,234.7,209.7,235.7,206.2,239.4,214.0,240.5,228.3,252.9,218.3,242.9,203.5,234.5,209.9,233.6
2026-03-24T08:32:04Z,203.6,234.6,211.0,235.5,188.1,217.3,,,203.7,234.7,209.7,235.7,206.2,239.4,214.0,240.5,228.3,252.9,218.3,242.9,203.5,234.5,209.9,233.6
2026-03-24T09:38:28Z,203.6,234.6,211.0,235.5,188.1,217.3,,,203.7,234.7,209.7,235.7,206.2,239.4,214.0,240.5,228.3,252.9,218.3,242.9,203.5,234.5,209.9,233.6
2026-03-24T10:34:57Z,203.6,234.6,211.0,235.5,188.1,217.3,,,203.7,234.7,209.7,235.7,206.2,239.4,214.0,240.5,228.3,252.9,218.3,242.9,203.5,234.5,209.9,233.6
2026-03-24T11:31:33Z,203.6,234.6,211.0,235.5,188.1,217.3,,,206.7,239.7,212.7,240.7,206.2,239.4,214.0,240.5,228.3,252.9,218.3,242.9,203.5,234.5,209.9,233.6
2026-03-24T12:34:08Z,203.6,234.6,211.0,235.5,188.1,217.3,,,206.7,239.7,212.7,240.7,206.2,239.4,214.0,240.5,228.3,252.9,218.3,242.9,203.5,234.5,209.9,233.6
2026-03-24T14:04:43Z,203.6,234.6,211.0,235.5,188.1,217.3,,,206.7,239.7,212.7,240.7,206.2,239.4,214.0,240.5,228.3,252.9,218.3,242.9,203.5,234.5,209.9,233.6
2026-03-24T15:19:35Z,203.6,234.6,211.0,235.5,188.1,217.3,,,206.7,239.7,212.7,240.7,206.2,239.4,214.0,240.5,228.3,252.9,218.3,242.9,203.5,234.5,209.9,233.6
2026-03-24T16:35:52Z,203.6,234.6,211.0,235.5,188.1,217.3,,,206.7,239.7,212.7,240.7,206.2,239.4,214.0,240.5,228.3,252.9,218.3,242.9,203.5,234.5,209.9,233.6
2026-03-24T17:38:08Z,203.6,234.6,211.0,235.5,188.1,217.3,,,206.7,239.7,212.7,240.7,206.2,239.4,214.0,240.5,228.3,252.9,218.3,242.9,203.5,234.5,209.9,233.6
2026-03-24T18:38:48Z,203.6,234.6,211.0,235.5,188.1,217.3,,,206.7,239.7,212.7,240.7,206.2,239.4,214.0,240.5,228.3,252.9,218.3,242.9,203.5,234.5,209.9,233.6
2026-03-24T19:40:21Z,203.6,234.6,211.0,235.5,188.1,217.3,,,206.7,239.7,212.7,240.7,206.2,239.4,214.0,240.5,228.3,252.9,218.3,242.9,203.5,234.5,209.9,233.6
2026-03-24T20:23:30Z,203.6,234.6,211.0,235.5,188.1,217.3,,,206.7,239.7,212.7,240.7,206.2,239.4,214.0,240.5,228.3,252.9,218.3,242.9,203.5,234.5,209.9,233.6
2026-03-24T21:03:06Z,203.6,234.6,211.0,235.5,188.1,217.3,,,206.7,239.7,212.7,240.7,206.2,239.4,214.0,240.5,228.3,252.9,218.3,242.9,203.5,234.5,209.9,233.6
2026-03-24T21:52:28Z,203.6,234.6,211.0,235.5,188.1,217.3,,,206.7,239.7,212.7,240.7,206.2,239.4,214.0,240.5,228.3,252.9,218.3,242.9,203.5,234.5,209.9,233.6
2026-03-24T22:28:53Z,203.6,234.6,211.0,235.5,188.1,217.3,,,206.7,239.7,212.7,240.7,206.2,239.4,214.0,240.5,228.3,252.9,218.3,242.9,203.5,234.5,209.9,233.6
2026-03-24T23:00:44Z,203.6,234.6,211.0,235.5,188.1,217.3,,,206.7,239.7,212.7,240.7,206.2,239.4,214.0,240.5,228.3,252.9,218.3,242.9,203.5,234.5,209.9,233.6
2026-03-24T23:46:10Z,203.6,234.6,211.0,235.5,188.1,217.3,,,206.7,239.7,212.7,240.7,206.2,239.4,214.0,240.5,228.3,252.9,218.3,242.9,203.5,234.5,209.9,233.6
2026-03-25T02:01:35Z,203.6,234.6,211.0,235.5,188.1,217.3,,,206.7,239.7,212.7,240.7,206.2,239.4,214.0,240.5,228.3,252.9,218.3,242.9,203.5,234.5,209.9,233.6
2026-03-25T04:28:22Z,203.6,234.6,211.0,235.5,188.1,217.3,,,206.7,239.7,212.7,240.7,206.2,239.4,214.0,240.5,228.3,252.9,218.3,242.9,203.5,234.5,209.9,233.6
2026-03-25T05:44:04Z,203.6,234.6,211.0,235.5,188.1,217.3,,,206.7,239.7,212.7,240.7,206.2,239.4,214.0,240.5,228.3,252.9,218.3,242.9,203.5,234.5,209.9,233.6
2026-03-25T06:44:23Z,203.6,234.6,211.0,235.5,188.1,217.3,,,206.7,239.7,212.7,240.7,206.2,239.4,214.0,240.5,228.3,252.9,218.3,242.9,203.5,234.5,209.9,233.6
2026-03-25T07:41:58Z,203.6,234.6,211.0,235.5,188.1,217.3,,,206.7,239.7,212.7,240.7,206.2,239.4,214.0,240.5,228.3,252.9,218.3,242.9,203.5,234.5,209.9,233.6
2026-03-25T08:31:16Z,203.6,234.6,211.0,235.5,188.1,217.3,,,206.7,239.7,212.7,240.7,206.2,239.4,214.0,240.5,228.3,252.9,218.3,242.9,203.5,234.5,209.9,233.6
2026-03-25T09:36:21Z,203.6,234.6,211.0,235.5,188.1,217.3,,,206.7,239.7,212.7,240.7,206.2,239.4,214.0,240.5,228.3,252.9,218.3,242.9,203.5,234.5,209.9,233.6
2026-03-25T10:32:09Z,203.6,234.6,211.0,235.5,188.1,217.3,,,206.7,239.7,212.7,240.7,206.2,239.4,214.0,240.5,228.3,252.9,218.3,242.9,203.5,234.5,209.9,233.6
2026-03-25T11:27:46Z,203.6,234.6,211.0,235.5,188.1,217.3,,,206.7,239.7,212.7,240.7,206.2,239.4,214.0,240.5,228.3,252.9,218.3,242.9,203.5,234.5,209.9,233.6
2026-03-25T12:04:06Z,203.6,234.6,211.0,235.5,188.1,217.3,,,206.7,239.7,212.7,240.7,206.2,239.4,214.0,240.5,228.3,252.9,218.3,242.9,203.5,234.5,209.9,233.6
2026-03-25T13:49:49Z,203.6,234.6,211.0,235.5,188.1,217.3,,,206.7,239.7,212.7,240.7,206.2,239.4,214.0,240.5,228.3,252.9,218.3,242.9,203.5,234.5,209.9,233.6
2026-03-25T14:57:11Z,203.6,234.6,211.0,235.5,188.1,217.3,,,206.7,239.7,212.7,240.7,206.2,239.4,214.0,240.5,228.3,252.9,218.3,242.9,203.5,234.5,209.9,233.6
2026-03-25T16:13:20Z,203.6,234.6,211.0,235.5,188.1,217.3,,,206.7,239.7,212.7,240.7,206.2,239.4,214.0,240.5,228.3,252.9,218.3,242.9,203.5,234.5,209.9,233.6
2026-03-25T17:18:30Z,203.6,234.6,211.0,235.5,188.1,217.3,,,206.7,239.7,212.7,240.7,206.2,239.4,214.0,240.5,228.3,252.9,218.3,242.9,203.5,234.5,209.9,233.6
2026-03-25T18:13:42Z,203.6,234.6,211.0,235.5,188.1,217.3,,,206.7,239.7,212.7,240.7,206.2,239.4,214.0,240.5,228.3,252.9,218.3,242.9,203.5,234.5,209.9,233.6
2026-03-25T19:12:44Z,203.6,234.6,211.0,235.5,188.1,217.3,,,206.7,239.7,212.7,240.7,206.2,239.4,214.0,240.5,228.3,252.9,218.3,242.9,203.5,234.5,209.9,233.6
2026-03-25T19:54:49Z,203.6,234.6,211.0,235.5,188.1,217.3,,,206.7,239.7,212.7,240.7,206.2,239.4,214.0,240.5,228.3,252.9,218.3,242.9,203.5,234.5,209.9,233.6
2026-03-25T20:36:33Z,203.6,234.6,211.0,235.5,188.1,217.3,,,206.7,239.7,212.7,240.7,206.2,239.4,214.0,240.5,228.3,252.9,218.3,242.9,203.5,234.5,209.9,233.6
2026-03-25T21:20:51Z,203.6,234.6,211.0,235.5,188.1,217.3,,,206.7,239.7,212.7,240.7,206.2,239.4,214.0,240.5,228.3,252.9,218.3,242.9,203.5,234.5,209.9,233.6
2026-03-25T22:01:13Z,203.6,234.6,211.0,235.5,188.1,217.3,,,206.7,239.7,212.7,240.7,206.2,239.4,214.0,240.5,228.3,252.9,218.3,242.9,203.5,234.5,209.9,233.6
2026-03-25T22:56:31Z,203.6,234.6,211.0,235.5,188.1,217.3,,,206.7,239.7,212.7,240.7,206.2,239.4,214.0,240.5,228.3,252.9,218.3,242.9,203.5,234.5,209.9,233.6
2026-03-25T23:37:09Z,203.6,234.6,211.0,235.5,188.1,217.3,,,206.7,239.7,212.7,240.7,206.2,239.4,214.0,240.5,228.3,252.9,218.3,242.9,203.5,234.5,209.9,233.6
2026-03-26T00:03:59Z,203.6,234.6,211.0,235.5,188.1,217.3,,,206.7,239.7,212.7,240.7,206.2,239.4,214.0,240.5,228.3,252.9,218.3,242.9,203.5,234.5,209.9,233.6
2026-03-26T03:26:54Z,203.6,234.6,211.0,235.5,188.1,217.3,,,206.7,239.7,212.7,240.7,206.2,239.4,214.0,240.5,228.3,252.9,218.3,242.9,203.5,234.5,209.9,233.6
2026-03-26T05:21:26Z,203.6,234.6,211.0,235.5,188.1,217.3,,,206.7,239.7,212.7,240.7,206.2,239.4,214.0,240.5,228.3,252.9,218.3,242.9,203.5,234.5,209.9,233.6
2026-03-26T06:44:11Z,203.6,234.6,211.0,235.5,188.1,217.3,,,206.7,239.7,212.7,240.7,206.2,239.4,214.0,240.5,228.3,252.9,218.3,242.9,203.5,234.5,209.9,233.6
2026-03-26T07:47:51Z,203.6,234.6,211.0,235.5,188.1,217.3,,,206.7,239.7,212.7,240.7,206.2,239.4,214.0,240.5,228.3,252.9,218.3,242.9,203.5,234.5,209.9,233.6
2026-03-26T08:53:17Z,203.6,234.6,211.0,235.5,188.1,217.3,,,206.7,239.7,212.7,240.7,206.2,239.4,214.0,240.5,228.3,252.9,218.3,242.9,203.5,234.5,209.9,233.6
2026-03-26T09:59:28Z,203.6,234.6,211.0,235.5,188.1,217.3,,,206.7,239.7,212.7,240.7,206.2,239.4,214.0,240.5,228.3,252.9,218.3,242.9,203.5,234.5,209.9,233.6
2026-03-26T11:03:51Z,203.6,234.6,211.0,235.5,188.1,217.3,,,206.7,239.7,212.7,240.7,206.2,239.4,214.0,240.5,228.3,252.9,218.3,242.9,203.5,234.5,209.9,233.6
2026-03-26T11:59:15Z,203.6,234.6,211.0,235.5,188.1,217.3,,,206.7,239.7,212.7,240.7,206.2,239.4,214.0,240.5,228.3,252.9,218.3,242.9,203.5,234.5,209.9,233.6
2026-03-26T13:49:12Z,206.1,239.1,213.5,240.0,188.1,217.3,,,209.7,239.7,215.7,240.7,206.2,239.4,214.0,240.5,228.3,252.9,218.3,242.9,206.0,239.0,211.9,238.4
2026-03-26T15:02:13Z,206.1,239.1,213.5,240.0,188.1,217.3,,,209.7,243.7,215.7,244.7,206.2,239.4,214.0,240.5,228.3,252.9,218.3,242.9,206.0,239.0,211.9,238.4
2026-03-26T16:21:07Z,206.1,239.1,213.5,240.0,188.1,217.3,,,209.7,243.7,215.7,244.7,206.2,239.4,214.0,240.5,228.3,252.9,218.3,242.9,206.0,239.0,211.9,238.4
2026-03-26T17:34:38Z,206.1,239.1,213.5,240.0,188.1,217.3,,,209.7,243.7,215.7,244.7,206.2,239.4,214.0,240.5,228.3,252.9,218.3,242.9,206.0,239.0,211.9,238.4
2026-03-26T18:39:47Z,206.1,239.1,213.5,240.0,188.1,217.3,,,209.7,243.7,215.7,244.7,206.2,239.4,214.0,240.5,228.3,252.9,218.3,242.9,206.0,239.0,211.9,238.4
2026-03-26T19:42:28Z,206.1,239.1,213.5,240.0,188.1,217.3,,,209.7,243.7,215.7,244.7,206.2,239.4,214.0,240.5,228.3,252.9,218.3,242.9,206.0,239.0,211.9,238.4
2026-03-26T20:19:13Z,206.1,239.1,213.5,240.0,188.1,217.3,,,209.7,243.7,215.7,244.7,206.2,239.4,214.0,240.5,228.3,252.9,218.3,242.9,206.0,239.0,211.9,238.4
2026-03-26T20:58:17Z,206.1,239.1,213.5,240.0,188.1,217.3,,,209.7,243.7,215.7,244.7,206.2,239.4,214.0,240.5,228.3,252.9,218.3,242.9,206.0,239.0,211.9,238.4
2026-03-26T21:37:23Z,206.1,239.1,213.5,240.0,188.1,217.3,,,209.7,243.7,215.7,244.7,206.2,239.4,214.0,240.5,228.3,252.9,218.3,242.9,206.0,239.0,211.9,238.4
2026-03-26T21:58:45Z,206.1,239.1,213.5,240.0,188.1,217.3,,,209.7,243.7,215.7,244.7,206.2,239.4,214.0,240.5,228.3,252.9,218.3,242.9,206.0,239.0,211.9,238.4
2026-03-26T22:39:37Z,206.1,239.1,213.5,240.0,188.1,217.3,,,209.7,243.7,215.7,244.7,206.2,239.4,214.0,240.5,228.3,252.9,218.3,242.9,206.0,239.0,211.9,238.4
2026-03-26T23:01:37Z,206.1,239.1,213.5,240.0,188.1,217.3,,,209.7,243.7,215.7,244.7,206.2,239.4,214.0,240.5,228.3,252.9,218.3,242.9,206.0,239.0,211.9,238.4
2026-03-26T23:47:15Z,206.1,239.1,213.5,240.0,188.1,217.3,,,209.7,243.7,215.7,244.7,206.2,239.4,214.0,240.5,228.3,252.9,218.3,242.9,206.0,239.0,211.9,238.4
2026-03-27T02:08:41Z,206.1,239.1,213.5,240.0,188.1,217.3,,,209.7,243.7,215.7,244.7,206.2,239.4,214.0,240.5,228.3,252.9,218.3,242.9,206.0,239.0,211.9,238.4
2026-03-27T04:41:41Z,206.1,239.1,213.5,240.0,188.1,217.3,,,209.7,243.7,215.7,244.7,206.2,239.4,214.0,240.5,228.3,252.9,218.3,242.9,206.0,239.0,211.9,238.4
2026-03-27T06:02:42Z,206.1,239.1,213.5,240.0,188.1,217.3,,,209.7,243.7,215.7,244.7,206.2,239.4,214.0,240.5,228.3,252.9,218.3,242.9,206.0,239.0,211.9,238.4
2026-03-27T07:35:00Z,206.1,239.1,213.5,240.0,188.1,217.3,,,209.7,243.7,215.7,244.7,206.2,239.4,214.0,240.5,228.3,252.9,218.3,242.9,206.0,239.0,211.9,238.4
2026-03-27T08:29:42Z,206.1,239.1,213.5,240.0,188.1,217.3,,,209.7,243.7,215.7,244.7,209.2,243.4,217.0,244.5,231.3,256.9,221.3,246.9,206.0,239.0,211.9,238.4
2026-03-27T09:30:29Z,206.1,239.1,213.5,240.0,188.1,217.3,,,211.7,246.7,217.7,247.7,209.2,243.4,217.0,244.5,231.3,256.9,221.3,246.9,206.0,239.0,211.9,238.4
2026-03-27T10:31:31Z,206.1,239.1,213.5,240.0,188.1,217.3,,,211.7,246.7,217.7,247.7,209.2,243.4,217.0,244.5,231.3,256.9,221.3,246.9,206.0,239.0,211.9,238.4
2026-03-27T11:28:38Z,206.1,239.1,213.5,240.0,188.1,217.3,,,211.7,246.7,217.7,247.7,209.2,243.4,217.0,244.5,231.3,256.9,221.3,246.9,206.0,239.0,211.9,238.4
2026-03-27T12:05:01Z,206.1,239.1,213.5,240.0,188.1,217.3,,,211.7,246.7,217.7,247.7,209.2,243.4,217.0,244.5,231.3,256.9,221.3,246.9,206.0,239.0,211.9,238.4
2026-03-27T13:42:59Z,206.1,239.1,213.5,240.0,188.1,217.3,,,211.7,246.7,217.7,247.7,209.2,243.4,217.0,244.5,231.3,256.9,221.3,246.9,206.0,239.0,211.9,238.4
2026-03-27T14:37:23Z,209.1,243.1,216.5,244.0,188.1,217.3,,,211.7,246.7,217.7,247.7,209.2,243.4,217.0,244.5,231.3,256.9,221.3,246.9,206.0,239.0,211.9,238.4
2026-03-27T15:33:23Z,209.1,243.1,216.5,244.0,188.1,217.3,,,211.7,246.7,217.7,247.7,209.2,243.4,217.0,244.5,231.3,256.9,221.3,246.9,209.0,243.0,214.9,242.4
2026-03-27T16:35:46Z,209.1,243.1,216.5,244.0,188.1,217.3,,,211.7,246.7,217.7,247.7,209.2,243.4,217.0,244.5,231.3,256.9,221.3,246.9,209.0,243.0,214.9,242.4
2026-03-27T17:35:27Z,209.1,243.1,216.5,244.0,188.1,217.3,,,211.7,246.7,217.7,247.7,209.2,243.4,217.0,244.5,231.3,256.9,221.3,246.9,209.0,243.0,214.9,242.4
2026-03-27T18:35:32Z,209.1,243.1,216.5,244.0,188.1,217.3,,,211.7,246.7,217.7,247.7,209.2,243.4,217.0,244.5,231.3,256.9,221.3,246.9,209.0,243.0,214.9,242.4
2026-03-27T19:28:56Z,209.1,243.1,216.5,244.0,188.1,217.3,,,211.7,246.7,217.7,247.7,209.2,243.4,217.0,244.5,231.3,256.9,221.3,246.9,209.0,243.0,214.9,242.4
2026-03-27T20:00:34Z,209.1,243.1,216.5,244.0,188.1,217.3,,,211.7,246.7,217.7,247.7,209.2,243.4,217.0,244.5,231.3,256.9,221.3,246.9,209.0,243.0,214.9,242.4
2026-03-27T20:55:26Z,209.1,243.1,216.5,244.0,188.1,217.3,,,211.7,246.7,217.7,247.7,209.2,243.4,217.0,244.5,231.3,256.9,221.3,246.9,209.0,243.0,214.9,242.4
2026-03-27T21:32:50Z,209.1,243.1,216.5,244.0,188.1,217.3,,,211.7,246.7,217.7,247.7,209.2,243.4,217.0,244.5,231.3,256.9,221.3,246.9,209.0,243.0,214.9,242.4
2026-03-27T22:01:45Z,209.1,243.1,216.5,244.0,188.1,217.3,,,211.7,246.7,217.7,247.7,209.2,243.4,217.0,244.5,231.3,256.9,221.3,246.9,209.0,243.0,214.9,242.4
2026-03-27T22:51:58Z,209.1,243.1,216.5,244.0,188.1,217.3,,,211.7,246.7,217.7,247.7,209.2,243.4,217.0,244.5,231.3,256.9,221.3,246.9,209.0,243.0,214.9,242.4
2026-03-27T23:30:08Z,209.1,243.1,216.5,244.0,188.1,217.3,,,211.7,246.7,217.7,247.7,209.2,243.4,217.0,244.5,231.3,256.9,221.3,246.9,209.0,243.0,214.9,242.4
2026-03-27T23:59:58Z,209.1,243.1,216.5,244.0,188.1,217.3,,,211.7,246.7,217.7,247.7,209.2,243.4,217.0,244.5,231.3,256.9,221.3,246.9,209.0,243.0,214.9,242.4
2026-03-28T02:54:07Z,209.1,243.1,216.5,244.0,188.1,217.3,,,211.7,246.7,217.7,247.7,209.2,243.4,217.0,244.5,231.3,256.9,221.3,246.9,209.0,243.0,214.9,242.4
2026-03-28T04:50:41Z,209.1,243.1,216.5,244.0,188.1,217.3,,,211.7,246.7,217.7,247.7,209.2,243.4,217.0,244.5,231.3,256.9,221.3,246.9,209.0,243.0,214.9,242.4
2026-03-28T05:55:15Z,209.1,243.1,216.5,244.0,188.1,217.3,,,211.7,246.7,217.7,247.7,209.2,243.4,217.0,244.5,231.3,256.9,221.3,246.9,209.0,243.0,214.9,242.4
2026-03-28T06:57:22Z,209.1,243.1,216.5,244.0,188.1,217.3,,,211.7,246.7,217.7,247.7,209.2,243.4,217.0,244.5,231.3,256.9,221.3,246.9,209.0,243.0,214.9,242.4
2026-03-28T07:45:24Z,209.1,243.1,216.5,244.0,188.1,217.3,,,211.7,246.7,217.7,247.7,209.2,243.4,217.0,244.5,231.3,256.9,221.3,246.9,209.0,243.0,214.9,242.4
2026-03-28T08:36:18Z,209.1,243.1,216.5,244.0,188.1,217.3,,,211.7,246.7,217.7,247.7,209.2,243.4,217.0,244.5,231.3,256.9,221.3,246.9,209.0,243.0,214.9,242.4
2026-03-28T09:20:48Z,209.1,243.1,216.5,244.0,188.1,217.3,,,211.7,246.7,217.7,247.7,209.2,243.4,217.0,244.5,231.3,256.9,221.3,246.9,209.0,243.0,214.9,242.4
2026-03-28T09:58:53Z,209.1,243.1,216.5,244.0,188.1,217.3,,,211.7,246.7,217.7,247.7,209.2,243.4,217.0,244.5,231.3,256.9,221.3,246.9,209.0,243.0,214.9,242.4
2026-03-28T10:40:16Z,209.1,243.1,216.5,244.0,188.1,217.3,,,211.7,246.7,217.7,247.7,209.2,243.4,217.0,244.5,231.3,256.9,221.3,246.9,209.0,243.0,214.9,242.4
2026-03-28T11:03:45Z,209.1,243.1,216.5,244.0,188.1,217.3,,,211.7,246.7,217.7,247.7,209.2,243.4,217.0,244.5,231.3,256.9,221.3,246.9,209.0,243.0,214.9,242.4
2026-03-28T11:40:45Z,209.1,243.1,216.5,244.0,188.1,217.3,,,211.7,246.7,217.7,247.7,209.2,243.4,217.0,244.5,231.3,256.9,221.3,246.9,209.0,243.0,214.9,242.4
2026-03-28T11:58:27Z,209.1,243.1,216.5,244.0,188.1,217.3,,,211.7,246.7,217.7,247.7,209.2,243.4,217.0,244.5,231.3,256.9,221.3,246.9,209.0,243.0,214.9,242.4
2026-03-28T13:09:58Z,209.1,243.1,216.5,244.0,188.1,217.3,,,211.7,246.7,217.7,247.7,209.2,243.4,217.0,244.5,231.3,256.9,221.3,246.9,209.0,243.0,214.9,242.4
2026-03-28T13:57:02Z,209.1,243.1,216.5,244.0,188.1,217.3,,,211.7,246.7,217.7,247.7,209.2,243.4,217.0,244.5,231.3,256.9,221.3,246.9,209.0,243.0,214.9,242.4
2026-03-28T14:34:47Z,209.1,243.1,216.5,244.0,188.1,217.3,,,211.7,246.7,217.7,247.7,209.2,243.4,217.0,244.5,231.3,256.9,221.3,246.9,209.0,243.0,214.9,242.4
2026-03-28T15:03:10Z,209.1,243.1,216.5,244.0,188.1,217.3,,,211.7,246.7,217.7,247.7,209.2,243.4,217.0,244.5,231.3,256.9,221.3,246.9,209.0,243.0,214.9,242.4
2026-03-28T15:46:40Z,209.1,243.1,216.5,244.0,188.1,217.3,,,211.7,246.7,217.7,247.7,209.2,243.4,217.0,244.5,231.3,256.9,221.3,246.9,209.0,243.0,214.9,242.4
2026-03-28T16:31:30Z,209.1,243.1,216.5,244.0,188.1,217.3,,,211.7,246.7,217.7,247.7,209.2,243.4,217.0,244.5,231.3,256.9,221.3,246.9,209.0,243.0,214.9,242.4
2026-03-28T17:04:17Z,209.1,243.1,216.5,244.0,188.1,217.3,,,211.7,246.7,217.7,247.7,209.2,243.4,217.0,244.5,231.3,256.9,221.3,246.9,209.0,243.0,214.9,242.4
2026-03-28T17:46:00Z,209.1,243.1,216.5,244.0,188.1,217.3,,,211.7,246.7,217.7,247.7,209.2,243.4,217.0,244.5,231.3,256.9,221.3,246.9,209.0,243.0,214.9,242.4
2026-03-28T18:37:38Z,209.1,243.1,216.5,244.0,188.1,217.3,,,211.7,246.7,217.7,247.7,209.2,243.4,217.0,244.5,231.3,256.9,221.3,246.9,209.0,243.0,214.9,242.4
2026-03-28T19:18:27Z,209.1,243.1,216.5,244.0,190.5,221.5,,,211.7,246.7,217.7,247.7,209.2,243.4,217.0,244.5,231.3,256.9,221.3,246.9,209.0,243.0,214.9,242.4
2026-03-28T19:51:24Z,209.1,243.1,216.5,244.0,190.5,221.5,,,211.7,246.7,217.7,247.7,209.2,243.4,217.0,244.5,231.3,256.9,221.3,246.9,209.0,243.0,214.9,242.4
2026-03-28T20:28:07Z,209.1,243.1,216.5,244.0,190.5,221.5,,,211.7,246.7,217.7,247.7,209.2,243.4,217.0,244.5,231.3,256.9,221.3,246.9,209.0,243.0,214.9,242.4
2026-03-28T20:57:17Z,209.1,243.1,216.5,244.0,190.5,221.5,,,211.7,246.7,217.7,247.7,209.2,243.4,217.0,244.5,231.3,256.9,221.3,246.9,209.0,243.0,214.9,242.4
2026-03-28T21:33:52Z,209.1,243.1,216.5,244.0,190.5,221.5,,,211.7,246.7,217.7,247.7,209.2,243.4,217.0,244.5,231.3,256.9,221.3,246.9,209.0,243.0,214.9,242.4
2026-03-28T21:59:06Z,209.1,243.1,216.5,244.0,190.5,221.5,,,211.7,246.7,217.7,247.7,209.2,243.4,217.0,244.5,231.3,256.9,221.3,246.9,209.0,243.0,214.9,242.4
2026-03-28T22:38:39Z,209.1,243.1,216.5,244.0,190.5,221.5,,,211.7,246.7,217.7,247.7,209.2,243.4,217.0,244.5,231.3,256.9,221.3,246.9,209.0,243.0,214.9,242.4
2026-03-28T23:02:21Z,209.1,243.1,216.5,244.0,190.5,221.5,,,211.7,246.7,217.7,247.7,209.2,243.4,217.0,244.5,231.3,256.9,221.3,246.9,209.0,243.0,214.9,242.4
2026-03-28T23:46:17Z,209.1,243.1,216.5,244.0,190.5,221.5,,,211.7,246.7,217.7,247.7,209.2,243.4,217.0,244.5,231.3,256.9,221.3,246.9,209.0,243.0,214.9,242.4
2026-03-29T02:11:02Z,209.1,243.1,216.5,244.0,190.5,221.5,,,211.7,246.7,217.7,247.7,209.2,243.4,217.0,244.5,231.3,256.9,221.3,246.9,209.0,243.0,214.9,242.4
2026-03-29T04:44:59Z,209.1,243.1,216.5,244.0,190.5,221.5,,,211.7,246.7,217.7,247.7,209.2,243.4,217.0,244.5,231.3,256.9,221.3,246.9,209.0,243.0,214.9,242.4
2026-03-29T06:03:31Z,209.1,243.1,216.5,244.0,190.5,221.5,,,211.7,246.7,217.7,247.7,209.2,243.4,217.0,244.5,231.3,256.9,221.3,246.9,209.0,243.0,214.9,242.4
2026-03-29T07:19:22Z,209.1,243.1,216.5,244.0,190.5,221.5,,,211.7,246.7,217.7,247.7,209.2,243.4,217.0,244.5,231.3,256.9,221.3,246.9,209.0,243.0,214.9,242.4
2026-03-29T08:02:12Z,209.1,243.1,216.5,244.0,190.5,221.5,,,211.7,246.7,217.7,247.7,209.2,243.4,217.0,244.5,231.3,256.9,221.3,246.9,209.0,243.0,214.9,242.4
2026-03-29T08:58:38Z,209.1,243.1,216.5,244.0,190.5,221.5,,,211.7,246.7,217.7,247.7,209.2,243.4,217.0,244.5,231.3,256.9,221.3,246.9,209.0,243.0,214.9,242.4
2026-03-29T09:47:24Z,209.1,243.1,216.5,244.0,204.0,238.0,,,211.7,246.7,217.7,247.7,209.2,243.4,217.0,244.5,231.3,256.9,221.3,246.9,209.0,243.0,214.9,242.4
2026-03-29T10:31:09Z,209.1,243.1,216.5,244.0,204.0,238.0,,,211.7,246.7,217.7,247.7,209.2,243.4,217.0,244.5,231.3,256.9,221.3,246.9,209.0,243.0,214.9,242.4
2026-03-29T11:04:38Z,209.1,243.1,216.5,244.0,204.0,238.0,,,211.7,246.7,217.7,247.7,209.2,243.4,217.0,244.5,231.3,256.9,221.3,246.9,209.0,243.0,214.9,242.4
2026-03-29T11:43:19Z,209.1,243.1,216.5,244.0,204.0,238.0,,,211.7,246.7,217.7,247.7,209.2,243.4,217.0,244.5,231.3,256.9,221.3,246.9,209.0,243.0,214.9,242.4
2026-03-29T12:00:34Z,209.1,243.1,216.5,244.0,204.0,238.0,,,211.7,246.7,217.7,247.7,209.2,243.4,217.0,244.5,231.3,256.9,221.3,246.9,209.0,243.0,214.9,242.4
2026-03-29T13:19:40Z,209.1,243.1,216.5,244.0,204.0,238.0,,,211.7,246.7,217.7,247.7,209.2,243.4,217.0,244.5,231.3,256.9,221.3,246.9,209.0,243.0,214.9,242.4
2026-03-29T14:04:28Z,209.1,243.1,216.5,244.0,204.0,238.0,,,211.7,246.7,217.7,247.7,209.2,243.4,217.0,244.5,231.3,256.9,221.3,246.9,209.0,243.0,214.9,242.4
2026-03-29T14:52:35Z,209.1,243.1,216.5,244.0,204.0,238.0,,,211.7,246.7,217.7,247.7,209.2,243.4,217.0,244.5,231.3,256.9,221.3,246.9,209.0,243.0,214.9,242.4
2026-03-29T15:29:33Z,209.1,243.1,216.5,244.0,204.0,238.0,,,211.7,246.7,217.7,247.7,209.2,243.4,217.0,244.5,231.3,256.9,221.3,246.9,209.0,243.0,214.9,242.4
2026-03-29T15:57:05Z,209.1,243.1,216.5,244.0,204.0,238.0,,,211.7,246.7,217.7,247.7,209.2,243.4,217.0,244.5,231.3,256.9,221.3,246.9,209.0,243.0,214.9,242.4
2026-03-29T16:39:08Z,209.1,243.1,216.5,244.0,204.0,238.0,,,211.7,246.7,217.7,247.7,209.2,243.4,217.0,244.5,231.3,256.9,221.3,246.9,209.0,243.0,214.9,242.4
2026-03-29T17:05:18Z,209.1,243.1,216.5,244.0,204.0,238.0,,,211.7,246.7,217.7,247.7,209.2,243.4,217.0,244.5,231.3,256.9,221.3,246.9,209.0,243.0,214.9,242.4
2026-03-29T17:48:17Z,209.1,243.1,216.5,244.0,204.0,238.0,,,211.7,246.7,217.7,247.7,209.2,243.4,217.0,244.5,231.3,256.9,221.3,246.9,209.0,243.0,214.9,242.4
2026-03-29T18:39:18Z,209.1,243.1,216.5,244.0,204.0,238.0,,,211.7,246.7,217.7,247.7,209.2,243.4,217.0,244.5,231.3,256.9,221.3,246.9,209.0,243.0,214.9,242.4
2026-03-29T19:21:34Z,209.1,243.1,216.5,244.0,204.0,238.0,,,211.7,246.7,217.7,247.7,209.2,243.4,217.0,244.5,231.3,256.9,221.3,246.9,209.0,243.0,214.9,242.4
2026-03-29T19:53:59Z,209.1,243.1,216.5,244.0,204.0,238.0,,,211.7,246.7,217.7,247.7,209.2,243.4,217.0,244.5,231.3,256.9,221.3,246.9,209.0,243.0,214.9,242.4
2026-03-29T20:29:18Z,209.1,243.1,216.5,244.0,204.0,238.0,,,211.7,246.7,217.7,247.7,209.2,243.4,217.0,244.5,231.3,256.9,221.3,246.9,209.0,243.0,214.9,242.4
2026-03-29T20:59:34Z,209.1,243.1,216.5,244.0,204.0,238.0,,,211.7,246.7,217.7,247.7,209.2,243.4,217.0,244.5,231.3,256.9,221.3,246.9,209.0,243.0,214.9,242.4
2026-03-29T21:41:01Z,209.1,243.1,216.5,244.0,204.0,238.0,,,211.7,246.7,217.7,247.7,209.2,243.4,217.0,244.5,231.3,256.9,221.3,246.9,209.0,243.0,214.9,242.4
2026-03-29T22:01:00Z,209.1,243.1,216.5,244.0,204.0,238.0,,,211.7,246.7,217.7,247.7,209.2,243.4,217.0,244.5,231.3,256.9,221.3,246.9,209.0,243.0,214.9,242.4
2026-03-29T22:51:31Z,209.1,243.1,216.5,244.0,204.0,238.0,,,211.7,246.7,217.7,247.7,209.2,243.4,217.0,244.5,231.3,256.9,221.3,246.9,209.0,243.0,214.9,242.4
2026-03-29T23:31:27Z,209.1,243.1,216.5,244.0,204.0,238.0,,,211.7,246.7,217.7,247.7,209.2,243.4,217.0,244.5,231.3,256.9,221.3,246.9,209.0,243.0,214.9,242.4
2026-03-30T00:03:28Z,209.1,243.1,216.5,244.0,204.0,238.0,,,211.7,246.7,217.7,247.7,209.2,243.4,217.0,244.5,231.3,256.9,221.3,246.9,209.0,243.0,214.9,242.4
2026-03-30T03:41:19Z,209.1,243.1,216.5,244.0,204.0,238.0,,,211.7,246.7,217.7,247.7,209.2,243.4,217.0,244.5,231.3,256.9,221.3,246.9,209.0,243.0,214.9,242.4
2026-03-30T05:50:59Z,209.1,243.1,216.5,244.0,204.0,238.0,,,211.7,246.7,217.7,247.7,209.2,243.4,217.0,244.5,231.3,256.9,221.3,246.9,209.0,243.0,214.9,242.4
2026-03-30T07:24:35Z,209.1,243.1,216.5,244.0,204.0,238.0,,,211.7,246.7,217.7,247.7,209.2,243.4,217.0,244.5,231.3,256.9,221.3,246.9,209.0,243.0,214.9,242.4
2026-03-30T08:54:25Z,209.1,243.1,198.1,232.1,204.0,238.0,,,211.7,246.7,217.7,247.7,209.2,243.4,217.0,244.5,231.3,256.9,221.3,246.9,209.0,243.0,214.9,242.4
2026-03-30T10:15:14Z,209.1,243.1,198.1,232.1,204.0,238.0,,,211.7,246.7,217.7,247.7,209.2,243.4,217.0,244.5,231.3,256.9,221.3,246.9,209.0,243.0,197.0,231.0
2026-03-30T11:32:26Z,209.1,243.1,198.1,232.1,204.0,238.0,,,211.7,246.7,217.7,247.7,209.2,243.4,217.0,244.5,231.3,256.9,221.3,246.9,209.0,243.0,197.0,231.0
2026-03-30T12:40:23Z,209.1,243.1,198.1,232.1,204.0,238.0,,,211.7,246.7,217.7,247.7,211.2,246.4,219.0,247.5,233.3,259.9,223.3,249.9,209.0,243.0,197.0,231.0
2026-03-30T14:11:41Z,209.1,243.1,198.1,232.1,204.0,238.0,,,211.7,246.7,217.7,247.7,211.2,246.4,219.0,247.5,233.3,259.9,223.3,249.9,209.0,243.0,197.0,231.0
2026-03-30T15:41:08Z,211.2,246.4,200.2,235.4,204.0,238.0,,,211.7,246.7,217.7,247.7,211.2,246.4,219.0,247.5,233.3,259.9,223.3,249.9,211.1,246.3,199.1,234.3
2026-03-30T16:39:43Z,211.2,246.4,200.2,235.4,204.0,238.0,,,211.7,246.7,217.7,247.7,211.2,246.4,219.0,247.5,233.3,259.9,223.3,249.9,211.1,246.3,199.1,234.3
2026-03-30T17:36:28Z,211.2,246.4,200.2,235.4,204.0,238.0,,,211.7,246.7,217.7,247.7,211.2,246.4,219.0,247.5,233.3,259.9,223.3,249.9,211.1,246.3,199.1,234.3
2026-03-30T18:38:42Z,211.2,246.4,200.2,235.4,204.0,238.0,,,211.7,246.7,217.7,247.7,211.2,246.4,219.0,247.5,233.3,259.9,223.3,249.9,211.1,246.3,199.1,234.3
2026-03-30T19:41:08Z,211.2,246.4,200.2,235.4,204.0,238.0,,,211.7,246.7,217.7,247.7,211.2,246.4,219.0,247.5,233.3,259.9,223.3,249.9,211.1,246.3,199.1,234.3
2026-03-30T20:26:35Z,211.2,246.4,200.2,235.4,204.0,238.0,,,211.7,246.7,217.7,247.7,211.2,246.4,219.0,247.5,233.3,259.9,223.3,249.9,211.1,246.3,199.1,234.3
2026-03-30T21:08:39Z,211.2,246.4,200.2,235.4,204.0,238.0,,,211.7,246.7,217.7,247.7,211.2,246.4,219.0,247.5,233.3,259.9,223.3,249.9,211.1,246.3,199.1,234.3
2026-03-30T21:57:10Z,211.2,246.4,200.2,235.4,204.0,238.0,,,211.7,246.7,217.7,247.7,211.2,246.4,219.0,247.5,233.3,259.9,223.3,249.9,211.1,246.3,199.1,234.3
2026-03-30T22:40:05Z,211.2,246.4,200.2,235.4,204.0,238.0,,,211.7,246.7,217.7,247.7,211.2,246.4,219.0,247.5,233.3,259.9,223.3,249.9,211.1,246.3,199.1,234.3
2026-03-30T23:20:24Z,211.2,246.4,200.2,235.4,204.0,238.0,,,211.7,246.7,217.7,247.7,211.2,246.4,219.0,247.5,233.3,259.9,223.3,249.9,211.1,246.3,199.1,234.3
2026-03-30T23:58:54Z,211.2,246.4,200.2,235.4,204.0,238.0,,,211.7,246.7,217.7,247.7,211.2,246.4,219.0,247.5,233.3,259.9,223.3,249.9,211.1,246.3,199.1,234.3
2026-03-31T03:20:06Z,211.2,246.4,200.2,235.4,204.0,238.0,,,211.7,246.7,217.7,247.7,211.2,246.4,219.0,247.5,233.3,259.9,223.3,249.9,211.1,246.3,199.1,234.3
2026-03-31T05:23:56Z,211.2,246.4,200.2,235.4,204.0,238.0,,,211.7,246.7,217.7,247.7,211.2,246.4,219.0,247.5,233.3,259.9,223.3,249.9,211.1,246.3,199.1,234.3
2026-03-31T06:48:14Z,211.2,246.4,200.2,235.4,204.0,238.0,,,211.7,246.7,217.7,247.7,211.2,246.4,219.0,247.5,233.3,259.9,223.3,249.9,211.1,246.3,199.1,234.3
2026-03-31T08:07:22Z,211.2,246.4,200.2,235.4,204.0,238.0,,,211.7,246.7,217.7,247.7,211.2,246.4,219.0,247.5,233.3,259.9,223.3,249.9,211.1,246.3,199.1,234.3
2026-03-31T09:16:59Z,211.2,246.4,200.2,235.4,204.0,238.0,,,211.7,246.7,217.7,247.7,211.2,246.4,219.0,247.5,233.3,259.9,223.3,249.9,211.1,246.3,199.1,234.3
2026-03-31T10:33:40Z,211.2,246.4,200.2,235.4,204.0,238.0,,,211.7,246.7,217.7,247.7,211.2,246.4,219.0,247.5,233.3,259.9,223.3,249.9,211.1,246.3,199.1,234.3
2026-03-31T11:34:29Z,211.2,246.4,200.2,235.4,204.0,238.0,,,211.7,246.7,217.7,247.7,211.2,246.4,219.0,247.5,233.3,259.9,223.3,249.9,211.1,246.3,199.1,234.3
2026-03-31T12:40:09Z,211.2,246.4,200.2,235.4,204.0,238.0,,,211.7,246.7,217.7,247.7,211.2,246.4,219.0,247.5,233.3,259.9,223.3,249.9,211.1,246.3,199.1,234.3
2026-03-31T14:14:20Z,211.2,246.4,200.2,235.4,204.0,238.0,,,213.7,251.7,219.7,252.7,211.2,246.4,219.0,247.5,233.3,259.9,223.3,249.9,211.1,246.3,199.1,234.3
2026-03-31T15:38:12Z,211.2,246.4,200.2,235.4,204.0,238.0,,,213.7,251.7,219.7,252.7,213.2,251.4,221.0,252.5,235.3,264.9,225.3,254.9,211.1,246.3,199.1,234.3
2026-03-31T16:39:20Z,211.2,246.4,200.2,235.4,204.0,238.0,,,213.7,251.7,219.7,252.7,213.2,251.4,221.0,252.5,235.3,264.9,225.3,254.9,211.1,246.3,199.1,234.3
2026-03-31T17:39:38Z,211.2,246.4,200.2,235.4,204.0,238.0,,,213.7,251.7,219.7,252.7,213.2,251.4,221.0,252.5,235.3,264.9,225.3,254.9,211.1,246.3,199.1,234.3
2026-03-31T18:38:10Z,211.2,246.4,200.2,235.4,207.1,242.3,,,213.7,251.7,219.7,252.7,213.2,251.4,221.0,252.5,235.3,264.9,225.3,254.9,211.1,246.3,199.1,234.3
2026-03-31T19:41:20Z,211.2,246.4,200.2,235.4,207.1,242.3,,,213.7,251.7,219.7,252.7,213.2,251.4,221.0,252.5,235.3,264.9,225.3,254.9,211.1,246.3,199.1,234.3
2026-03-31T20:25:38Z,211.2,246.4,200.2,235.4,207.1,242.3,,,213.7,251.7,219.7,252.7,213.2,251.4,221.0,252.5,235.3,264.9,225.3,254.9,211.1,246.3,199.1,234.3
2026-03-31T21:02:51Z,211.2,246.4,200.2,235.4,207.1,242.3,,,213.7,251.7,219.7,252.7,213.2,251.4,221.0,252.5,235.3,264.9,225.3,254.9,211.1,246.3,199.1,234.3
2026-03-31T21:54:54Z,211.2,246.4,200.2,235.4,207.1,242.3,,,213.7,251.7,219.7,252.7,213.2,251.4,221.0,252.5,235.3,264.9,225.3,254.9,211.1,246.3,199.1,234.3
2026-03-31T22:32:22Z,211.2,246.4,200.2,235.4,207.1,242.3,,,213.7,251.7,219.7,252.7,213.2,251.4,221.0,252.5,235.3,264.9,225.3,254.9,211.1,246.3,199.1,234.3
2026-03-31T23:04:52Z,211.2,246.4,200.2,235.4,207.1,242.3,,,213.7,251.7,219.7,252.7,213.2,251.4,221.0,252.5,235.3,264.9,225.3,254.9,211.1,246.3,199.1,234.3
2026-03-31T23:48:51Z,211.2,246.4,200.2,235.4,207.1,242.3,,,213.7,251.7,219.7,252.7,213.2,251.4,221.0,252.5,235.3,264.9,225.3,254.9,211.1,246.3,199.1,234.3
2026-04-01T02:25:56Z,211.2,246.4,200.2,235.4,207.1,242.3,,,213.7,251.7,219.7,252.7,213.2,251.4,221.0,252.5,235.3,264.9,225.3,254.9,211.1,246.3,199.1,234.3
2026-04-01T05:11:10Z,211.2,246.4,200.2,235.4,207.1,242.3,,,213.7,251.7,219.7,252.7,213.2,251.4,221.0,252.5,235.3,264.9,225.3,254.9,211.1,246.3,199.1,234.3
2026-04-01T06:54:54Z,211.2,246.4,200.2,235.4,207.1,242.3,,,213.7,251.7,219.7,252.7,213.2,251.4,221.0,252.5,235.3,264.9,225.3,254.9,211.1,246.3,199.1,234.3
2026-04-01T08:14:44Z,211.2,246.4,200.2,235.4,207.1,242.3,,,213.7,251.7,219.7,252.7,213.2,251.4,221.0,252.5,235.3,264.9,225.3,254.9,211.1,246.3,199.1,234.3
2026-04-01T09:37:31Z,213.2,251.4,202.2,240.4,207.1,242.3,,,213.7,251.7,219.7,252.7,213.2,251.4,221.0,252.5,235.3,264.9,225.3,254.9,213.1,251.3,201.1,239.3
2026-04-01T10:39:59Z,213.2,251.4,202.2,240.4,207.1,242.3,,,213.7,251.7,219.7,252.7,213.2,251.4,221.0,252.5,235.3,264.9,225.3,254.9,213.1,251.3,201.1,239.3
2026-04-01T11:36:35Z,213.2,251.4,202.2,240.4,207.1,242.3,,,213.7,251.7,219.7,252.7,213.2,251.4,221.0,252.5,235.3,264.9,225.3,254.9,213.1,251.3,201.1,239.3
2026-04-01T12:42:15Z,213.2,251.4,202.2,240.4,209.1,247.3,,,215.7,254.7,221.7,255.7,213.2,251.4,221.0,252.5,235.3,264.9,225.3,254.9,213.1,251.3,201.1,239.3
2026-04-01T14:18:32Z,213.2,251.4,202.2,240.4,209.1,247.3,,,215.7,254.7,221.7,255.7,213.2,251.4,221.0,252.5,235.3,264.9,225.3,254.9,213.1,251.3,201.1,239.3
2026-04-01T15:51:53Z,215.2,254.4,204.2,243.4,209.1,247.3,,,215.7,254.7,221.7,255.7,215.2,254.4,223.0,255.5,237.3,267.9,227.3,257.9,215.1,254.3,203.1,242.3
2026-04-01T16:52:13Z,215.2,254.4,204.2,243.4,209.1,247.3,,,215.7,254.7,221.7,255.7,215.2,254.4,223.0,255.5,237.3,267.9,227.3,257.9,215.1,254.3,203.1,242.3
2026-04-01T17:48:22Z,215.2,254.4,204.2,243.4,209.1,247.3,,,215.7,254.7,221.7,255.7,215.2,254.4,223.0,255.5,237.3,267.9,227.3,257.9,215.1,254.3,203.1,242.3
2026-04-01T18:58:40Z,215.2,254.4,204.2,243.4,209.1,247.3,,,215.7,254.7,221.7,255.7,215.2,254.4,223.0,255.5,237.3,267.9,227.3,257.9,215.1,254.3,203.1,242.3
2026-04-01T19:59:19Z,215.2,254.4,204.2,243.4,209.1,247.3,,,215.7,254.7,221.7,255.7,215.2,254.4,223.0,255.5,237.3,267.9,227.3,257.9,215.1,254.3,203.1,242.3
2026-04-01T20:55:54Z,215.2,254.4,204.2,243.4,209.1,247.3,,,215.7,254.7,221.7,255.7,215.2,254.4,223.0,255.5,237.3,267.9,227.3,257.9,215.1,254.3,203.1,242.3
2026-04-01T21:41:18Z,215.2,254.4,204.2,243.4,209.1,247.3,,,215.7,254.7,221.7,255.7,215.2,254.4,223.0,255.5,237.3,267.9,227.3,257.9,215.1,254.3,203.1,242.3
2026-04-01T22:20:41Z,215.2,254.4,204.2,243.4,209.1,247.3,,,215.7,254.7,221.7,255.7,215.2,254.4,223.0,255.5,237.3,267.9,227.3,257.9,215.1,254.3,203.1,242.3
2026-04-01T23:04:32Z,215.2,254.4,204.2,243.4,209.1,247.3,,,215.7,254.7,221.7,255.7,215.2,254.4,223.0,255.5,237.3,267.9,227.3,257.9,215.1,254.3,203.1,242.3
2026-04-01T23:50:04Z,215.2,254.4,204.2,243.4,209.1,247.3,,,215.7,254.7,221.7,255.7,215.2,254.4,223.0,255.5,237.3,267.9,227.3,257.9,215.1,254.3,203.1,242.3
2026-04-02T02:05:24Z,215.2,254.4,204.2,243.4,209.1,247.3,,,215.7,254.7,221.7,255.7,215.2,254.4,223.0,255.5,237.3,267.9,227.3,257.9,215.1,254.3,203.1,242.3
2026-04-02T04:37:53Z,215.2,254.4,204.2,243.4,209.1,247.3,,,215.7,254.7,221.7,255.7,215.2,254.4,223.0,255.5,237.3,267.9,227.3,257.9,215.1,254.3,203.1,242.3
2026-04-02T06:02:16Z,215.2,254.4,204.2,243.4,209.1,247.3,,,215.7,254.7,221.7,255.7,215.2,254.4,223.0,255.5,237.3,267.9,227.3,257.9,215.1,254.3,203.1,242.3
2026-04-02T07:41:01Z,215.2,254.4,204.2,243.4,209.1,247.3,,,215.7,254.7,221.7,255.7,215.2,254.4,223.0,255.5,237.3,267.9,227.3,257.9,215.1,254.3,203.1,242.3
2026-04-02T08:38:27Z,215.2,254.4,204.2,243.4,209.1,247.3,,,215.7,254.7,221.7,255.7,215.2,254.4,223.0,255.5,237.3,267.9,227.3,257.9,215.1,254.3,203.1,242.3
2026-04-02T09:43:26Z,215.2,254.4,204.2,243.4,209.1,247.3,,,215.7,254.7,221.7,255.7,215.2,254.4,223.0,255.5,237.3,267.9,227.3,257.9,215.1,254.3,203.1,242.3
2026-04-02T10:37:26Z,215.2,254.4,204.2,243.4,209.1,247.3,,,215.7,254.7,221.7,255.7,215.2,254.4,223.0,255.5,237.3,267.9,227.3,257.9,215.1,254.3,203.1,242.3
2026-04-02T11:32:28Z,215.2,254.4,204.2,243.4,209.1,247.3,,,215.7,254.7,221.7,255.7,215.2,254.4,223.0,255.5,237.3,267.9,227.3,257.9,215.1,254.3,203.1,242.3
2026-04-02T12:38:01Z,215.2,254.4,204.2,243.4,209.1,247.3,,,215.7,254.7,221.7,255.7,215.2,254.4,223.0,255.5,237.3,267.9,227.3,257.9,215.1,254.3,203.1,242.3
2026-04-02T14:08:32Z,215.2,254.4,204.2,243.4,209.1,247.3,,,215.7,254.7,221.7,255.7,215.2,254.4,223.0,255.5,237.3,267.9,227.3,257.9,215.1,254.3,203.1,242.3
2026-04-02T15:15:18Z,215.2,254.4,204.2,243.4,209.1,247.3,,,215.7,254.7,221.7,255.7,215.2,254.4,223.0,255.5,237.3,267.9,227.3,257.9,215.1,254.3,203.1,242.3
2026-04-02T16:29:58Z,215.2,254.4,204.2,243.4,209.1,247.3,,,215.7,254.7,221.7,255.7,215.2,254.4,223.0,255.5,237.3,267.9,227.3,257.9,215.1,254.3,203.1,242.3
2026-04-02T17:26:03Z,215.2,254.4,204.2,243.4,209.1,247.3,,,215.7,254.7,221.7,255.7,215.2,254.4,223.0,255.5,237.3,267.9,227.3,257.9,215.1,254.3,203.1,242.3
2026-04-02T18:08:00Z,215.2,254.4,204.2,243.4,209.1,247.3,,,215.7,254.7,221.7,255.7,215.2,254.4,223.0,255.5,237.3,267.9,227.3,257.9,215.1,254.3,203.1,242.3
2026-04-02T19:15:20Z,215.2,254.4,204.2,243.4,209.1,247.3,,,215.7,254.7,221.7,255.7,215.2,254.4,223.0,255.5,237.3,267.9,227.3,257.9,215.1,254.3,203.1,242.3
2026-04-02T20:01:50Z,215.2,254.4,204.2,243.4,209.1,247.3,,,215.7,254.7,221.7,255.7,215.2,254.4,223.0,255.5,237.3,267.9,227.3,257.9,215.1,254.3,203.1,242.3
2026-04-02T20:54:07Z,215.2,254.4,204.2,243.4,209.1,247.3,,,215.7,254.7,221.7,255.7,215.2,254.4,223.0,255.5,237.3,267.9,227.3,257.9,215.1,254.3,203.1,242.3
2026-04-02T21:35:28Z,215.2,254.4,204.2,243.4,209.1,247.3,,,215.7,254.7,221.7,255.7,215.2,254.4,223.0,255.5,237.3,267.9,227.3,257.9,215.1,254.3,203.1,242.3
2026-04-02T22:17:42Z,215.2,254.4,204.2,243.4,209.1,247.3,,,215.7,254.7,221.7,255.7,215.2,254.4,223.0,255.5,237.3,267.9,227.3,257.9,215.1,254.3,203.1,242.3
2026-04-02T22:58:37Z,215.2,254.4,204.2,243.4,209.1,247.3,,,215.7,254.7,221.7,255.7,215.2,254.4,223.0,255.5,237.3,267.9,227.3,257.9,215.1,254.3,203.1,242.3
2026-04-02T23:41:33Z,215.2,254.4,204.2,243.4,209.1,247.3,,,215.7,254.7,221.7,255.7,215.2,254.4,223.0,255.5,237.3,267.9,227.3,257.9,215.1,254.3,203.1,242.3
2026-04-03T00:04:33Z,215.2,254.4,204.2,243.4,209.1,247.3,,,215.7,254.7,221.7,255.7,215.2,254.4,223.0,255.5,237.3,267.9,227.3,257.9,215.1,254.3,203.1,242.3
2026-04-03T03:27:31Z,215.2,254.4,204.2,243.4,209.1,247.3,,,215.7,254.7,221.7,255.7,215.2,254.4,223.0,255.5,237.3,267.9,227.3,257.9,215.1,254.3,203.1,242.3
2026-04-03T05:21:40Z,215.2,254.4,204.2,243.4,209.1,247.3,,,215.7,254.7,221.7,255.7,215.2,254.4,223.0,255.5,237.3,267.9,227.3,257.9,215.1,254.3,203.1,242.3
2026-04-03T06:44:35Z,215.2,254.4,204.2,243.4,209.1,247.3,,,215.7,254.7,221.7,255.7,215.2,254.4,223.0,255.5,237.3,267.9,227.3,257.9,215.1,254.3,203.1,242.3
2026-04-03T07:49:10Z,215.2,254.4,204.2,243.4,209.1,247.3,,,215.7,254.7,221.7,255.7,215.2,254.4,223.0,255.5,237.3,267.9,227.3,257.9,215.1,254.3,203.1,242.3
2026-04-03T08:51:42Z,215.2,254.4,204.2,243.4,209.1,247.3,,,215.7,254.7,221.7,255.7,215.2,254.4,223.0,255.5,237.3,267.9,227.3,257.9,215.1,254.3,203.1,242.3
2026-04-03T09:51:22Z,215.2,254.4,204.2,243.4,209.1,247.3,,,215.7,254.7,221.7,255.7,215.2,254.4,223.0,255.5,237.3,267.9,227.3,257.9,215.1,254.3,203.1,242.3
2026-04-03T10:40:53Z,215.2,254.4,204.2,243.4,209.1,247.3,,,215.7,254.7,221.7,255.7,215.2,254.4,223.0,255.5,237.3,267.9,227.3,257.9,215.1,254.3,203.1,242.3
2026-04-03T11:25:28Z,215.2,254.4,204.2,243.4,209.1,247.3,,,215.7,254.7,221.7,255.7,215.2,254.4,223.0,255.5,237.3,267.9,227.3,257.9,215.1,254.3,203.1,242.3
2026-04-03T11:59:15Z,215.2,254.4,204.2,243.4,209.1,247.3,,,215.7,254.7,221.7,255.7,215.2,254.4,223.0,255.5,237.3,267.9,227.3,257.9,215.1,254.3,203.1,242.3
2026-04-03T13:22:54Z,215.2,254.4,204.2,243.4,209.1,247.3,,,215.7,254.7,221.7,255.7,215.2,254.4,223.0,255.5,237.3,267.9,227.3,257.9,215.1,254.3,203.1,242.3
2026-04-03T14:11:28Z,215.2,254.4,204.2,243.4,209.1,247.3,,,215.7,254.7,221.7,255.7,215.2,254.4,223.0,255.5,237.3,267.9,227.3,257.9,215.1,254.3,203.1,242.3
2026-04-03T15:02:33Z,215.2,254.4,204.2,243.4,209.1,247.3,,,215.7,254.7,221.7,255.7,215.2,254.4,223.0,255.5,237.3,267.9,227.3,257.9,215.1,254.3,203.1,242.3
2026-04-03T15:54:07Z,215.2,254.4,204.2,243.4,209.1,247.3,,,215.7,254.7,221.7,255.7,215.2,254.4,223.0,255.5,237.3,267.9,227.3,257.9,215.1,254.3,203.1,242.3
2026-04-03T16:37:57Z,215.2,254.4,204.2,243.4,209.1,247.3,,,215.7,254.7,221.7,255.7,215.2,254.4,223.0,255.5,237.3,267.9,227.3,257.9,215.1,254.3,203.1,242.3
2026-04-03T17:19:07Z,215.2,254.4,204.2,243.4,209.1,247.3,,,215.7,254.7,221.7,255.7,215.2,254.4,223.0,255.5,237.3,267.9,227.3,257.9,215.1,254.3,203.1,242.3
2026-04-03T17:59:35Z,215.2,254.4,204.2,243.4,209.1,247.3,,,215.7,254.7,221.7,255.7,215.2,254.4,223.0,255.5,237.3,267.9,227.3,257.9,215.1,254.3,203.1,242.3
2026-04-03T19:00:01Z,215.2,254.4,204.2,243.4,209.1,247.3,,,215.7,254.7,221.7,255.7,215.2,254.4,223.0,255.5,237.3,267.9,227.3,257.9,215.1,254.3,203.1,242.3
2026-04-03T19:45:42Z,215.2,254.4,204.2,243.4,209.1,247.3,,,215.7,254.7,221.7,255.7,215.2,254.4,223.0,255.5,237.3,267.9,227.3,257.9,215.1,254.3,203.1,242.3
2026-04-03T20:34:11Z,215.2,254.4,204.2,243.4,209.1,247.3,,,215.7,254.7,221.7,255.7,215.2,254.4,223.0,255.5,237.3,267.9,227.3,257.9,215.1,254.3,203.1,242.3
2026-04-03T21:05:50Z,215.2,254.4,204.2,243.4,209.1,247.3,,,215.7,254.7,221.7,255.7,215.2,254.4,223.0,255.5,237.3,267.9,227.3,257.9,215.1,254.3,203.1,242.3
2026-04-03T21:49:30Z,215.2,254.4,204.2,243.4,209.1,247.3,,,215.7,254.7,221.7,255.7,215.2,254.4,223.0,255.5,237.3,267.9,227.3,257.9,215.1,254.3,203.1,242.3
2026-04-03T22:31:03Z,215.2,254.4,204.2,243.4,209.1,247.3,,,215.7,254.7,221.7,255.7,215.2,254.4,223.0,255.5,237.3,267.9,227.3,257.9,215.1,254.3,203.1,242.3
2026-04-03T23:05:06Z,215.2,254.4,204.2,243.4,209.1,247.3,,,215.7,254.7,221.7,255.7,215.2,254.4,223.0,255.5,237.3,267.9,227.3,257.9,215.1,254.3,203.1,242.3
2026-04-03T23:49:00Z,215.2,254.4,204.2,243.4,209.1,247.3,,,215.7,254.7,221.7,255.7,215.2,254.4,223.0,255.5,237.3,267.9,227.3,257.9,215.1,254.3,203.1,242.3
2026-04-04T01:59:23Z,215.2,254.4,204.2,243.4,209.1,247.3,,,215.7,254.7,221.7,255.7,215.2,254.4,223.0,255.5,237.3,267.9,227.3,257.9,215.1,254.3,203.1,242.3
2026-04-04T04:23:58Z,215.2,254.4,204.2,243.4,209.1,247.3,,,215.7,254.7,221.7,255.7,215.2,254.4,223.0,255.5,237.3,267.9,227.3,257.9,215.1,254.3,203.1,242.3
2026-04-04T05:39:29Z,215.2,254.4,204.2,243.4,209.1,247.3,,,215.7,254.7,221.7,255.7,215.2,254.4,223.0,255.5,237.3,267.9,227.3,257.9,215.1,254.3,203.1,242.3
2026-04-04T06:39:44Z,215.2,254.4,204.2,243.4,209.1,247.3,,,215.7,254.7,221.7,255.7,215.2,254.4,223.0,255.5,237.3,267.9,227.3,257.9,215.1,254.3,203.1,242.3
2026-04-04T07:36:44Z,215.2,254.4,204.2,243.4,209.1,247.3,,,215.7,254.7,221.7,255.7,215.2,254.4,223.0,255.5,237.3,267.9,227.3,257.9,215.1,254.3,203.1,242.3
2026-04-04T08:22:43Z,215.2,254.4,204.2,243.4,209.1,247.3,,,215.7,254.7,221.7,255.7,215.2,254.4,223.0,255.5,237.3,267.9,227.3,257.9,215.1,254.3,203.1,242.3
2026-04-04T09:04:51Z,215.2,254.4,204.2,243.4,209.1,247.3,,,215.7,254.7,221.7,255.7,215.2,254.4,223.0,255.5,237.3,267.9,227.3,257.9,215.1,254.3,203.1,242.3
2026-04-04T09:54:07Z,215.2,254.4,204.2,243.4,209.1,247.3,,,215.7,254.7,221.7,255.7,215.2,254.4,223.0,255.5,237.3,267.9,227.3,257.9,215.1,254.3,203.1,242.3
2026-04-04T10:30:51Z,215.2,254.4,204.2,243.4,209.1,247.3,,,215.7,254.7,221.7,255.7,215.2,254.4,223.0,255.5,237.3,267.9,227.3,257.9,215.1,254.3,203.1,242.3
2026-04-04T11:04:20Z,215.2,254.4,204.2,243.4,209.1,247.3,,,215.7,254.7,221.7,255.7,215.2,254.4,223.0,255.5,237.3,267.9,227.3,257.9,215.1,254.3,203.1,242.3
2026-04-04T11:43:10Z,215.2,254.4,204.2,243.4,209.1,247.3,,,215.7,254.7,221.7,255.7,215.2,254.4,223.0,255.5,237.3,267.9,227.3,257.9,215.1,254.3,203.1,242.3
2026-04-04T12:00:38Z,215.2,254.4,204.2,243.4,209.1,247.3,,,215.7,254.7,221.7,255.7,215.2,254.4,223.0,255.5,237.3,267.9,227.3,257.9,215.1,254.3,203.1,242.3
2026-04-04T13:20:07Z,215.2,254.4,204.2,243.4,209.1,247.3,,,215.7,254.7,221.7,255.7,215.2,254.4,223.0,255.5,237.3,267.9,227.3,257.9,215.1,254.3,203.1,242.3
2026-04-04T14:04:10Z,215.2,254.4,204.2,243.4,209.1,247.3,,,215.7,254.7,221.7,255.7,215.2,254.4,223.0,255.5,237.3,267.9,227.3,257.9,215.1,254.3,203.1,242.3
2026-04-04T14:51:40Z,215.2,254.4,204.2,243.4,209.1,247.3,,,215.7,254.7,221.7,255.7,215.2,254.4,223.0,255.5,237.3,267.9,227.3,257.9,215.1,254.3,203.1,242.3
2026-04-04T15:29:38Z,215.2,254.4,204.2,243.4,209.1,247.3,,,215.7,254.7,221.7,255.7,215.2,254.4,223.0,255.5,237.3,267.9,227.3,257.9,215.1,254.3,203.1,242.3
2026-04-04T15:57:01Z,215.2,254.4,204.2,243.4,209.1,247.3,,,215.7,254.7,221.7,255.7,215.2,254.4,223.0,255.5,237.3,267.9,227.3,257.9,215.1,254.3,203.1,242.3
2026-04-04T16:39:27Z,215.2,254.4,204.2,243.4,209.1,247.3,,,215.7,254.7,221.7,255.7,215.2,254.4,223.0,255.5,237.3,267.9,227.3,257.9,215.1,254.3,203.1,242.3
2026-04-04T17:05:59Z,215.2,254.4,204.2,243.4,209.1,247.3,,,215.7,254.7,221.7,255.7,215.2,254.4,223.0,255.5,237.3,267.9,227.3,257.9,215.1,254.3,203.1,242.3
2026-04-04T17:47:54Z,215.2,254.4,204.2,243.4,209.1,247.3,,,215.7,254.7,221.7,255.7,215.2,254.4,223.0,255.5,237.3,267.9,227.3,257.9,215.1,254.3,203.1,242.3
2026-04-04T18:39:09Z,215.2,254.4,204.2,243.4,209.1,247.3,,,215.7,254.7,221.7,255.7,215.2,254.4,223.0,255.5,237.3,267.9,227.3,257.9,215.1,254.3,203.1,242.3
2026-04-04T19:20:04Z,215.2,254.4,204.2,243.4,209.1,247.3,,,215.7,254.7,221.7,255.7,215.2,254.4,223.0,255.5,237.3,267.9,227.3,257.9,215.1,254.3,203.1,242.3
2026-04-04T19:53:34Z,215.2,254.4,204.2,243.4,209.1,247.3,,,215.7,254.7,221.7,255.7,215.2,254.4,223.0,255.5,237.3,267.9,227.3,257.9,215.1,254.3,203.1,242.3
2026-04-04T20:28:51Z,215.2,254.4,204.2,243.4,209.1,247.3,,,215.7,254.7,221.7,255.7,215.2,254.4,223.0,255.5,237.3,267.9,227.3,257.9,215.1,254.3,203.1,242.3
2026-04-04T20:59:21Z,215.2,254.4,204.2,243.4,209.1,247.3,,,215.7,254.7,221.7,255.7,215.2,254.4,223.0,255.5,237.3,267.9,227.3,257.9,215.1,254.3,203.1,242.3
2026-04-04T21:39:43Z,215.2,254.4,204.2,243.4,209.1,247.3,,,215.7,254.7,221.7,255.7,215.2,254.4,223.0,255.5,237.3,267.9,227.3,257.9,215.1,254.3,203.1,242.3
2026-04-04T22:00:10Z,215.2,254.4,204.2,243.4,209.1,247.3,,,215.7,254.7,221.7,255.7,215.2,254.4,223.0,255.5,237.3,267.9,227.3,257.9,215.1,254.3,203.1,242.3
2026-04-04T22:48:40Z,215.2,254.4,204.2,243.4,209.1,247.3,,,215.7,254.7,221.7,255.7,215.2,254.4,223.0,255.5,237.3,267.9,227.3,257.9,215.1,254.3,203.1,242.3
2026-04-04T23:29:08Z,215.2,254.4,204.2,243.4,209.1,247.3,,,215.7,254.7,221.7,255.7,215.2,254.4,223.0,255.5,237.3,267.9,227.3,257.9,215.1,254.3,203.1,242.3
2026-04-04T23:57:10Z,215.2,254.4,204.2,243.4,209.1,247.3,,,215.7,254.7,221.7,255.7,215.2,254.4,223.0,255.5,237.3,267.9,227.3,257.9,215.1,254.3,203.1,242.3
2026-04-05T02:48:13Z,215.2,254.4,204.2,243.4,209.1,247.3,,,215.7,254.7,221.7,255.7,215.2,254.4,223.0,255.5,237.3,267.9,227.3,257.9,215.1,254.3,203.1,242.3
2026-04-05T05:10:04Z,215.2,254.4,204.2,243.4,209.1,247.3,,,215.7,254.7,221.7,255.7,215.2,254.4,223.0,255.5,237.3,267.9,227.3,257.9,215.1,254.3,203.1,242.3
2026-04-05T06:19:59Z,215.2,254.4,204.2,243.4,209.1,247.3,,,215.7,254.7,221.7,255.7,215.2,254.4,223.0,255.5,237.3,267.9,227.3,257.9,215.1,254.3,203.1,242.3
2026-04-05T07:36:57Z,215.2,254.4,204.2,243.4,209.1,247.3,,,215.7,254.7,221.7,255.7,215.2,254.4,223.0,255.5,237.3,267.9,227.3,257.9,215.1,254.3,203.1,242.3
2026-04-05T08:22:58Z,215.2,254.4,204.2,243.4,209.1,247.3,,,215.7,254.7,221.7,255.7,215.2,254.4,223.0,255.5,237.3,267.9,227.3,257.9,215.1,254.3,203.1,242.3
2026-04-05T09:06:26Z,215.2,254.4,204.2,243.4,209.1,247.3,,,215.7,254.7,221.7,255.7,215.2,254.4,223.0,255.5,237.3,267.9,227.3,257.9,215.1,254.3,203.1,242.3
2026-04-05T09:55:38Z,215.2,254.4,204.2,243.4,209.1,247.3,,,215.7,254.7,221.7,255.7,215.2,254.4,223.0,255.5,237.3,267.9,227.3,257.9,215.1,254.3,203.1,242.3
2026-04-05T10:33:23Z,215.2,254.4,204.2,243.4,209.1,247.3,,,215.7,254.7,221.7,255.7,215.2,254.4,223.0,255.5,237.3,267.9,227.3,257.9,215.1,254.3,203.1,242.3
2026-04-05T11:05:47Z,215.2,254.4,204.2,243.4,209.1,247.3,,,215.7,254.7,221.7,255.7,215.2,254.4,223.0,255.5,237.3,267.9,227.3,257.9,215.1,254.3,203.1,242.3
2026-04-05T11:45:09Z,215.2,254.4,204.2,243.4,209.1,247.3,,,215.7,254.7,221.7,255.7,215.2,254.4,223.0,255.5,237.3,267.9,227.3,257.9,215.1,254.3,203.1,242.3
2026-04-05T12:53:52Z,215.2,254.4,204.2,243.4,209.1,247.3,,,215.7,254.7,221.7,255.7,215.2,254.4,223.0,255.5,237.3,267.9,227.3,257.9,215.1,254.3,203.1,242.3
2026-04-05T13:53:20Z,215.2,254.4,204.2,243.4,209.1,247.3,,,215.7,254.7,221.7,255.7,215.2,254.4,223.0,255.5,237.3,267.9,227.3,257.9,215.1,254.3,203.1,242.3
2026-04-05T14:33:36Z,215.2,254.4,204.2,243.4,209.1,247.3,,,215.7,254.7,221.7,255.7,215.2,254.4,223.0,255.5,237.3,267.9,227.3,257.9,215.1,254.3,203.1,242.3
2026-04-05T15:05:56Z,215.2,254.4,204.2,243.4,209.1,247.3,,,215.7,254.7,221.7,255.7,215.2,254.4,223.0,255.5,237.3,267.9,227.3,257.9,215.1,254.3,203.1,242.3
2026-04-05T15:47:16Z,215.2,254.4,204.2,243.4,209.1,247.3,,,215.7,254.7,221.7,255.7,215.2,254.4,223.0,255.5,237.3,267.9,227.3,257.9,215.1,254.3,203.1,242.3
2026-04-05T16:34:09Z,215.2,254.4,204.2,243.4,209.1,247.3,,,215.7,254.7,221.7,255.7,215.2,254.4,223.0,255.5,237.3,267.9,227.3,257.9,215.1,254.3,203.1,242.3
2026-04-05T17:06:28Z,215.2,254.4,204.2,243.4,209.1,247.3,,,215.7,254.7,221.7,255.7,215.2,254.4,223.0,255.5,237.3,267.9,227.3,257.9,215.1,254.3,203.1,242.3
2026-04-05T17:49:31Z,215.2,254.4,204.2,243.4,209.1,247.3,,,215.7,254.7,221.7,255.7,215.2,254.4,223.0,255.5,237.3,267.9,227.3,257.9,215.1,254.3,203.1,242.3
2026-04-05T18:40:32Z,215.2,254.4,204.2,243.4,209.1,247.3,,,215.7,254.7,221.7,255.7,215.2,254.4,223.0,255.5,237.3,267.9,227.3,257.9,215.1,254.3,203.1,242.3
2026-04-05T19:23:20Z,215.2,254.4,204.2,243.4,209.1,247.3,,,215.7,254.7,221.7,255.7,215.2,254.4,223.0,255.5,237.3,267.9,227.3,257.9,215.1,254.3,203.1,242.3
2026-04-05T19:55:24Z,215.2,254.4,204.2,243.4,209.1,247.3,,,215.7,254.7,221.7,255.7,215.2,254.4,223.0,255.5,237.3,267.9,227.3,257.9,215.1,254.3,203.1,242.3
2026-04-05T20:31:26Z,215.2,254.4,204.2,243.4,209.1,247.3,,,215.7,254.7,221.7,255.7,215.2,254.4,223.0,255.5,237.3,267.9,227.3,257.9,215.1,254.3,203.1,242.3
2026-04-05T21:03:24Z,215.2,254.4,204.2,243.4,209.1,247.3,,,215.7,254.7,221.7,255.7,215.2,254.4,223.0,255.5,237.3,267.9,227.3,257.9,215.1,254.3,203.1,242.3
2026-04-05T21:46:22Z,215.2,254.4,204.2,243.4,209.1,247.3,,,215.7,254.7,221.7,255.7,215.2,254.4,223.0,255.5,237.3,267.9,227.3,257.9,215.1,254.3,203.1,242.3
2026-04-05T22:28:40Z,215.2,254.4,204.2,243.4,209.1,247.3,,,215.7,254.7,221.7,255.7,215.2,254.4,223.0,255.5,237.3,267.9,227.3,257.9,215.1,254.3,203.1,242.3
2026-04-05T23:01:18Z,215.2,254.4,204.2,243.4,209.1,247.3,,,215.7,254.7,221.7,255.7,215.2,254.4,223.0,255.5,237.3,267.9,227.3,257.9,215.1,254.3,203.1,242.3
2026-04-05T23:49:32Z,215.2,254.4,204.2,243.4,209.1,247.3,,,215.7,254.7,221.7,255.7,215.2,254.4,223.0,255.5,237.3,267.9,227.3,257.9,215.1,254.3,203.1,242.3
2026-04-06T02:22:09Z,215.2,254.4,204.2,243.4,209.1,247.3,,,215.7,254.7,221.7,255.7,215.2,254.4,223.0,255.5,237.3,267.9,227.3,257.9,215.1,254.3,203.1,242.3
2026-04-06T05:09:41Z,215.2,254.4,204.2,243.4,209.1,247.3,,,215.7,254.7,221.7,255.7,215.2,254.4,223.0,255.5,237.3,267.9,227.3,257.9,215.1,254.3,203.1,242.3
2026-04-06T07:02:13Z,215.2,254.4,204.2,243.4,209.1,247.3,,,215.7,254.7,221.7,255.7,215.2,254.4,223.0,255.5,237.3,267.9,227.3,257.9,215.1,254.3,203.1,242.3
2026-04-06T08:46:10Z,215.2,254.4,204.2,243.4,209.1,247.3,,,215.7,254.7,221.7,255.7,215.2,254.4,223.0,255.5,237.3,267.9,227.3,257.9,215.1,254.3,203.1,242.3
2026-04-06T10:07:35Z,215.2,254.4,204.2,243.4,209.1,247.3,,,215.7,254.7,221.7,255.7,215.2,254.4,223.0,255.5,237.3,267.9,227.3,257.9,215.1,254.3,203.1,242.3
2026-04-06T11:12:26Z,215.2,254.4,204.2,243.4,209.1,247.3,,,215.7,254.7,221.7,255.7,215.2,254.4,223.0,255.5,237.3,267.9,227.3,257.9,215.1,254.3,203.1,242.3
2026-04-06T11:58:59Z,215.2,254.4,204.2,243.4,209.1,247.3,,,215.7,254.7,221.7,255.7,215.2,254.4,223.0,255.5,237.3,267.9,227.3,257.9,215.1,254.3,203.1,242.3
2026-04-06T13:39:31Z,215.2,254.4,204.2,243.4,209.1,247.3,,,215.7,254.7,221.7,255.7,215.2,254.4,223.0,255.5,237.3,267.9,227.3,257.9,215.1,254.3,203.1,242.3
2026-04-06T14:33:49Z,215.2,254.4,204.2,243.4,209.1,247.3,,,215.7,254.7,221.7,255.7,215.2,254.4,223.0,255.5,237.3,267.9,227.3,257.9,215.1,254.3,203.1,242.3
2026-04-06T15:31:41Z,215.2,254.4,204.2,243.4,209.1,247.3,,,215.7,254.7,221.7,255.7,215.2,254.4,223.0,255.5,237.3,267.9,227.3,257.9,215.1,254.3,203.1,242.3
2026-04-06T16:28:55Z,215.2,254.4,204.2,243.4,209.1,247.3,,,215.7,254.7,221.7,255.7,215.2,254.4,223.0,255.5,237.3,267.9,227.3,257.9,215.1,254.3,203.1,242.3
2026-04-06T17:26:39Z,215.2,254.4,204.2,243.4,209.1,247.3,,,215.7,254.7,221.7,255.7,215.2,254.4,223.0,255.5,237.3,267.9,227.3,257.9,215.1,254.3,203.1,242.3
2026-04-06T18:11:50Z,215.2,254.4,204.2,243.4,209.1,247.3,,,215.7,254.7,221.7,255.7,215.2,254.4,223.0,255.5,237.3,267.9,227.3,257.9,215.1,254.3,203.1,242.3
2026-04-06T19:20:10Z,215.2,254.4,204.2,243.4,209.1,247.3,,,215.7,254.7,221.7,255.7,215.2,254.4,223.0,255.5,237.3,267.9,227.3,257.9,215.1,254.3,203.1,242.3
2026-04-06T20:04:18Z,215.2,254.4,204.2,243.4,209.1,247.3,,,215.7,254.7,221.7,255.7,215.2,254.4,223.0,255.5,237.3,267.9,227.3,257.9,215.1,254.3,203.1,242.3
2026-04-06T20:55:29Z,215.2,254.4,204.2,243.4,209.1,247.3,,,215.7,254.7,221.7,255.7,215.2,254.4,223.0,255.5,237.3,267.9,227.3,257.9,215.1,254.3,203.1,242.3
2026-04-06T21:36:40Z,215.2,254.4,204.2,243.4,209.1,247.3,,,215.7,254.7,221.7,255.7,215.2,254.4,223.0,255.5,237.3,267.9,227.3,257.9,215.1,254.3,203.1,242.3
2026-04-06T22:05:05Z,215.2,254.4,204.2,243.4,209.1,247.3,,,215.7,254.7,221.7,255.7,215.2,254.4,223.0,255.5,237.3,267.9,227.3,257.9,215.1,254.3,203.1,242.3
2026-04-06T22:56:11Z,215.2,254.4,204.2,243.4,209.1,247.3,,,215.7,254.7,221.7,255.7,215.2,254.4,223.0,255.5,237.3,267.9,227.3,257.9,215.1,254.3,203.1,242.3
2026-04-06T23:36:37Z,215.2,254.4,204.2,243.4,209.1,247.3,,,215.7,254.7,221.7,255.7,215.2,254.4,223.0,255.5,237.3,267.9,227.3,257.9,215.1,254.3,203.1,242.3
2026-04-07T00:05:27Z,215.2,254.4,204.2,243.4,209.1,247.3,,,215.7,254.7,221.7,255.7,215.2,254.4,223.0,255.5,237.3,267.9,227.3,257.9,215.1,254.3,203.1,242.3
2026-04-07T03:30:27Z,215.2,254.4,204.2,243.4,209.1,247.3,,,215.7,254.7,221.7,255.7,215.2,254.4,223.0,255.5,237.3,267.9,227.3,257.9,215.1,254.3,203.1,242.3
2026-04-07T05:29:27Z,215.2,254.4,204.2,243.4,209.1,247.3,,,215.7,254.7,221.7,255.7,215.2,254.4,223.0,255.5,237.3,267.9,227.3,257.9,215.1,254.3,203.1,242.3
2026-04-07T06:54:32Z,215.2,254.4,204.2,243.4,209.1,247.3,,,215.7,254.7,221.7,255.7,215.2,254.4,223.0,255.5,237.3,267.9,227.3,257.9,215.1,254.3,203.1,242.3
2026-04-07T08:11:40Z,215.2,254.4,204.2,243.4,209.1,247.3,,,215.7,254.7,221.7,255.7,215.2,254.4,223.0,255.5,237.3,267.9,227.3,257.9,215.1,254.3,203.1,242.3
2026-04-07T09:20:20Z,215.2,254.4,204.2,243.4,209.1,247.3,,,215.7,254.7,221.7,255.7,215.2,254.4,223.0,255.5,237.3,267.9,227.3,257.9,215.1,254.3,203.1,242.3
2026-04-07T10:33:30Z,215.2,254.4,204.2,243.4,209.1,247.3,,,215.7,254.7,221.7,255.7,215.2,254.4,223.0,255.5,237.3,267.9,227.3,257.9,215.1,254.3,203.1,242.3
2026-04-07T11:37:51Z,215.2,254.4,204.2,243.4,209.1,247.3,,,215.7,254.7,221.7,255.7,215.2,254.4,223.0,255.5,237.3,267.9,227.3,257.9,215.1,254.3,203.1,242.3
2026-04-07T12:43:28Z,215.2,254.4,204.2,243.4,209.1,247.3,,,215.7,254.7,221.7,255.7,215.2,254.4,223.0,255.5,237.3,267.9,227.3,257.9,215.1,254.3,203.1,242.3
2026-04-07T14:17:21Z,215.2,254.4,204.2,243.4,209.1,247.3,,,215.7,254.7,221.7,255.7,215.2,254.4,223.0,255.5,237.3,267.9,227.3,257.9,215.1,254.3,203.1,242.3
2026-04-07T15:54:18Z,215.2,254.4,204.2,243.4,209.1,247.3,,,215.7,254.7,221.7,255.7,215.2,254.4,223.0,255.5,237.3,267.9,227.3,257.9,215.1,254.3,203.1,242.3
2026-04-07T16:55:52Z,215.2,254.4,204.2,243.4,209.1,247.3,,,215.7,254.7,221.7,255.7,215.2,254.4,223.0,255.5,237.3,267.9,227.3,257.9,215.1,254.3,203.1,242.3
2026-04-07T17:57:57Z,215.2,254.4,204.2,243.4,209.1,247.3,,,215.7,254.7,221.7,255.7,215.2,254.4,223.0,255.5,237.3,267.9,227.3,257.9,215.1,254.3,203.1,242.3
2026-04-07T19:12:49Z,215.2,254.4,204.2,243.4,209.1,247.3,,,215.7,254.7,221.7,255.7,215.2,254.4,223.0,255.5,237.3,267.9,227.3,257.9,215.1,254.3,203.1,242.3
2026-04-07T20:02:14Z,215.2,254.4,204.2,243.4,209.1,247.3,,,215.7,254.7,221.7,255.7,215.2,254.4,223.0,255.5,237.3,267.9,227.3,257.9,215.1,254.3,203.1,242.3
2026-04-07T21:03:25Z,215.2,254.4,204.2,243.4,209.1,247.3,,,215.7,254.7,221.7,255.7,215.2,254.4,223.0,255.5,237.3,267.9,227.3,257.9,215.1,254.3,203.1,242.3
2026-04-07T21:57:44Z,215.2,254.4,204.2,243.4,209.1,247.3,,,215.7,254.7,221.7,255.7,215.2,254.4,223.0,255.5,237.3,267.9,227.3,257.9,215.1,254.3,203.1,242.3
2026-04-07T22:43:05Z,215.2,254.4,204.2,243.4,209.1,247.3,,,215.7,254.7,221.7,255.7,215.2,254.4,223.0,255.5,237.3,267.9,227.3,257.9,215.1,254.3,203.1,242.3
2026-04-07T23:24:10Z,215.2,254.4,204.2,243.4,209.1,247.3,,,215.7,254.7,221.7,255.7,215.2,254.4,223.0,255.5,237.3,267.9,227.3,257.9,215.1,254.3,203.1,242.3
2026-04-08T00:01:43Z,215.2,254.4,204.2,243.4,209.1,247.3,,,215.7,254.7,221.7,255.7,215.2,254.4,223.0,255.5,237.3,267.9,227.3,257.9,215.1,254.3,203.1,242.3
2026-04-08T03:32:11Z,215.2,254.4,204.2,243.4,209.1,247.3,,,215.7,254.7,221.7,255.7,215.2,254.4,223.0,255.5,237.3,267.9,227.3,257.9,215.1,254.3,203.1,242.3
2026-04-08T05:30:04Z,215.2,254.4,204.2,243.4,209.1,247.3,,,215.7,254.7,221.7,255.7,215.2,254.4,223.0,255.5,237.3,267.9,227.3,257.9,215.1,254.3,203.1,242.3
2026-04-08T06:56:44Z,215.2,254.4,204.2,243.4,209.1,247.3,,,215.7,254.7,221.7,255.7,215.2,254.4,223.0,255.5,237.3,267.9,227.3,257.9,215.1,254.3,203.1,242.3
2026-04-08T08:16:09Z,215.2,254.4,204.2,243.4,209.1,247.3,,,215.7,254.7,221.7,255.7,215.2,254.4,223.0,255.5,237.3,267.9,227.3,257.9,215.1,254.3,203.1,242.3
2026-04-08T09:43:37Z,215.2,254.4,204.2,243.4,209.1,247.3,,,215.7,254.7,221.7,255.7,215.2,254.4,223.0,255.5,237.3,267.9,227.3,257.9,215.1,254.3,203.1,242.3
2026-04-08T10:44:03Z,215.2,254.4,204.2,243.4,209.1,247.3,,,215.7,254.7,221.7,255.7,215.2,254.4,223.0,255.5,237.3,267.9,227.3,257.9,215.1,254.3,203.1,242.3
2026-04-08T11:41:00Z,215.2,254.4,204.2,243.4,209.1,247.3,,,215.7,254.7,221.7,255.7,215.2,254.4,223.0,255.5,237.3,267.9,227.3,257.9,215.1,254.3,203.1,242.3
2026-04-08T12:43:15Z,215.2,254.4,204.2,243.4,209.1,247.3,,,215.7,254.7,221.7,255.7,215.2,254.4,223.0,255.5,237.3,267.9,227.3,257.9,215.1,254.3,203.1,242.3
2026-04-08T14:19:37Z,216.6,257.3,224.0,258.2,211.1,250.3,,,215.7,254.7,221.7,255.7,217.2,261.4,225.0,262.5,239.3,274.9,229.3,264.9,215.6,254.6,222.9,253.6
2026-04-08T15:54:55Z,216.6,257.3,224.0,258.2,211.1,250.3,,,215.7,254.7,221.7,255.7,217.2,261.4,225.0,262.5,239.3,274.9,229.3,264.9,215.6,254.6,222.9,253.6
2026-04-08T16:59:18Z,216.6,257.3,224.0,258.2,211.1,250.3,,,215.7,254.7,221.7,255.7,217.2,261.4,225.0,262.5,239.3,274.9,229.3,264.9,215.6,254.6,222.9,253.6
2026-04-08T18:12:06Z,215.7,254.7,224.0,258.2,211.1,250.3,,,215.7,254.7,221.7,255.7,217.2,261.4,225.0,262.5,239.3,274.9,229.3,264.9,215.6,254.6,222.9,253.6
2026-04-08T19:40:55Z,215.7,254.7,224.0,258.2,211.1,250.3,,,215.7,254.7,221.7,255.7,217.2,261.4,225.0,262.5,239.3,274.9,229.3,264.9,215.6,254.6,222.9,253.6
2026-04-08T20:24:09Z,215.7,254.7,224.0,258.2,211.1,250.3,,,215.7,254.7,221.7,255.7,217.2,261.4,225.0,262.5,239.3,274.9,229.3,264.9,215.6,254.6,222.9,253.6
2026-04-08T21:09:37Z,215.7,254.7,224.0,258.2,211.1,250.3,,,215.7,254.7,221.7,255.7,217.2,261.4,225.0,262.5,239.3,274.9,229.3,264.9,215.6,254.6,222.9,253.6
2026-04-08T21:59:42Z,215.7,254.7,224.0,258.2,211.1,250.3,,,215.7,254.7,221.7,255.7,217.2,261.4,225.0,262.5,239.3,274.9,229.3,264.9,215.6,254.6,222.9,253.6
2026-04-08T22:53:42Z,215.7,254.7,224.0,258.2,211.1,250.3,,,215.7,254.7,221.7,255.7,217.2,261.4,225.0,262.5,239.3,274.9,229.3,264.9,215.6,254.6,222.9,253.6
2026-04-08T23:36:07Z,215.7,254.7,224.0,258.2,211.1,250.3,,,215.7,254.7,221.7,255.7,217.2,261.4,225.0,262.5,239.3,274.9,229.3,264.9,215.6,254.6,222.9,253.6
2026-04-09T00:03:44Z,215.7,254.7,224.0,258.2,211.1,250.3,,,215.7,254.7,221.7,255.7,217.2,261.4,225.0,262.5,239.3,274.9,229.3,264.9,215.6,254.6,222.9,253.6
2026-04-09T03:28:12Z,215.7,254.7,224.0,258.2,211.1,250.3,,,215.7,254.7,221.7,255.7,217.2,261.4,225.0,262.5,239.3,274.9,229.3,264.9,215.6,254.6,222.9,253.6
2026-04-09T05:28:43Z,215.7,254.7,224.0,258.2,211.1,250.3,,,215.7,254.7,221.7,255.7,217.2,261.4,225.0,262.5,239.3,274.9,229.3,264.9,215.6,254.6,222.9,253.6
2026-04-09T06:59:01Z,215.7,254.7,224.0,258.2,211.1,250.3,,,215.7,254.7,221.7,255.7,217.2,261.4,225.0,262.5,239.3,274.9,229.3,264.9,215.6,254.6,222.9,253.6
2026-04-09T08:23:14Z,215.7,254.7,224.0,258.2,211.1,250.3,,,215.7,254.7,221.7,255.7,217.2,261.4,225.0,262.5,239.3,274.9,229.3,264.9,215.6,254.6,222.9,253.6
2026-04-09T09:48:20Z,215.7,254.7,224.0,258.2,211.1,250.3,,,215.7,254.7,221.7,255.7,217.2,261.4,225.0,262.5,239.3,274.9,229.3,264.9,215.6,254.6,222.9,253.6
2026-04-09T10:56:40Z,215.7,254.7,224.0,258.2,211.1,250.3,,,215.7,254.7,221.7,255.7,217.2,261.4,225.0,262.5,239.3,274.9,229.3,264.9,215.6,254.6,222.9,253.6
2026-04-09T11:55:56Z,215.7,254.7,224.0,258.2,211.1,250.3,,,215.7,254.7,221.7,255.7,217.2,261.4,225.0,262.5,239.3,274.9,229.3,264.9,215.6,254.6,222.9,253.6
2026-04-09T13:27:34Z,215.7,254.7,224.0,258.2,211.1,250.3,,,215.7,254.7,221.7,255.7,217.2,261.4,225.0,262.5,239.3,274.9,229.3,264.9,215.6,254.6,222.9,253.6
2026-04-09T15:07:35Z,215.7,254.7,224.0,258.2,211.1,250.3,,,215.7,254.7,221.7,255.7,217.2,261.4,225.0,262.5,239.3,274.9,229.3,264.9,215.6,254.6,222.9,253.6
2026-04-09T16:42:39Z,215.7,254.7,224.0,258.2,211.1,250.3,,,215.7,254.7,221.7,255.7,217.2,261.4,225.0,262.5,239.3,274.9,229.3,264.9,215.6,254.6,222.9,253.6
2026-04-09T17:45:57Z,215.7,254.7,224.0,258.2,211.1,250.3,,,215.7,254.7,221.7,255.7,217.2,261.4,225.0,262.5,239.3,274.9,229.3,264.9,215.6,254.6,222.9,253.6
2026-04-09T19:03:04Z,215.7,254.7,224.0,258.2,211.1,250.3,,,215.7,254.7,221.7,255.7,217.2,261.4,225.0,262.5,239.3,274.9,229.3,264.9,215.6,254.6,222.9,253.6
2026-04-09T20:07:59Z,215.7,254.7,224.0,258.2,211.1,250.3,,,215.7,254.7,221.7,255.7,217.2,261.4,225.0,262.5,239.3,274.9,229.3,264.9,215.6,254.6,222.9,253.6
2026-04-09T21:03:01Z,215.7,254.7,224.0,258.2,211.1,250.3,,,215.7,254.7,221.7,255.7,217.2,261.4,225.0,262.5,239.3,274.9,229.3,264.9,215.6,254.6,222.9,253.6
2026-04-09T21:57:51Z,215.7,254.7,224.0,258.2,211.1,250.3,,,215.7,254.7,221.7,255.7,217.2,261.4,225.0,262.5,239.3,274.9,229.3,264.9,215.6,254.6,222.9,253.6
2026-04-09T22:49:29Z,215.7,254.7,224.0,258.2,211.1,250.3,,,215.7,254.7,221.7,255.7,217.2,261.4,225.0,262.5,239.3,274.9,229.3,264.9,215.6,254.6,222.9,253.6
2026-04-09T23:35:45Z,215.7,254.7,224.0,258.2,211.1,250.3,,,215.7,254.7,221.7,255.7,217.2,261.4,225.0,262.5,239.3,274.9,229.3,264.9,215.6,254.6,222.9,253.6
2026-04-10T01:02:52Z,215.7,254.7,224.0,258.2,211.1,250.3,,,215.7,254.7,221.7,255.7,217.2,261.4,225.0,262.5,239.3,274.9,229.3,264.9,215.6,254.6,222.9,253.6
2026-04-10T04:18:06Z,215.7,254.7,224.0,258.2,211.1,250.3,,,215.7,254.7,221.7,255.7,217.2,261.4,225.0,262.5,239.3,274.9,229.3,264.9,215.6,254.6,222.9,253.6
2026-04-10T06:14:32Z,215.7,254.7,224.0,258.2,211.1,250.3,,,215.7,254.7,221.7,255.7,217.2,261.4,225.0,262.5,239.3,274.9,229.3,264.9,215.6,254.6,222.9,253.6
2026-04-10T08:01:04Z,215.7,254.7,224.0,258.2,211.1,250.3,,,215.7,254.7,221.7,255.7,217.2,261.4,225.0,262.5,239.3,274.9,229.3,264.9,215.6,254.6,222.9,253.6
2026-04-10T09:38:24Z,215.7,254.7,224.0,258.2,211.1,250.3,,,215.7,254.7,221.7,255.7,217.2,261.4,225.0,262.5,239.3,274.9,229.3,264.9,215.6,254.6,222.9,253.6
2026-04-10T10:37:10Z,215.7,254.7,224.0,258.2,211.1,250.3,,,215.7,254.7,221.7,255.7,217.2,261.4,225.0,262.5,239.3,274.9,229.3,264.9,215.6,254.6,222.9,253.6
2026-04-10T11:33:02Z,215.7,254.7,224.0,258.2,211.1,250.3,,,217.7,261.7,223.7,262.7,217.2,261.4,225.0,262.5,239.3,274.9,229.3,264.9,215.6,254.6,222.9,257.1
2026-04-10T12:35:08Z,215.7,254.7,224.0,258.2,211.1,250.3,,,217.7,261.7,223.7,262.7,217.2,261.4,225.0,262.5,239.3,274.9,229.3,264.9,215.6,254.6,222.9,257.1
2026-04-10T14:03:31Z,215.7,254.7,224.0,258.2,211.1,250.3,,,217.7,261.7,223.7,262.7,217.2,261.4,225.0,262.5,239.3,274.9,229.3,264.9,215.6,254.6,222.9,257.1
2026-04-10T15:06:38Z,217.1,261.3,225.4,264.8,211.1,250.3,,,217.7,261.7,223.7,262.7,217.2,261.4,225.0,262.5,239.3,274.9,229.3,264.9,217.0,261.2,222.9,260.4
2026-04-10T16:06:56Z,217.1,261.3,225.4,264.8,211.6,250.6,,,217.7,261.7,223.7,262.7,217.2,261.4,225.0,262.5,239.3,274.9,229.3,264.9,217.0,261.2,222.9,260.4
2026-04-10T17:06:58Z,217.1,263.9,224.0,261.5,211.6,250.6,,,217.7,261.7,223.7,262.7,217.2,261.4,225.0,262.5,239.3,274.9,229.3,264.9,215.6,257.9,222.9,260.4
2026-04-10T18:00:13Z,217.1,263.9,224.0,261.5,211.6,250.6,,,217.7,261.7,223.7,262.7,217.2,261.4,225.0,262.5,239.3,274.9,229.3,264.9,217.0,261.3,222.9,260.4
2026-04-10T19:11:41Z,217.1,263.9,224.0,261.5,211.6,250.6,,,217.7,261.7,223.7,262.7,217.2,261.4,225.0,262.5,239.3,274.9,229.3,264.9,217.0,261.3,222.9,260.4
2026-04-10T19:54:41Z,217.1,263.9,224.0,261.5,211.6,250.6,,,217.7,261.7,223.7,262.7,217.2,261.4,225.0,262.5,239.3,274.9,229.3,264.9,217.0,261.3,222.9,260.4
2026-04-10T20:33:41Z,217.1,263.9,224.0,261.5,211.6,250.6,,,217.7,261.7,223.7,262.7,217.2,261.4,225.0,262.5,239.3,274.9,229.3,264.9,217.0,261.3,222.9,260.4
2026-04-10T21:20:19Z,217.1,263.9,224.0,261.5,211.6,250.6,,,217.7,261.7,223.7,262.7,217.2,261.4,225.0,262.5,239.3,274.9,229.3,264.9,217.0,261.3,222.9,260.4
2026-04-10T22:02:26Z,217.1,263.9,224.0,261.5,211.6,250.6,,,217.7,261.7,223.7,262.7,217.2,261.4,225.0,262.5,239.3,274.9,229.3,264.9,217.0,261.3,222.9,260.4
2026-04-10T22:56:13Z,217.1,263.9,224.0,261.5,211.6,250.6,,,217.7,261.7,223.7,262.7,217.2,261.4,225.0,262.5,239.3,274.9,229.3,264.9,217.0,261.3,222.9,260.4
2026-04-10T23:35:56Z,217.1,263.9,224.0,261.5,211.6,250.6,,,217.7,261.7,223.7,262.7,217.2,261.4,225.0,262.5,239.3,274.9,229.3,264.9,217.0,261.3,222.9,260.4
2026-04-11T00:04:57Z,217.1,263.9,224.0,261.5,211.6,250.6,,,217.7,261.7,223.7,262.7,217.2,261.4,225.0,262.5,239.3,274.9,229.3,264.9,217.0,261.3,222.9,260.4
2026-04-11T03:19:30Z,217.1,263.9,224.0,261.5,211.6,250.6,,,217.7,261.7,223.7,262.7,217.2,261.4,225.0,262.5,239.3,274.9,229.3,264.9,217.0,261.3,222.9,260.4
2026-04-11T05:11:57Z,217.1,263.9,224.0,261.5,211.6,250.6,,,217.7,261.7,223.7,262.7,217.2,261.4,225.0,262.5,239.3,274.9,229.3,264.9,217.0,261.3,222.9,260.4
2026-04-11T06:14:07Z,217.1,263.9,224.0,261.5,211.6,250.6,,,217.7,261.7,223.7,262.7,217.2,261.4,225.0,262.5,239.3,274.9,229.3,264.9,217.0,261.3,222.9,260.4
2026-04-11T07:18:56Z,217.1,263.9,224.0,261.5,211.6,250.6,,,217.7,261.7,223.7,262.7,217.2,261.4,225.0,262.5,239.3,274.9,229.3,264.9,217.0,261.3,222.9,260.4
2026-04-11T08:03:07Z,217.1,263.9,224.0,261.5,211.6,250.6,,,217.7,261.7,223.7,262.7,217.2,261.4,225.0,262.5,239.3,274.9,229.3,264.9,217.0,261.3,222.9,260.4
2026-04-11T09:01:31Z,217.1,263.9,224.0,261.5,211.6,250.6,,,217.7,261.7,223.7,262.7,217.2,261.4,225.0,262.5,239.3,274.9,229.3,264.9,217.0,261.3,222.9,260.4
2026-04-11T09:56:53Z,217.1,263.9,224.0,261.5,211.6,250.6,,,217.7,261.7,223.7,262.7,217.2,261.4,225.0,262.5,239.3,274.9,229.3,264.9,217.0,261.3,222.9,260.4
2026-04-11T10:36:58Z,217.1,263.9,224.0,261.5,211.6,250.6,,,217.7,261.7,223.7,262.7,217.2,261.4,225.0,262.5,239.3,274.9,229.3,264.9,217.0,261.3,222.9,260.4
2026-04-11T11:06:53Z,217.1,263.9,224.0,261.5,211.6,250.6,,,217.7,261.7,223.7,262.7,217.2,261.4,225.0,262.5,239.3,274.9,229.3,264.9,217.0,261.3,222.9,260.4
2026-04-11T11:45:05Z,217.1,263.9,224.0,261.5,211.6,250.6,,,217.7,261.7,223.7,262.7,217.2,261.4,225.0,262.5,239.3,274.9,229.3,264.9,217.0,261.3,222.9,260.4
2026-04-11T12:03:14Z,217.1,263.9,224.0,261.5,211.6,250.6,,,217.7,261.7,223.7,262.7,217.2,261.4,225.0,262.5,239.3,274.9,229.3,264.9,217.0,261.3,222.9,260.4
2026-04-11T13:30:37Z,217.1,263.9,224.0,261.5,211.6,250.6,,,217.7,261.7,223.7,262.7,217.2,261.4,225.0,262.5,239.3,274.9,229.3,264.9,217.0,261.3,222.9,260.4
2026-04-11T14:21:20Z,217.1,263.9,224.0,261.5,211.6,250.6,,,217.7,261.7,223.7,262.7,217.2,261.4,225.0,262.5,239.3,274.9,229.3,264.9,217.0,261.3,222.9,260.4
2026-04-11T15:01:47Z,217.1,263.9,224.0,261.5,213.0,257.3,,,217.7,261.7,223.7,262.7,217.2,261.4,225.0,262.5,239.3,274.9,229.3,264.9,217.0,261.3,222.9,260.4
2026-04-11T15:47:41Z,217.1,263.9,224.0,261.5,213.0,257.3,,,217.7,261.7,223.7,262.7,217.2,261.4,225.0,262.5,239.3,274.9,229.3,264.9,217.0,261.3,222.9,260.4
2026-04-11T16:34:34Z,217.1,263.9,224.0,261.5,213.0,257.3,,,217.7,261.7,223.7,262.7,217.2,261.4,225.0,262.5,239.3,274.9,229.3,264.9,217.0,261.3,222.9,260.4
2026-04-11T17:17:20Z,217.1,263.9,224.0,261.5,213.0,257.3,,,217.7,261.7,223.7,262.7,217.2,261.4,225.0,262.5,239.3,274.9,229.3,264.9,217.0,261.3,222.9,260.4
2026-04-11T17:56:36Z,217.1,263.9,224.0,261.5,213.0,257.3,,,217.7,261.7,223.7,262.7,217.2,261.4,225.0,262.5,239.3,274.9,229.3,264.9,217.0,261.3,222.9,260.4
2026-04-11T18:49:21Z,217.1,263.9,224.0,261.5,213.0,257.3,,,217.7,261.7,223.7,262.7,217.2,261.4,225.0,262.5,239.3,274.9,229.3,264.9,217.0,261.3,222.9,260.4
2026-04-11T19:33:26Z,217.1,263.9,224.0,261.5,213.0,257.3,,,217.7,261.7,223.7,262.7,217.2,261.4,225.0,262.5,239.3,274.9,229.3,264.9,217.0,261.3,222.9,260.4
2026-04-11T20:00:48Z,217.1,263.9,224.0,261.5,213.0,257.3,,,217.7,261.7,223.7,262.7,217.2,261.4,225.0,262.5,239.3,274.9,229.3,264.9,217.0,261.3,222.9,260.4
2026-04-11T20:50:42Z,217.1,263.9,224.0,261.5,213.0,257.3,,,217.7,261.7,223.7,262.7,217.2,261.4,225.0,262.5,239.3,274.9,229.3,264.9,217.0,261.3,222.9,260.4
2026-04-11T21:30:11Z,217.1,263.9,224.0,261.5,213.0,257.3,,,217.7,261.7,223.7,262.7,217.2,261.4,225.0,262.5,239.3,274.9,229.3,264.9,217.0,261.3,222.9,260.4
2026-04-11T22:01:27Z,217.1,263.9,224.0,261.5,213.0,257.3,,,217.7,261.7,223.7,262.7,217.2,261.4,225.0,262.5,239.3,274.9,229.3,264.9,217.0,261.3,222.9,260.4
2026-04-11T22:51:26Z,217.1,263.9,224.0,261.5,213.0,257.3,,,217.7,261.7,223.7,262.7,217.2,261.4,225.0,262.5,239.3,274.9,229.3,264.9,217.0,261.3,222.9,260.4
2026-04-11T23:31:26Z,217.1,263.9,224.0,261.5,213.0,257.3,,,217.7,261.7,223.7,262.7,217.2,261.4,225.0,262.5,239.3,274.9,229.3,264.9,217.0,261.3,222.9,260.4
2026-04-12T00:03:57Z,217.1,263.9,224.0,261.5,213.0,257.3,,,217.7,261.7,223.7,262.7,217.2,261.4,225.0,262.5,239.3,274.9,229.3,264.9,217.0,261.3,222.9,260.4
2026-04-12T03:45:27Z,217.1,263.9,224.0,261.5,213.0,257.3,,,217.7,261.7,223.7,262.7,217.2,261.4,225.0,262.5,239.3,274.9,229.3,264.9,217.0,261.3,222.9,260.4
2026-04-12T05:52:56Z,217.1,263.9,224.0,261.5,213.0,257.3,,,217.7,261.7,223.7,262.7,217.2,261.4,225.0,262.5,239.3,274.9,229.3,264.9,217.0,261.3,222.9,260.4
2026-04-12T07:11:22Z,217.1,263.9,224.0,261.5,213.0,257.3,,,217.7,261.7,223.7,262.7,217.2,261.4,225.0,262.5,239.3,274.9,229.3,264.9,217.0,261.3,222.9,260.4
2026-04-12T08:08:37Z,217.1,263.9,224.0,261.5,213.0,257.3,,,217.7,261.7,223.7,262.7,217.2,261.4,225.0,262.5,239.3,274.9,229.3,264.9,217.0,261.3,222.9,260.4
2026-04-12T09:04:38Z,217.1,263.9,224.0,261.5,213.0,257.3,,,217.7,261.7,223.7,262.7,217.2,261.4,225.0,262.5,239.3,274.9,229.3,264.9,217.0,261.3,222.9,260.4
2026-04-12T10:00:39Z,217.1,263.9,224.0,261.5,213.0,257.3,,,217.7,261.7,223.7,262.7,217.2,261.4,225.0,262.5,239.3,274.9,229.3,264.9,217.0,261.3,222.9,260.4
2026-04-12T10:58:28Z,217.1,263.9,224.0,261.5,213.0,257.3,,,217.7,261.7,223.7,262.7,217.2,261.4,225.0,262.5,239.3,274.9,229.3,264.9,217.0,261.3,222.9,260.4
2026-04-12T11:39:07Z,217.1,263.9,224.0,261.5,213.0,257.3,,,217.7,261.7,223.7,262.7,217.2,261.4,225.0,262.5,239.3,274.9,229.3,264.9,217.0,261.3,222.9,260.4
2026-04-12T12:03:00Z,217.1,263.9,224.0,261.5,213.0,257.3,,,217.7,261.7,223.7,262.7,217.2,261.4,225.0,262.5,239.3,274.9,229.3,264.9,217.0,261.3,222.9,260.4
2026-04-12T13:34:10Z,217.1,263.9,224.0,261.5,213.0,257.3,,,217.7,261.7,223.7,262.7,217.2,261.4,225.0,262.5,239.3,274.9,229.3,264.9,217.0,261.3,222.9,260.4
2026-04-12T14:24:37Z,217.1,263.9,224.0,261.5,213.0,257.3,,,217.7,261.7,223.7,262.7,217.2,261.4,225.0,262.5,239.3,274.9,229.3,264.9,217.0,261.3,222.9,260.4
2026-04-12T15:03:43Z,217.1,263.9,224.0,261.5,213.0,257.3,,,217.7,261.7,223.7,262.7,217.2,261.4,225.0,262.5,239.3,274.9,229.3,264.9,217.0,261.3,222.9,260.4
2026-04-12T15:51:49Z,217.1,263.9,224.0,261.5,213.0,257.3,,,217.7,261.7,223.7,262.7,217.2,261.4,225.0,262.5,239.3,274.9,229.3,264.9,217.0,261.3,222.9,260.4
2026-04-12T16:36:03Z,217.1,263.9,224.0,261.5,213.0,257.3,,,217.7,261.7,223.7,262.7,217.2,261.4,225.0,262.5,239.3,274.9,229.3,264.9,217.0,261.3,222.9,260.4
2026-04-12T17:19:32Z,217.1,263.9,224.0,261.5,213.0,257.3,,,217.7,261.7,223.7,262.7,217.2,261.4,225.0,262.5,239.3,274.9,229.3,264.9,217.0,261.3,222.9,260.4
2026-04-12T18:00:12Z,217.1,263.9,224.0,261.5,213.0,257.3,,,217.7,261.7,223.7,262.7,217.2,261.4,225.0,262.5,239.3,274.9,229.3,264.9,217.0,261.3,222.9,260.4
2026-04-12T19:07:49Z,217.1,263.9,224.0,261.5,213.0,257.3,,,217.7,261.7,223.7,262.7,217.2,261.4,225.0,262.5,239.3,274.9,229.3,264.9,217.0,261.3,222.9,260.4
2026-04-12T19:52:11Z,217.1,263.9,224.0,261.5,213.0,257.3,,,217.7,261.7,223.7,262.7,217.2,261.4,225.0,262.5,239.3,274.9,229.3,264.9,217.0,261.3,222.9,260.4
2026-04-12T20:33:40Z,217.1,263.9,224.0,261.5,213.0,257.3,,,217.7,261.7,223.7,262.7,217.2,261.4,225.0,262.5,239.3,274.9,229.3,264.9,217.0,261.3,222.9,260.4
2026-04-12T21:06:38Z,217.1,263.9,224.0,261.5,213.0,257.3,,,217.7,261.7,223.7,262.7,217.2,261.4,225.0,262.5,239.3,274.9,229.3,264.9,217.0,261.3,222.9,260.4
2026-04-12T21:50:48Z,217.1,263.9,224.0,261.5,213.0,257.3,,,217.7,261.7,223.7,262.7,217.2,261.4,225.0,262.5,239.3,274.9,229.3,264.9,217.0,261.3,222.9,260.4
2026-04-12T22:31:43Z,217.1,263.9,224.0,261.5,213.0,257.3,,,217.7,261.7,223.7,262.7,217.2,261.4,225.0,262.5,239.3,274.9,229.3,264.9,217.0,261.3,222.9,260.4
2026-04-12T23:18:03Z,217.1,263.9,224.0,261.5,213.0,257.3,,,217.7,261.7,223.7,262.7,217.2,261.4,225.0,262.5,239.3,274.9,229.3,264.9,217.0,261.3,222.9,260.4
2026-04-13T00:00:03Z,217.1,263.9,224.0,261.5,213.0,257.3,,,217.7,261.7,223.7,262.7,217.2,261.4,225.0,262.5,239.3,274.9,229.3,264.9,217.0,261.3,222.9,260.4
2026-04-13T03:46:25Z,217.1,263.9,224.0,261.5,213.0,257.3,,,217.7,261.7,223.7,262.7,217.2,261.4,225.0,262.5,239.3,274.9,229.3,264.9,217.0,261.3,222.9,260.4
2026-04-13T06:12:43Z,217.1,263.9,224.0,261.5,213.0,257.3,,,217.7,261.7,223.7,262.7,217.2,261.4,225.0,262.5,239.3,274.9,229.3,264.9,217.0,261.3,222.9,260.4
2026-04-13T08:23:09Z,217.1,263.9,224.0,261.5,213.0,257.3,,,217.7,261.7,223.7,262.7,217.2,261.4,225.0,262.5,239.3,274.9,229.3,264.9,217.0,261.3,222.9,260.4
2026-04-13T10:12:24Z,217.1,263.9,224.0,261.5,213.0,257.3,,,217.7,261.7,223.7,262.7,217.2,261.4,225.0,262.5,239.3,274.9,229.3,264.9,217.0,261.3,222.9,260.4
2026-04-13T11:41:37Z,217.1,263.9,224.0,261.5,213.0,257.3,,,217.7,261.7,223.7,262.7,217.2,261.4,225.0,262.5,239.3,274.9,229.3,264.9,217.0,261.3,222.9,260.4
2026-04-13T12:46:20Z,217.1,263.9,224.0,261.5,213.0,257.3,,,221.7,265.7,227.7,266.7,217.2,261.4,225.0,262.5,239.3,274.9,229.3,264.9,217.0,261.3,222.9,260.4
2026-04-13T14:45:54Z,217.1,263.9,224.0,261.5,213.0,257.3,,,221.7,265.7,227.7,266.7,217.2,261.4,225.0,262.5,239.3,274.9,229.3,264.9,217.0,261.3,222.9,260.4
2026-04-13T16:10:39Z,217.1,263.9,224.0,261.5,213.0,257.3,,,221.7,265.7,227.7,266.7,217.2,261.4,225.0,262.5,239.3,274.9,229.3,264.9,217.0,261.3,222.9,260.4
2026-04-13T17:19:08Z,217.1,263.9,224.0,261.5,213.0,257.3,,,221.7,265.7,227.7,266.7,217.2,261.4,225.0,262.5,239.3,274.9,229.3,264.9,217.0,261.3,222.9,260.4
2026-04-13T18:44:47Z,217.1,263.9,224.0,261.5,213.0,257.3,,,221.7,265.7,227.7,266.7,217.2,261.4,225.0,262.5,239.3,274.9,229.3,264.9,217.0,261.3,222.9,260.4
2026-04-13T19:54:04Z,217.1,263.9,224.0,261.5,213.0,257.3,,,221.7,265.7,227.7,266.7,217.2,261.4,225.0,262.5,239.3,274.9,229.3,264.9,217.0,261.3,222.9,260.4
2026-04-13T20:52:43Z,217.1,263.9,224.0,261.5,213.0,257.3,,,221.7,265.7,227.7,266.7,217.2,261.4,225.0,262.5,239.3,274.9,229.3,264.9,217.0,261.3,222.9,260.4
2026-04-13T21:46:00Z,217.1,263.9,224.0,261.5,213.0,257.3,,,221.7,265.7,227.7,266.7,217.2,261.4,225.0,262.5,239.3,274.9,229.3,264.9,217.0,261.3,222.9,260.4
2026-04-13T22:41:03Z,217.1,263.9,224.0,261.5,213.0,257.3,,,221.7,265.7,227.7,266.7,217.2,261.4,225.0,262.5,239.3,274.9,229.3,264.9,217.0,261.3,222.9,260.4
2026-04-13T23:29:09Z,217.1,263.9,224.0,261.5,213.0,257.3,,,221.7,265.7,227.7,266.7,217.2,261.4,225.0,262.5,239.3,274.9,229.3,264.9,217.0,261.3,222.9,260.4
2026-04-14T00:09:10Z,217.1,263.9,224.0,261.5,213.0,257.3,,,221.7,265.7,227.7,266.7,217.2,261.4,225.0,262.5,239.3,274.9,229.3,264.9,217.0,261.3,222.9,260.4
2026-04-14T03:41:54Z,217.1,263.9,224.0,261.5,213.0,257.3,,,221.7,265.7,227.7,266.7,217.2,261.4,225.0,262.5,239.3,274.9,229.3,264.9,217.0,261.3,222.9,260.4
2026-04-14T05:50:47Z,217.1,263.9,224.0,261.5,213.0,257.3,,,221.7,265.7,227.7,266.7,217.2,261.4,225.0,262.5,239.3,274.9,229.3,264.9,217.0,261.3,222.9,260.4
2026-04-14T07:28:06Z,217.1,263.9,224.0,261.5,213.0,257.3,,,221.7,265.7,227.7,266.7,217.2,261.4,225.0,262.5,239.3,274.9,229.3,264.9,217.0,261.3,222.9,260.4
2026-04-14T09:04:15Z,217.1,263.9,224.0,261.5,213.0,257.3,,,221.7,265.7,227.7,266.7,217.2,261.4,225.0,262.5,239.3,274.9,229.3,264.9,217.0,261.3,222.9,260.4
2026-04-14T10:40:28Z,217.1,263.9,224.0,261.5,213.0,257.3,,,221.7,265.7,227.7,266.7,217.2,261.4,225.0,262.5,239.3,274.9,229.3,264.9,217.0,261.3,222.9,260.4
2026-04-14T11:42:39Z,217.1,263.9,224.0,261.5,213.0,257.3,,,221.7,265.7,227.7,266.7,217.2,261.4,225.0,262.5,239.3,274.9,229.3,264.9,217.0,261.3,222.9,260.4
2026-04-14T12:47:36Z,217.1,263.9,224.0,261.5,213.0,257.3,,,221.7,265.7,227.7,266.7,217.2,261.4,225.0,262.5,239.3,274.9,229.3,264.9,217.0,261.3,222.9,260.4
2026-04-14T14:49:24Z,217.1,263.9,224.0,261.5,213.0,257.3,,,221.7,265.7,227.7,266.7,217.2,261.4,225.0,262.5,239.3,274.9,229.3,264.9,217.0,261.3,222.9,260.4
2026-04-14T16:06:02Z,217.1,263.9,224.0,261.5,213.0,257.3,,,221.7,265.7,227.7,266.7,217.2,261.4,225.0,262.5,239.3,274.9,229.3,264.9,217.0,261.3,222.9,260.4
2026-04-14T17:33:50Z,217.1,263.9,224.0,261.5,213.0,257.3,,,221.7,265.7,227.7,266.7,217.2,261.4,225.0,262.5,239.3,274.9,229.3,264.9,217.0,261.3,222.9,260.4
2026-04-14T18:47:24Z,217.1,263.9,224.0,261.5,213.0,257.3,,,221.7,265.7,227.7,266.7,217.2,261.4,225.0,262.5,239.3,274.9,229.3,264.9,217.0,261.3,222.9,260.4
2026-04-14T20:03:54Z,217.1,263.9,224.0,261.5,213.0,257.3,,,221.7,265.7,227.7,266.7,217.2,261.4,225.0,262.5,239.3,274.9,229.3,264.9,217.0,261.3,222.9,260.4
2026-04-14T21:07:00Z,217.1,263.9,224.0,261.5,213.0,257.3,,,221.7,265.7,227.7,266.7,217.2,261.4,225.0,262.5,239.3,274.9,229.3,264.9,217.0,261.3,222.9,260.4
2026-04-14T22:05:00Z,217.1,263.9,224.0,261.5,213.0,257.3,,,221.7,265.7,227.7,266.7,217.2,261.4,225.0,262.5,239.3,274.9,229.3,264.9,217.0,261.3,222.9,260.4
2026-04-14T23:04:05Z,217.1,263.9,224.0,261.5,213.0,257.3,,,221.7,265.7,227.7,266.7,217.2,261.4,225.0,262.5,239.3,274.9,229.3,264.9,217.0,261.3,222.9,260.4
2026-04-14T23:58:49Z,217.1,263.9,224.0,261.5,213.0,257.3,,,221.7,265.7,227.7,266.7,217.2,261.4,225.0,262.5,239.3,274.9,229.3,264.9,217.0,261.3,222.9,260.4
2026-04-15T03:30:00Z,217.1,263.9,224.0,261.5,213.0,257.3,,,221.7,265.7,227.7,266.7,217.2,261.4,225.0,262.5,239.3,274.9,229.3,264.9,217.0,261.3,222.9,260.4
2026-04-15T05:37:23Z,217.1,263.9,224.0,261.5,213.0,257.3,,,221.7,265.7,227.7,266.7,217.2,261.4,225.0,262.5,239.3,274.9,229.3,264.9,217.0,261.3,222.9,260.4
2026-04-15T07:11:33Z,217.1,263.9,224.0,261.5,213.0,257.3,,,221.7,265.7,227.7,266.7,217.2,261.4,225.0,262.5,239.3,274.9,229.3,264.9,217.0,261.3,222.9,260.4
2026-04-15T08:54:40Z,217.1,263.9,224.0,261.5,213.0,257.3,,,221.7,265.7,227.7,266.7,217.2,261.4,225.0,262.5,239.3,274.9,229.3,264.9,217.0,261.3,222.9,260.4
2026-04-15T10:15:10Z,217.1,263.9,224.0,261.5,213.0,257.3,,,221.7,265.7,227.7,266.7,217.2,261.4,225.0,262.5,239.3,274.9,229.3,264.9,217.0,261.3,222.9,260.4
2026-04-15T11:33:29Z,217.1,263.9,224.0,261.5,213.0,257.3,,,221.7,265.7,227.7,266.7,217.2,261.4,225.0,262.5,239.3,274.9,229.3,264.9,217.0,261.3,222.9,260.4
2026-04-15T12:44:38Z,217.1,263.9,224.0,261.5,213.0,257.3,,,221.7,265.7,227.7,266.7,217.2,261.4,225.0,262.5,239.3,274.9,229.3,264.9,217.0,261.3,222.9,260.4
2026-04-15T14:17:16Z,217.1,263.9,224.0,261.5,213.0,257.3,,,221.7,265.7,227.7,266.7,217.2,261.4,225.0,262.5,239.3,274.9,229.3,264.9,217.0,261.3,222.9,260.4
2026-04-15T15:45:48Z,217.1,263.9,224.0,261.5,213.0,257.3,,,221.7,265.7,227.7,266.7,217.2,261.4,225.0,262.5,239.3,274.9,229.3,264.9,217.0,261.3,222.9,260.4
2026-04-15T17:01:24Z,217.1,263.9,224.0,261.5,213.0,257.3,,,221.7,265.7,227.7,266.7,217.2,261.4,225.0,262.5,239.3,274.9,229.3,264.9,217.0,261.3,222.9,260.4
2026-04-15T18:15:33Z,217.1,263.9,224.0,261.5,213.0,257.3,,,221.7,265.7,227.7,266.7,217.2,261.4,225.0,262.5,239.3,274.9,229.3,264.9,217.0,261.3,222.9,260.4
2026-04-15T19:45:27Z,217.1,263.9,224.0,261.5,213.0,257.3,,,221.7,265.7,227.7,266.7,217.2,261.4,225.0,262.5,239.3,274.9,229.3,264.9,217.0,261.3,222.9,260.4
2026-04-15T20:43:55Z,217.1,263.9,224.0,261.5,213.0,257.3,,,221.7,265.7,227.7,266.7,217.2,261.4,225.0,262.5,239.3,274.9,229.3,264.9,217.0,261.3,222.9,260.4
2026-04-15T21:37:21Z,217.1,263.9,224.0,261.5,213.0,257.3,,,221.7,265.7,227.7,266.7,217.2,261.4,225.0,262.5,239.3,274.9,229.3,264.9,217.0,261.3,222.9,260.4
2026-04-15T22:26:22Z,217.1,263.9,224.0,261.5,213.0,257.3,,,221.7,265.7,227.7,266.7,217.2,261.4,225.0,262.5,239.3,274.9,229.3,264.9,217.0,261.3,222.9,260.4
2026-04-15T23:10:02Z,217.1,261.4,224.0,261.5,213.0,257.3,,,221.7,265.7,227.7,266.7,217.2,261.4,225.0,262.5,239.3,274.9,229.3,264.9,217.0,261.3,222.9,260.4
2026-04-15T23:59:03Z,217.1,261.4,224.0,261.5,213.0,257.3,,,221.7,265.7,227.7,266.7,217.2,261.4,225.0,262.5,239.3,274.9,229.3,264.9,217.0,261.3,222.9,260.4
2026-04-16T03:39:08Z,217.1,261.4,224.0,261.5,213.0,257.3,,,221.7,265.7,227.7,266.7,217.2,261.4,225.0,262.5,239.3,274.9,229.3,264.9,217.0,261.3,222.9,260.4
2026-04-16T05:51:08Z,217.1,261.4,224.0,261.5,213.0,257.3,,,221.7,265.7,227.7,266.7,217.2,261.4,225.0,262.5,239.3,274.9,229.3,264.9,217.0,261.3,222.9,260.4
2026-04-16T07:42:50Z,217.1,261.4,224.0,261.5,213.0,257.3,,,221.7,265.7,227.7,266.7,217.2,261.4,225.0,262.5,239.3,274.9,229.3,264.9,217.0,261.3,222.9,260.4
2026-04-16T09:05:46Z,217.1,261.4,224.0,261.5,213.0,257.3,,,221.7,265.7,227.7,266.7,217.2,261.4,225.0,262.5,239.3,274.9,229.3,264.9,217.0,261.3,222.9,260.4
2026-04-16T10:40:53Z,217.1,261.4,224.0,261.5,213.0,257.3,,,221.7,265.7,227.7,266.7,217.2,261.4,225.0,262.5,239.3,274.9,229.3,264.9,217.0,261.3,222.9,260.4
2026-04-16T11:42:19Z,217.1,261.4,224.0,261.5,213.0,257.3,,,221.7,265.7,227.7,266.7,217.2,261.4,225.0,262.5,239.3,274.9,229.3,264.9,217.0,261.3,222.9,260.4
2026-04-16T12:49:25Z,217.1,261.4,224.0,261.5,213.0,257.3,,,221.7,265.7,227.7,266.7,217.2,261.4,225.0,262.5,239.3,274.9,229.3,264.9,217.0,261.3,222.9,260.4
2026-04-16T14:53:54Z,217.1,261.4,224.0,261.5,213.0,257.3,,,221.7,265.7,227.7,266.7,217.2,261.4,225.0,262.5,239.3,274.9,229.3,264.9,217.0,261.3,222.9,260.4
2026-04-16T16:21:21Z,219.1,265.4,226.0,265.5,213.0,257.3,,,221.7,265.7,227.7,266.7,219.2,269.4,227.0,270.5,241.3,282.9,231.3,272.9,219.0,265.3,224.9,264.4
2026-04-16T17:50:41Z,219.1,265.4,226.0,265.5,213.0,257.3,,,221.7,265.7,227.7,266.7,219.2,269.4,227.0,270.5,241.3,282.9,231.3,272.9,219.0,265.3,224.9,264.4
2026-04-16T19:09:26Z,219.1,265.4,226.0,265.5,213.0,257.3,,,221.7,265.7,227.7,266.7,219.2,269.4,227.0,270.5,241.3,282.9,231.3,272.9,219.0,265.3,224.9,264.4
2026-04-16T20:06:04Z,219.1,265.4,226.0,265.5,213.0,257.3,,,221.7,265.7,227.7,266.7,219.2,269.4,227.0,270.5,241.3,282.9,231.3,272.9,219.0,265.3,224.9,264.4
2026-04-16T21:03:11Z,219.1,265.4,226.0,265.5,213.0,257.3,,,221.7,265.7,227.7,266.7,219.2,269.4,227.0,270.5,241.3,282.9,231.3,272.9,219.0,265.3,224.9,264.4
2026-04-16T21:58:47Z,219.1,265.4,226.0,265.5,213.0,257.3,,,221.7,265.7,227.7,266.7,219.2,269.4,227.0,270.5,241.3,282.9,231.3,272.9,219.0,265.3,224.9,264.4
2026-04-16T22:52:48Z,219.1,265.4,226.0,265.5,213.0,257.3,,,221.7,265.7,227.7,266.7,219.2,269.4,227.0,270.5,241.3,282.9,231.3,272.9,219.0,265.3,224.9,264.4
2026-04-16T23:38:29Z,219.1,265.4,226.0,265.5,213.0,257.3,,,221.7,265.7,227.7,266.7,219.2,269.4,227.0,270.5,241.3,282.9,231.3,272.9,219.0,265.3,224.9,264.4
2026-04-17T01:09:18Z,219.1,265.4,226.0,265.5,213.0,257.3,,,221.7,265.7,227.7,266.7,219.2,269.4,227.0,270.5,241.3,282.9,231.3,272.9,219.0,265.3,224.9,264.4
2026-04-17T04:21:27Z,219.1,265.4,226.0,265.5,213.0,257.3,,,221.7,265.7,227.7,266.7,219.2,269.4,227.0,270.5,241.3,282.9,231.3,272.9,219.0,265.3,224.9,264.4
2026-04-17T06:19:15Z,219.1,265.4,226.0,265.5,213.0,257.3,,,221.7,265.7,227.7,266.7,219.2,269.4,227.0,270.5,241.3,282.9,231.3,272.9,219.0,265.3,224.9,264.4
2026-04-17T08:11:27Z,219.1,265.4,226.0,265.5,213.0,257.3,,,221.7,265.7,227.7,266.7,219.2,269.4,227.0,270.5,241.3,282.9,231.3,272.9,219.0,265.3,224.9,264.4
2026-04-17T09:47:50Z,219.1,265.4,226.0,265.5,213.0,257.3,,,221.7,265.7,227.7,266.7,219.2,269.4,227.0,270.5,241.3,282.9,231.3,272.9,219.0,265.3,224.9,264.4
2026-04-17T10:53:13Z,219.1,265.4,226.0,265.5,213.0,257.3,,,221.7,265.7,227.7,266.7,219.2,269.4,227.0,270.5,241.3,282.9,231.3,272.9,219.0,265.3,224.9,264.4
2026-04-17T11:50:58Z,219.1,265.4,226.0,265.5,213.0,257.3,,,221.7,265.7,227.7,266.7,219.2,269.4,227.0,270.5,241.3,282.9,231.3,272.9,219.0,265.3,224.9,264.4
2026-04-17T13:14:59Z,219.1,265.4,226.0,265.5,213.0,257.3,,,221.7,265.7,227.7,266.7,219.2,269.4,227.0,270.5,241.3,282.9,231.3,272.9,219.0,265.3,224.9,264.4
2026-04-17T14:37:16Z,219.1,265.4,226.0,265.5,213.0,257.3,,,221.7,265.7,227.7,266.7,219.2,269.4,227.0,270.5,241.3,282.9,231.3,272.9,219.0,265.3,224.9,264.4
2026-04-17T15:42:19Z,219.1,265.4,226.0,265.5,215.0,261.3,,,221.7,265.7,227.7,266.7,219.2,269.4,227.0,270.5,241.3,282.9,231.3,272.9,219.0,265.3,224.9,264.4
2026-04-17T16:36:46Z,219.1,265.4,226.0,265.5,215.0,261.3,,,221.7,265.7,227.7,266.7,219.2,269.4,227.0,270.5,241.3,282.9,231.3,272.9,219.0,265.3,224.9,264.4
2026-04-17T17:33:14Z,219.1,265.4,226.0,265.5,215.0,261.3,,,221.7,265.7,227.7,266.7,219.2,269.4,227.0,270.5,241.3,282.9,231.3,272.9,219.0,265.3,224.9,264.4
2026-04-17T18:35:53Z,219.1,265.4,226.0,265.5,215.0,261.3,,,221.7,265.7,227.7,266.7,219.2,269.4,227.0,270.5,241.3,282.9,231.3,272.9,219.0,265.3,224.9,264.4
2026-04-17T19:45:10Z,219.1,265.4,226.0,265.5,215.0,261.3,,,221.7,265.7,227.7,266.7,219.2,269.4,227.0,270.5,241.3,282.9,231.3,272.9,219.0,265.3,224.9,264.4
2026-04-17T20:41:27Z,219.1,265.4,226.0,265.5,215.0,261.3,,,221.7,265.7,227.7,266.7,219.2,269.4,227.0,270.5,241.3,282.9,231.3,272.9,219.0,265.3,224.9,264.4
2026-04-17T21:27:17Z,219.1,265.4,226.0,265.5,215.0,261.3,,,221.7,265.7,227.7,266.7,219.2,269.4,227.0,270.5,241.3,282.9,231.3,272.9,219.0,265.3,224.9,264.4
2026-04-17T22:06:33Z,219.1,265.4,226.0,265.5,215.0,261.3,,,221.7,265.7,227.7,266.7,219.2,269.4,227.0,270.5,241.3,282.9,231.3,272.9,219.0,265.3,224.9,264.4
2026-04-17T23:00:25Z,219.1,265.4,226.0,265.5,215.0,261.3,,,221.7,265.7,227.7,266.7,219.2,269.4,227.0,270.5,241.3,282.9,231.3,272.9,219.0,265.3,224.9,264.4
2026-04-17T23:55:22Z,219.1,265.4,226.0,265.5,215.0,261.3,,,221.7,265.7,227.7,266.7,219.2,269.4,227.0,270.5,241.3,282.9,231.3,272.9,219.0,265.3,224.9,264.4
2026-04-18T02:11:22Z,219.1,265.4,226.0,265.5,215.0,261.3,,,221.7,265.7,227.7,266.7,219.2,269.4,227.0,270.5,241.3,282.9,231.3,272.9,219.0,265.3,224.9,264.4
2026-04-18T04:41:27Z,219.1,265.4,226.0,265.5,215.0,261.3,,,221.7,265.7,227.7,266.7,219.2,269.4,227.0,270.5,241.3,282.9,231.3,272.9,219.0,265.3,224.9,264.4
2026-04-18T06:03:08Z,219.1,265.4,226.0,265.5,215.0,261.3,,,221.7,265.7,227.7,266.7,219.2,269.4,227.0,270.5,241.3,282.9,231.3,272.9,219.0,265.3,224.9,264.4
2026-04-18T07:34:58Z,219.1,265.4,226.0,265.5,215.0,261.3,,,221.7,265.7,227.7,266.7,219.2,269.4,227.0,270.5,241.3,282.9,231.3,272.9,219.0,265.3,224.9,264.4
2026-04-18T08:26:42Z,219.1,265.4,226.0,265.5,215.0,261.3,,,221.7,265.7,227.7,266.7,219.2,269.4,227.0,270.5,241.3,282.9,231.3,272.9,219.0,265.3,224.9,264.4
2026-04-18T09:12:21Z,219.1,265.4,226.0,265.5,215.0,261.3,,,221.7,265.7,227.7,266.7,219.2,269.4,227.0,270.5,241.3,282.9,231.3,272.9,219.0,265.3,224.9,264.4
2026-04-18T10:02:24Z,219.1,265.4,226.0,265.5,215.0,261.3,,,221.7,265.7,227.7,266.7,219.2,269.4,227.0,270.5,241.3,282.9,231.3,272.9,219.0,265.3,224.9,264.4
2026-04-18T11:00:17Z,219.1,265.4,226.0,265.5,215.0,261.3,,,221.7,265.7,227.7,266.7,219.2,269.4,227.0,270.5,241.3,282.9,231.3,272.9,219.0,265.3,224.9,264.4
2026-04-18T11:49:05Z,219.1,265.4,226.0,265.5,215.0,261.3,,,221.7,265.7,227.7,266.7,219.2,269.4,227.0,270.5,241.3,282.9,231.3,272.9,219.0,265.3,224.9,264.4
2026-04-18T12:58:01Z,219.1,265.4,226.0,265.5,215.0,261.3,,,221.7,265.7,227.7,266.7,219.2,269.4,227.0,270.5,241.3,282.9,231.3,272.9,219.0,265.3,224.9,264.4
2026-04-18T14:02:31Z,219.1,265.4,226.0,265.5,215.0,261.3,,,221.7,265.7,227.7,266.7,219.2,269.4,227.0,270.5,241.3,282.9,231.3,272.9,219.0,265.3,224.9,264.4
2026-04-18T14:57:18Z,219.1,265.4,226.0,265.5,215.0,261.3,,,221.7,265.7,227.7,266.7,219.2,269.4,227.0,270.5,241.3,282.9,231.3,272.9,219.0,265.3,224.9,264.4
2026-04-18T15:40:23Z,219.1,265.4,226.0,265.5,215.0,261.3,,,221.7,265.7,227.7,266.7,219.2,269.4,227.0,270.5,241.3,282.9,231.3,272.9,219.0,265.3,224.9,264.4
2026-04-18T16:20:18Z,219.1,265.4,226.0,265.5,215.0,261.3,,,221.7,265.7,227.7,266.7,219.2,269.4,227.0,270.5,241.3,282.9,231.3,272.9,219.0,265.3,224.9,264.4
2026-04-18T17:04:18Z,219.1,265.4,226.0,265.5,215.0,261.3,,,221.7,265.7,227.7,266.7,219.2,269.4,227.0,270.5,241.3,282.9,231.3,272.9,219.0,265.3,224.9,264.4
2026-04-18T17:53:25Z,219.1,265.4,226.0,265.5,215.0,261.3,,,221.7,265.7,227.7,266.7,219.2,269.4,227.0,270.5,241.3,282.9,231.3,272.9,219.0,265.3,224.9,264.4
2026-04-18T18:46:39Z,219.1,265.4,226.0,265.5,215.0,261.3,,,221.7,265.7,227.7,266.7,219.2,269.4,227.0,270.5,241.3,282.9,231.3,272.9,219.0,265.3,224.9,264.4
2026-04-18T19:39:26Z,219.1,265.4,226.0,265.5,215.0,261.3,,,221.7,265.7,227.7,266.7,219.2,269.4,227.0,270.5,241.3,282.9,231.3,272.9,219.0,265.3,224.9,264.4
2026-04-18T20:05:05Z,219.1,265.4,226.0,265.5,215.0,261.3,,,221.7,265.7,227.7,266.7,219.2,269.4,227.0,270.5,241.3,282.9,231.3,272.9,219.0,265.3,224.9,264.4
2026-04-18T20:52:56Z,219.1,265.4,226.0,265.5,215.0,261.3,,,221.7,265.7,227.7,266.7,219.2,269.4,227.0,270.5,241.3,282.9,231.3,272.9,219.0,265.3,224.9,264.4
2026-04-18T21:33:11Z,219.1,265.4,226.0,265.5,215.0,261.3,,,221.7,265.7,227.7,266.7,219.2,269.4,227.0,270.5,241.3,282.9,231.3,272.9,219.0,265.3,224.9,264.4
2026-04-18T22:03:50Z,219.1,265.4,226.0,265.5,215.0,261.3,,,221.7,265.7,227.7,266.7,219.2,269.4,227.0,270.5,241.3,282.9,231.3,272.9,219.0,265.3,224.9,264.4
2026-04-18T22:54:51Z,219.1,265.4,226.0,265.5,215.0,261.3,,,221.7,265.7,227.7,266.7,219.2,269.4,227.0,270.5,241.3,282.9,231.3,272.9,219.0,265.3,224.9,264.4
2026-04-18T23:32:35Z,219.1,265.4,226.0,265.5,215.0,261.3,,,221.7,265.7,227.7,266.7,219.2,269.4,227.0,270.5,241.3,282.9,231.3,272.9,219.0,265.3,224.9,264.4
2026-04-19T00:04:59Z,219.1,265.4,226.0,265.5,215.0,261.3,,,221.7,265.7,227.7,266.7,219.2,269.4,227.0,270.5,241.3,282.9,231.3,272.9,219.0,265.3,224.9,264.4
2026-04-19T03:49:31Z,219.1,265.4,226.0,265.5,215.0,261.3,,,221.7,265.7,227.7,266.7,219.2,269.4,227.0,270.5,241.3,282.9,231.3,272.9,219.0,265.3,224.9,264.4
2026-04-19T05:57:11Z,219.1,265.4,226.0,265.5,215.0,261.3,,,221.7,265.7,227.7,266.7,219.2,269.4,227.0,270.5,241.3,282.9,231.3,272.9,219.0,265.3,224.9,264.4
2026-04-19T07:23:49Z,219.1,265.4,226.0,265.5,215.0,261.3,,,221.7,265.7,227.7,266.7,219.2,269.4,227.0,270.5,241.3,282.9,231.3,272.9,219.0,265.3,224.9,264.4
2026-04-19T08:31:42Z,219.1,265.4,226.0,265.5,215.0,261.3,,,221.7,265.7,227.7,266.7,219.2,269.4,227.0,270.5,241.3,282.9,231.3,272.9,219.0,265.3,224.9,264.4
2026-04-19T09:30:45Z,219.1,265.4,226.0,265.5,215.0,261.3,,,221.7,265.7,227.7,266.7,219.2,269.4,227.0,270.5,241.3,282.9,231.3,272.9,219.0,265.3,224.9,264.4
2026-04-19T10:24:00Z,219.1,265.4,226.0,265.5,215.0,261.3,,,221.7,265.7,227.7,266.7,219.2,269.4,227.0,270.5,241.3,282.9,231.3,272.9,219.0,265.3,224.9,264.4
2026-04-19T11:06:06Z,219.1,265.4,226.0,265.5,215.0,261.3,,,221.7,265.7,227.7,266.7,219.2,269.4,227.0,270.5,241.3,282.9,231.3,272.9,219.0,265.3,224.9,264.4
2026-04-19T11:50:17Z,219.1,265.4,226.0,265.5,215.0,261.3,,,221.7,265.7,227.7,266.7,219.2,269.4,227.0,270.5,241.3,282.9,231.3,272.9,219.0,265.3,224.9,264.4
2026-04-19T12:57:11Z,219.1,265.4,226.0,265.5,215.0,261.3,,,221.7,265.7,227.7,266.7,219.2,269.4,227.0,270.5,241.3,282.9,231.3,272.9,219.0,265.3,224.9,264.4
2026-04-19T14:00:22Z,219.1,265.4,226.0,265.5,215.0,261.3,,,221.7,265.7,227.7,266.7,219.2,269.4,227.0,270.5,241.3,282.9,231.3,272.9,219.0,265.3,224.9,264.4
2026-04-19T14:57:55Z,219.1,265.4,226.0,265.5,215.0,261.3,,,221.7,265.7,227.7,266.7,219.2,269.4,227.0,270.5,241.3,282.9,231.3,272.9,219.0,265.3,224.9,264.4
2026-04-19T15:42:04Z,219.1,265.4,226.0,265.5,215.0,261.3,,,221.7,265.7,227.7,266.7,219.2,269.4,227.0,270.5,241.3,282.9,231.3,272.9,219.0,265.3,224.9,264.4
2026-04-19T16:20:45Z,219.1,265.4,226.0,265.5,215.0,261.3,,,221.7,265.7,227.7,266.7,219.2,269.4,227.0,270.5,241.3,282.9,231.3,272.9,219.0,265.3,224.9,264.4
2026-04-19T17:04:15Z,219.1,265.4,226.0,265.5,215.0,261.3,,,221.7,265.7,227.7,266.7,219.2,269.4,227.0,270.5,241.3,282.9,231.3,272.9,219.0,265.3,224.9,264.4
2026-04-19T17:52:58Z,219.1,265.4,226.0,265.5,215.0,261.3,,,221.7,265.7,227.7,266.7,219.2,269.4,227.0,270.5,241.3,282.9,231.3,272.9,219.0,265.3,224.9,264.4
2026-04-19T18:47:03Z,219.1,265.4,226.0,265.5,215.0,261.3,,,221.7,265.7,227.7,266.7,219.2,269.4,227.0,270.5,241.3,282.9,231.3,272.9,219.0,265.3,224.9,264.4
2026-04-19T19:39:38Z,219.1,265.4,226.0,265.5,215.0,261.3,,,221.7,265.7,227.7,266.7,219.2,269.4,227.0,270.5,241.3,282.9,231.3,272.9,219.0,265.3,224.9,264.4
2026-04-19T20:05:49Z,219.1,265.4,226.0,265.5,215.0,261.3,,,221.7,265.7,227.7,266.7,219.2,269.4,227.0,270.5,241.3,282.9,231.3,272.9,219.0,265.3,224.9,264.4
2026-04-19T20:53:56Z,219.1,265.4,226.0,265.5,215.0,261.3,,,221.7,265.7,227.7,266.7,219.2,269.4,227.0,270.5,241.3,282.9,231.3,272.9,219.0,265.3,224.9,264.4
2026-04-19T21:33:32Z,219.1,265.4,226.0,265.5,215.0,261.3,,,221.7,265.7,227.7,266.7,219.2,269.4,227.0,270.5,241.3,282.9,231.3,272.9,219.0,265.3,224.9,264.4
2026-04-19T22:04:40Z,219.1,265.4,226.0,265.5,215.0,261.3,,,221.7,265.7,227.7,266.7,219.2,269.4,227.0,270.5,241.3,282.9,231.3,272.9,219.0,265.3,224.9,264.4
2026-04-19T22:55:38Z,219.1,265.4,226.0,265.5,215.0,261.3,,,221.7,265.7,227.7,266.7,219.2,269.4,227.0,270.5,241.3,282.9,231.3,272.9,219.0,265.3,224.9,264.4
2026-04-19T23:35:00Z,219.1,265.4,226.0,265.5,215.0,261.3,,,221.7,265.7,227.7,266.7,219.2,269.4,227.0,270.5,241.3,282.9,231.3,272.9,219.0,265.3,224.9,264.4
2026-04-20T01:09:35Z,219.1,265.4,226.0,265.5,215.0,261.3,,,221.7,265.7,227.7,266.7,219.2,269.4,227.0,270.5,241.3,282.9,231.3,272.9,219.0,265.3,224.9,264.4
2026-04-20T04:28:58Z,219.1,265.4,226.0,265.5,215.0,261.3,,,221.7,265.7,227.7,266.7,219.2,269.4,227.0,270.5,241.3,282.9,231.3,272.9,219.0,265.3,224.9,264.4
2026-04-20T06:33:07Z,219.1,265.4,226.0,265.5,215.0,261.3,,,221.7,265.7,227.7,266.7,219.2,269.4,227.0,270.5,241.3,282.9,231.3,272.9,219.0,265.3,224.9,264.4
2026-04-20T09:00:37Z,219.1,265.4,226.0,265.5,215.0,261.3,,,221.7,265.7,227.7,266.7,219.2,269.4,227.0,270.5,241.3,282.9,231.3,272.9,219.0,265.3,224.9,264.4
2026-04-20T10:57:28Z,219.1,265.4,226.0,265.5,215.0,261.3,,,221.7,265.7,227.7,266.7,219.2,269.4,227.0,270.5,241.3,282.9,231.3,272.9,219.0,265.3,224.9,264.4
2026-04-20T12:07:25Z,219.1,265.4,226.0,265.5,215.0,261.3,,,221.7,265.7,227.7,266.7,219.2,269.4,227.0,270.5,241.3,282.9,231.3,272.9,219.0,265.3,224.9,264.4
2026-04-20T14:11:07Z,219.1,265.4,226.0,265.5,215.0,261.3,,,221.7,265.7,227.7,266.7,219.2,269.4,227.0,270.5,241.3,282.9,231.3,272.9,219.0,265.3,224.9,264.4
2026-04-20T15:43:52Z,219.1,265.4,226.0,265.5,215.0,261.3,,,221.7,265.7,227.7,266.7,219.2,269.4,227.0,270.5,241.3,282.9,231.3,272.9,219.0,265.3,224.9,264.4
2026-04-20T16:45:56Z,219.1,265.4,226.0,265.5,215.0,261.3,,,221.7,265.7,227.7,266.7,219.2,269.4,227.0,270.5,241.3,282.9,231.3,272.9,219.0,265.3,224.9,264.4
2026-04-20T17:55:34Z,219.1,265.4,226.0,265.5,215.0,261.3,,,221.7,265.7,227.7,266.7,219.2,269.4,227.0,270.5,241.3,282.9,231.3,272.9,219.0,265.3,224.9,264.4
2026-04-20T19:03:45Z,219.1,265.4,226.0,265.5,215.0,261.3,,,221.7,265.7,227.7,266.7,219.2,269.4,227.0,270.5,241.3,282.9,231.3,272.9,219.0,265.3,224.9,264.4
2026-04-20T20:06:55Z,219.1,265.4,226.0,265.5,215.0,261.3,,,221.7,265.7,227.7,266.7,219.2,269.4,227.0,270.5,241.3,282.9,231.3,272.9,219.0,265.3,224.9,264.4
2026-04-20T21:01:02Z,219.1,265.4,226.0,265.5,215.0,261.3,,,221.7,265.7,227.7,266.7,219.2,269.4,227.0,270.5,241.3,282.9,231.3,272.9,219.0,265.3,224.9,264.4
2026-04-20T22:02:26Z,219.1,265.4,226.0,265.5,215.0,261.3,,,221.7,265.7,227.7,266.7,219.2,269.4,227.0,270.5,241.3,282.9,231.3,272.9,219.0,265.3,224.9,264.4
2026-04-20T23:02:35Z,219.1,265.4,226.0,265.5,215.0,261.3,,,221.7,265.7,227.7,266.7,219.2,269.4,227.0,270.5,241.3,282.9,231.3,272.9,219.0,265.3,224.9,264.4
2026-04-20T23:58:19Z,219.1,265.4,226.0,265.5,215.0,261.3,,,221.7,265.7,227.7,266.7,219.2,269.4,227.0,270.5,241.3,282.9,231.3,272.9,219.0,265.3,224.9,264.4
2026-04-21T03:27:17Z,219.1,265.4,226.0,265.5,215.0,261.3,,,221.7,265.7,227.7,266.7,219.2,269.4,227.0,270.5,241.3,282.9,231.3,272.9,219.0,265.3,224.9,264.4
2026-04-21T05:39:23Z,219.1,265.4,226.0,265.5,215.0,261.3,,,221.7,265.7,227.7,266.7,219.2,269.4,227.0,270.5,241.3,282.9,231.3,272.9,219.0,265.3,224.9,264.4
2026-04-21T07:13:57Z,219.1,265.4,226.0,265.5,215.0,261.3,,,221.7,265.7,227.7,266.7,219.2,269.4,227.0,270.5,241.3,282.9,231.3,272.9,219.0,265.3,224.9,264.4
2026-04-21T09:03:59Z,219.1,265.4,226.0,265.5,215.0,261.3,,,221.7,265.7,227.7,266.7,219.2,269.4,227.0,270.5,241.3,282.9,231.3,272.9,219.0,265.3,224.9,264.4
2026-04-21T10:43:35Z,219.1,265.4,226.0,265.5,215.0,261.3,,,221.7,265.7,227.7,266.7,219.2,269.4,227.0,270.5,241.3,282.9,231.3,272.9,219.0,265.3,224.9,264.4
2026-04-21T11:46:11Z,219.1,265.4,226.0,265.5,215.0,261.3,,,222.7,267.7,228.7,268.7,219.2,269.4,227.0,270.5,241.3,282.9,231.3,272.9,219.0,265.3,224.9,264.4
2026-04-21T13:21:47Z,219.1,265.4,226.0,265.5,215.0,261.3,,,222.7,267.7,228.7,268.7,219.2,269.4,227.0,270.5,241.3,282.9,231.3,272.9,219.0,265.3,224.9,264.4
2026-04-21T14:57:03Z,219.1,265.4,226.0,265.5,215.0,261.3,,,222.7,267.7,228.7,268.7,219.2,269.4,227.0,270.5,241.3,282.9,231.3,272.9,219.0,265.3,224.9,264.4
2026-04-21T16:12:05Z,219.1,265.4,226.0,265.5,215.0,261.3,,,222.7,267.7,228.7,268.7,219.2,269.4,227.0,270.5,241.3,282.9,231.3,272.9,219.0,265.3,224.9,264.4
2026-04-21T17:17:14Z,219.1,265.4,226.0,265.5,215.0,261.3,,,222.7,267.7,228.7,268.7,219.2,269.4,227.0,270.5,241.3,282.9,231.3,272.9,219.0,265.3,224.9,264.4
2026-04-21T18:38:10Z,219.1,265.4,226.0,265.5,215.0,261.3,,,222.7,267.7,228.7,268.7,219.2,269.4,227.0,270.5,241.3,282.9,231.3,272.9,219.0,265.3,224.9,264.4
2026-04-21T19:49:31Z,219.1,265.4,226.0,265.5,215.0,261.3,,,222.7,267.7,228.7,268.7,219.2,269.4,227.0,270.5,241.3,282.9,231.3,272.9,219.0,265.3,224.9,264.4
2026-04-21T20:50:39Z,219.1,265.4,226.0,265.5,215.0,261.3,,,222.7,267.7,228.7,268.7,219.2,269.4,227.0,270.5,241.3,282.9,231.3,272.9,219.0,265.3,224.9,264.4
2026-04-21T21:42:51Z,219.1,265.4,226.0,265.5,215.0,261.3,,,222.7,267.7,228.7,268.7,219.2,269.4,227.0,270.5,241.3,282.9,231.3,272.9,219.0,265.3,224.9,264.4
2026-04-21T22:25:42Z,219.1,265.4,226.0,265.5,215.0,261.3,,,222.7,267.7,228.7,268.7,219.2,269.4,227.0,270.5,241.3,282.9,231.3,272.9,219.0,265.3,224.9,264.4
2026-04-21T23:06:30Z,219.1,265.4,226.0,265.5,215.0,261.3,,,222.7,267.7,228.7,268.7,219.2,269.4,227.0,270.5,241.3,282.9,231.3,272.9,219.0,265.3,224.9,264.4
2026-04-21T23:51:13Z,219.1,265.4,226.0,265.5,215.0,261.3,,,222.7,267.7,228.7,268.7,219.2,269.4,227.0,270.5,241.3,282.9,231.3,272.9,219.0,265.3,224.9,264.4
2026-04-22T02:24:35Z,219.1,265.4,226.0,265.5,215.0,261.3,,,222.7,267.7,228.7,268.7,219.2,269.4,227.0,270.5,241.3,282.9,231.3,272.9,219.0,265.3,224.9,264.4
2026-04-22T05:11:25Z,219.1,265.4,226.0,265.5,215.0,261.3,,,222.7,267.7,228.7,268.7,219.2,269.4,227.0,270.5,241.3,282.9,231.3,272.9,219.0,265.3,224.9,264.4
2026-04-22T07:05:07Z,219.1,265.4,226.0,265.5,215.0,261.3,,,222.7,267.7,228.7,268.7,219.2,269.4,227.0,270.5,241.3,282.9,231.3,272.9,219.0,265.3,224.9,264.4
2026-04-22T08:56:58Z,219.1,265.4,226.0,265.5,215.0,261.3,,,222.7,267.7,228.7,268.7,219.2,269.4,227.0,270.5,241.3,282.9,231.3,272.9,219.0,265.3,224.9,264.4
2026-04-22T10:20:04Z,219.1,267.4,226.0,267.5,215.0,261.3,,,222.7,267.7,228.7,268.7,219.2,269.4,227.0,270.5,241.3,282.9,231.3,272.9,219.0,267.3,224.9,266.4
2026-04-22T11:36:55Z,219.1,267.4,226.0,267.5,215.0,261.3,,,222.7,267.7,228.7,268.7,219.2,269.4,227.0,270.5,241.3,282.9,231.3,272.9,219.0,267.3,224.9,266.4
2026-04-22T12:44:51Z,219.1,267.4,226.0,267.5,215.0,261.3,,,222.7,267.7,228.7,268.7,219.2,269.4,227.0,270.5,241.3,282.9,231.3,272.9,219.0,267.3,224.9,266.4
2026-04-22T14:24:14Z,219.1,267.4,226.0,267.5,215.0,261.3,,,222.7,267.7,228.7,268.7,219.2,269.4,227.0,270.5,241.3,282.9,231.3,272.9,219.0,267.3,224.9,266.4
2026-04-22T15:49:19Z,219.1,267.4,226.0,267.5,215.0,261.3,,,222.7,267.7,228.7,268.7,219.2,269.4,227.0,270.5,241.3,282.9,231.3,272.9,219.0,267.3,224.9,266.4
2026-04-22T16:57:13Z,219.1,267.4,226.0,267.5,215.0,261.3,,,222.7,267.7,228.7,268.7,219.2,269.4,227.0,270.5,241.3,282.9,231.3,272.9,219.0,267.3,224.9,266.4
2026-04-22T18:01:57Z,219.1,267.4,226.0,267.5,215.0,261.3,,,222.7,267.7,228.7,268.7,219.2,269.4,227.0,270.5,241.3,282.9,231.3,272.9,219.0,267.3,224.9,266.4
2026-04-22T19:37:53Z,219.1,267.4,226.0,267.5,215.0,261.3,,,222.7,267.7,228.7,268.7,219.2,269.4,227.0,270.5,241.3,282.9,231.3,272.9,219.0,267.3,224.9,266.4
2026-04-22T20:34:46Z,219.1,267.4,226.0,267.5,215.0,261.3,,,222.7,267.7,228.7,268.7,219.2,269.4,227.0,270.5,241.3,282.9,231.3,272.9,219.0,267.3,224.9,266.4
2026-04-22T21:36:08Z,219.1,267.4,226.0,267.5,215.0,261.3,,,222.7,267.7,228.7,268.7,219.2,269.4,227.0,270.5,241.3,282.9,231.3,272.9,219.0,267.3,224.9,266.4
2026-04-22T22:31:09Z,219.1,267.4,226.0,267.5,215.0,261.3,,,222.7,267.7,228.7,268.7,219.2,269.4,227.0,270.5,241.3,282.9,231.3,272.9,219.0,267.3,224.9,266.4
2026-04-22T23:32:18Z,219.1,267.4,226.0,267.5,215.0,261.3,,,222.7,267.7,228.7,268.7,219.2,269.4,227.0,270.5,241.3,282.9,231.3,272.9,219.0,267.3,224.9,266.4
2026-04-23T01:12:59Z,219.1,267.4,226.0,267.5,215.0,261.3,,,222.7,267.7,228.7,268.7,219.2,269.4,227.0,270.5,241.3,282.9,231.3,272.9,219.0,267.3,224.9,266.4
2026-04-23T04:22:57Z,219.1,267.4,226.0,267.5,215.0,261.3,,,222.7,267.7,228.7,268.7,219.2,269.4,227.0,270.5,241.3,282.9,231.3,272.9,219.0,267.3,224.9,266.4
2026-04-23T06:22:36Z,219.1,267.4,226.0,267.5,215.0,261.3,,,222.7,267.7,228.7,268.7,219.2,269.4,227.0,270.5,241.3,282.9,231.3,272.9,219.0,267.3,224.9,266.4
2026-04-23T08:17:57Z,219.1,267.4,226.0,267.5,215.0,261.3,,,222.7,267.7,228.7,268.7,219.2,269.4,227.0,270.5,241.3,282.9,231.3,272.9,219.0,267.3,224.9,266.4
2026-04-23T10:04:18Z,219.1,267.4,226.0,267.5,215.0,261.3,,,222.7,267.7,228.7,268.7,219.2,269.4,227.0,270.5,241.3,282.9,231.3,272.9,219.0,267.3,224.9,266.4
2026-04-23T11:36:08Z,219.1,267.4,226.0,267.5,215.0,261.3,,,222.7,267.7,228.7,268.7,219.2,269.4,227.0,270.5,241.3,282.9,231.3,272.9,219.0,267.3,224.9,266.4
2026-04-23T12:44:18Z,219.1,267.4,226.0,267.5,215.0,261.3,,,222.7,267.7,228.7,268.7,219.2,269.4,227.0,270.5,241.3,282.9,231.3,272.9,219.0,267.3,224.9,266.4
2026-04-23T14:58:31Z,219.1,267.4,226.0,267.5,215.0,261.3,,,222.7,267.7,228.7,268.7,219.2,269.4,227.0,270.5,241.3,282.9,231.3,272.9,219.0,267.3,224.9,266.4
2026-04-23T16:47:03Z,219.1,267.4,226.0,267.5,215.0,261.3,,,222.7,267.7,228.7,268.7,219.2,269.4,227.0,270.5,241.3,282.9,231.3,272.9,219.0,267.3,224.9,266.4
2026-04-23T18:03:52Z,219.1,267.4,226.0,267.5,215.0,261.3,,,222.7,267.7,228.7,268.7,219.2,269.4,227.0,270.5,241.3,282.9,231.3,272.9,219.0,267.3,224.9,266.4
2026-04-23T19:40:47Z,219.1,267.4,226.0,267.5,215.0,261.3,,,222.7,267.7,228.7,268.7,219.2,269.4,227.0,270.5,241.3,282.9,231.3,272.9,219.0,267.3,224.9,266.4
2026-04-23T20:38:31Z,219.1,267.4,226.0,267.5,215.0,261.3,,,222.7,267.7,228.7,268.7,219.2,269.4,227.0,270.5,241.3,282.9,231.3,272.9,219.0,267.3,224.9,266.4
2026-04-23T21:29:31Z,219.1,267.4,226.0,267.5,215.0,261.3,,,222.7,267.7,228.7,268.7,219.2,269.4,227.0,270.5,241.3,282.9,231.3,272.9,219.0,267.3,224.9,266.4
2026-04-23T22:10:38Z,219.1,267.4,226.0,267.5,215.0,261.3,,,222.7,267.7,228.7,268.7,219.2,269.4,227.0,270.5,241.3,282.9,231.3,272.9,219.0,267.3,224.9,266.4
2026-04-23T23:06:24Z,219.1,267.4,226.0,267.5,215.0,261.3,,,222.7,267.7,228.7,268.7,219.2,269.4,227.0,270.5,241.3,282.9,231.3,272.9,219.0,267.3,224.9,266.4
2026-04-24T00:02:33Z,219.1,267.4,226.0,267.5,215.0,261.3,,,222.7,267.7,228.7,268.7,219.2,269.4,227.0,270.5,241.3,282.9,231.3,272.9,219.0,267.3,224.9,266.4
2026-04-24T03:50:02Z,219.1,267.4,226.0,267.5,215.0,261.3,,,222.7,267.7,228.7,268.7,219.2,269.4,227.0,270.5,241.3,282.9,231.3,272.9,219.0,267.3,224.9,266.4
2026-04-24T06:06:23Z,219.1,267.4,226.0,267.5,215.0,261.3,,,222.7,267.7,228.7,268.7,219.2,269.4,227.0,270.5,241.3,282.9,231.3,272.9,219.0,267.3,224.9,266.4
2026-04-24T08:22:08Z,219.1,267.4,226.0,267.5,215.0,261.3,,,222.7,267.7,228.7,268.7,219.2,269.4,227.0,270.5,241.3,282.9,231.3,272.9,219.0,267.3,224.9,266.4
2026-04-24T10:02:42Z,219.1,267.4,226.0,267.5,215.0,261.3,,,222.7,267.7,228.7,268.7,219.2,269.4,227.0,270.5,241.3,282.9,231.3,272.9,219.0,267.3,224.9,266.4
2026-04-24T11:33:23Z,219.1,267.4,226.0,267.5,215.0,261.3,,,222.7,267.7,228.7,268.7,219.2,269.4,227.0,270.5,241.3,282.9,231.3,272.9,219.0,267.3,224.9,266.4
2026-04-24T12:42:41Z,219.1,267.4,226.0,267.5,215.0,261.3,,,222.7,267.7,228.7,268.7,219.2,269.4,227.0,270.5,241.3,282.9,231.3,272.9,219.0,267.3,224.9,266.4
2026-04-24T14:19:57Z,219.1,267.4,226.0,267.5,215.0,261.3,,,222.7,270.7,228.7,271.7,219.2,269.4,227.0,270.5,241.3,282.9,231.3,272.9,219.0,267.3,224.9,266.4
2026-04-24T15:45:39Z,219.1,269.4,226.0,269.5,215.0,261.3,,,222.7,270.7,228.7,271.7,219.2,269.4,227.0,270.5,241.3,282.9,231.3,272.9,219.0,269.3,224.9,268.4
2026-04-24T16:53:08Z,219.1,269.4,226.0,269.5,215.0,261.3,,,222.7,270.7,228.7,271.7,220.2,270.4,228.0,271.5,242.3,283.9,232.3,273.9,219.0,269.3,224.9,268.4
2026-04-24T17:48:22Z,219.1,269.4,226.0,269.5,215.0,261.3,,,222.7,270.7,228.7,271.7,220.2,270.4,228.0,271.5,242.3,283.9,232.3,273.9,219.0,269.3,224.9,268.4
2026-04-24T18:47:34Z,219.1,269.4,226.0,269.5,215.0,261.3,,,222.7,270.7,228.7,271.7,220.2,270.4,228.0,271.5,242.3,283.9,232.3,273.9,219.0,269.3,224.9,268.4
2026-04-24T19:50:25Z,219.1,269.4,226.0,269.5,215.0,261.3,,,222.7,270.7,228.7,271.7,220.2,270.4,228.0,271.5,242.3,283.9,232.3,273.9,219.0,269.3,224.9,268.4
2026-04-24T20:43:41Z,219.1,269.4,226.0,269.5,215.0,261.3,,,222.7,270.7,228.7,271.7,220.2,270.4,228.0,271.5,242.3,283.9,232.3,273.9,219.0,269.3,224.9,268.4
2026-04-24T21:34:12Z,219.1,269.4,226.0,269.5,215.0,261.3,,,222.7,270.7,228.7,271.7,220.2,270.4,228.0,271.5,242.3,283.9,232.3,273.9,219.0,269.3,224.9,268.4
2026-04-24T22:26:45Z,219.1,269.4,226.0,269.5,215.0,261.3,,,222.7,270.7,228.7,271.7,220.2,270.4,228.0,271.5,242.3,283.9,232.3,273.9,219.0,269.3,224.9,268.4
2026-04-24T23:07:59Z,219.1,269.4,226.0,269.5,215.0,261.3,,,222.7,270.7,228.7,271.7,220.2,270.4,228.0,271.5,242.3,283.9,232.3,273.9,219.0,269.3,224.9,268.4
2026-04-24T23:55:10Z,219.1,269.4,226.0,269.5,215.0,261.3,,,222.7,270.7,228.7,271.7,220.2,270.4,228.0,271.5,242.3,283.9,232.3,273.9,219.0,269.3,224.9,268.4
2026-04-25T02:10:50Z,219.1,269.4,226.0,269.5,215.0,261.3,,,222.7,270.7,228.7,271.7,220.2,270.4,228.0,271.5,242.3,283.9,232.3,273.9,219.0,269.3,224.9,268.4
2026-04-25T04:44:13Z,219.1,269.4,226.0,269.5,215.0,261.3,,,222.7,270.7,228.7,271.7,220.2,270.4,228.0,271.5,242.3,283.9,232.3,273.9,219.0,269.3,224.9,268.4
2026-04-25T06:11:30Z,219.1,269.4,226.0,269.5,215.0,261.3,,,222.7,270.7,228.7,271.7,220.2,270.4,228.0,271.5,242.3,283.9,232.3,273.9,219.0,269.3,224.9,268.4
2026-04-25T07:45:41Z,219.1,269.4,226.0,269.5,215.0,261.3,,,222.7,270.7,228.7,271.7,220.2,270.4,228.0,271.5,242.3,283.9,232.3,273.9,219.0,269.3,224.9,268.4
2026-04-25T08:50:23Z,219.1,269.4,226.0,269.5,215.0,261.3,,,222.7,270.7,228.7,271.7,220.2,270.4,228.0,271.5,242.3,283.9,232.3,273.9,219.0,269.3,224.9,268.4
2026-04-25T09:50:58Z,219.1,269.4,226.0,269.5,215.0,261.3,,,222.7,270.7,228.7,271.7,220.2,270.4,228.0,271.5,242.3,283.9,232.3,273.9,219.0,269.3,224.9,268.4
2026-04-25T10:41:19Z,219.1,269.4,226.0,269.5,215.0,261.3,,,222.7,270.7,228.7,271.7,220.2,270.4,228.0,271.5,242.3,283.9,232.3,273.9,219.0,269.3,224.9,268.4
2026-04-25T11:25:34Z,219.1,269.4,226.0,269.5,215.0,261.3,,,222.7,270.7,228.7,271.7,220.2,270.4,228.0,271.5,242.3,283.9,232.3,273.9,219.0,269.3,224.9,268.4
2026-04-25T12:01:22Z,219.1,269.4,226.0,269.5,215.0,261.3,,,222.7,270.7,228.7,271.7,220.2,270.4,228.0,271.5,242.3,283.9,232.3,273.9,219.0,269.3,224.9,268.4
2026-04-25T13:39:13Z,219.1,269.4,226.0,269.5,215.0,261.3,,,222.7,270.7,228.7,271.7,220.2,270.4,228.0,271.5,242.3,283.9,232.3,273.9,219.0,269.3,224.9,268.4
2026-04-25T14:28:14Z,219.1,269.4,226.0,269.5,215.0,261.3,,,222.7,270.7,228.7,271.7,220.2,270.4,228.0,271.5,242.3,283.9,232.3,273.9,219.0,269.3,224.9,268.4
2026-04-25T15:10:03Z,219.1,269.4,226.0,269.5,215.0,261.3,,,222.7,270.7,228.7,271.7,220.2,270.4,228.0,271.5,242.3,283.9,232.3,273.9,219.0,269.3,224.9,268.4
2026-04-25T15:55:23Z,219.1,269.4,226.0,269.5,215.0,263.3,,,222.7,270.7,228.7,271.7,220.2,270.4,228.0,271.5,242.3,283.9,232.3,273.9,219.0,269.3,224.9,268.4
2026-04-25T16:39:07Z,219.1,269.4,226.0,269.5,215.0,263.3,,,222.7,270.7,228.7,271.7,220.2,270.4,228.0,271.5,242.3,283.9,232.3,273.9,219.0,269.3,224.9,268.4
2026-04-25T17:24:12Z,219.1,269.4,226.0,269.5,215.0,263.3,,,222.7,270.7,228.7,271.7,220.2,270.4,228.0,271.5,242.3,283.9,232.3,273.9,219.0,269.3,224.9,268.4
2026-04-25T18:03:32Z,219.1,269.4,226.0,269.5,215.0,263.3,,,222.7,270.7,228.7,271.7,220.2,270.4,228.0,271.5,242.3,283.9,232.3,273.9,219.0,269.3,224.9,268.4
2026-04-25T19:11:04Z,219.1,269.4,226.0,269.5,215.0,263.3,,,222.7,270.7,228.7,271.7,220.2,270.4,228.0,271.5,242.3,283.9,232.3,273.9,219.0,269.3,224.9,268.4
2026-04-25T19:54:45Z,219.1,269.4,226.0,269.5,215.0,263.3,,,222.7,270.7,228.7,271.7,220.2,270.4,228.0,271.5,242.3,283.9,232.3,273.9,219.0,269.3,224.9,268.4
2026-04-25T20:36:28Z,219.1,269.4,226.0,269.5,215.0,263.3,,,222.7,270.7,228.7,271.7,220.2,270.4,228.0,271.5,242.3,283.9,232.3,273.9,219.0,269.3,224.9,268.4
2026-04-25T21:21:13Z,219.1,269.4,226.0,269.5,215.0,263.3,,,222.7,270.7,228.7,271.7,220.2,270.4,228.0,271.5,242.3,283.9,232.3,273.9,219.0,269.3,224.9,268.4
2026-04-25T22:00:05Z,219.1,269.4,226.0,269.5,215.0,263.3,,,222.7,270.7,228.7,271.7,220.2,270.4,228.0,271.5,242.3,283.9,232.3,273.9,219.0,269.3,224.9,268.4
2026-04-25T22:50:09Z,219.1,269.4,226.0,269.5,215.0,263.3,,,222.7,270.7,228.7,271.7,220.2,270.4,228.0,271.5,242.3,283.9,232.3,273.9,219.0,269.3,224.9,268.4
2026-04-25T23:35:56Z,219.1,269.4,226.0,269.5,215.0,263.3,,,222.7,270.7,228.7,271.7,220.2,270.4,228.0,271.5,242.3,283.9,232.3,273.9,219.0,269.3,224.9,268.4
2026-04-26T01:13:20Z,219.1,269.4,226.0,269.5,215.0,263.3,,,222.7,270.7,228.7,271.7,220.2,270.4,228.0,271.5,242.3,283.9,232.3,273.9,219.0,269.3,224.9,268.4
2026-04-26T04:31:45Z,219.1,269.4,226.0,269.5,215.0,263.3,,,222.7,270.7,228.7,271.7,220.2,270.4,228.0,271.5,242.3,283.9,232.3,273.9,219.0,269.3,224.9,268.4
2026-04-26T06:29:03Z,219.1,269.4,226.0,269.5,215.0,263.3,,,222.7,270.7,228.7,271.7,220.2,270.4,228.0,271.5,242.3,283.9,232.3,273.9,219.0,269.3,224.9,268.4
2026-04-26T08:05:05Z,219.1,269.4,226.0,269.5,215.0,263.3,,,222.7,270.7,228.7,271.7,220.2,270.4,228.0,271.5,242.3,283.9,232.3,273.9,219.0,269.3,224.9,268.4
2026-04-26T09:14:15Z,219.1,269.4,226.0,269.5,215.0,263.3,,,222.7,270.7,228.7,271.7,220.2,270.4,228.0,271.5,242.3,283.9,232.3,273.9,219.0,269.3,224.9,268.4
2026-04-26T10:09:08Z,219.1,269.4,226.0,269.5,215.0,263.3,,,222.7,270.7,228.7,271.7,220.2,270.4,228.0,271.5,242.3,283.9,232.3,273.9,219.0,269.3,224.9,268.4
2026-04-26T11:03:13Z,219.1,269.4,226.0,269.5,215.0,263.3,,,222.7,270.7,228.7,271.7,220.2,270.4,228.0,271.5,242.3,283.9,232.3,273.9,219.0,269.3,224.9,268.4
2026-04-26T11:55:28Z,219.1,269.4,226.0,269.5,215.0,263.3,,,222.7,270.7,228.7,271.7,220.2,270.4,228.0,271.5,242.3,283.9,232.3,273.9,219.0,269.3,224.9,268.4
2026-04-26T13:04:08Z,219.1,269.4,226.0,269.5,215.0,263.3,,,222.7,270.7,228.7,271.7,220.2,270.4,228.0,271.5,242.3,283.9,232.3,273.9,219.0,269.3,224.9,268.4
2026-04-26T14:09:26Z,219.1,269.4,226.0,269.5,215.0,263.3,,,222.7,270.7,228.7,271.7,220.2,270.4,228.0,271.5,242.3,283.9,232.3,273.9,219.0,269.3,224.9,268.4
2026-04-26T15:01:29Z,219.1,269.4,226.0,269.5,215.0,263.3,,,222.7,270.7,228.7,271.7,220.2,270.4,228.0,271.5,242.3,283.9,232.3,273.9,219.0,269.3,224.9,268.4
2026-04-26T15:57:15Z,219.1,269.4,226.0,269.5,215.0,263.3,,,222.7,270.7,228.7,271.7,220.2,270.4,228.0,271.5,242.3,283.9,232.3,273.9,219.0,269.3,224.9,268.4
2026-04-26T16:50:15Z,219.1,269.4,226.0,269.5,215.0,263.3,,,222.7,270.7,228.7,271.7,220.2,270.4,228.0,271.5,242.3,283.9,232.3,273.9,219.0,269.3,224.9,268.4
2026-04-26T17:36:18Z,219.1,269.4,226.0,269.5,215.0,263.3,,,222.7,270.7,228.7,271.7,220.2,270.4,228.0,271.5,242.3,283.9,232.3,273.9,219.0,269.3,224.9,268.4
2026-04-26T18:28:05Z,219.1,269.4,226.0,269.5,215.0,263.3,,,222.7,270.7,228.7,271.7,220.2,270.4,228.0,271.5,242.3,283.9,232.3,273.9,219.0,269.3,224.9,268.4
2026-04-26T19:29:15Z,219.1,269.4,226.0,269.5,215.0,263.3,,,222.7,270.7,228.7,271.7,220.2,270.4,228.0,271.5,242.3,283.9,232.3,273.9,219.0,269.3,224.9,268.4
2026-04-26T20:03:57Z,219.1,269.4,226.0,269.5,215.0,263.3,,,222.7,270.7,228.7,271.7,220.2,270.4,228.0,271.5,242.3,283.9,232.3,273.9,219.0,269.3,224.9,268.4
2026-04-26T20:57:37Z,219.1,269.4,226.0,269.5,215.0,263.3,,,222.7,270.7,228.7,271.7,220.2,270.4,228.0,271.5,242.3,283.9,232.3,273.9,219.0,269.3,224.9,268.4
2026-04-26T21:42:26Z,219.1,269.4,226.0,269.5,215.0,263.3,,,222.7,270.7,228.7,271.7,220.2,270.4,228.0,271.5,242.3,283.9,232.3,273.9,219.0,269.3,224.9,268.4
2026-04-26T22:21:03Z,219.1,269.4,226.0,269.5,215.0,263.3,,,222.7,270.7,228.7,271.7,220.2,270.4,228.0,271.5,242.3,283.9,232.3,273.9,219.0,269.3,224.9,268.4
2026-04-26T23:05:45Z,219.1,269.4,226.0,269.5,215.0,263.3,,,222.7,270.7,228.7,271.7,220.2,270.4,228.0,271.5,242.3,283.9,232.3,273.9,219.0,269.3,224.9,268.4
2026-04-26T23:55:55Z,219.1,269.4,226.0,269.5,215.0,263.3,,,222.7,270.7,228.7,271.7,220.2,270.4,228.0,271.5,242.3,283.9,232.3,273.9,219.0,269.3,224.9,268.4
2026-04-27T02:45:36Z,219.1,269.4,226.0,269.5,215.0,263.3,,,222.7,270.7,228.7,271.7,220.2,270.4,228.0,271.5,242.3,283.9,232.3,273.9,219.0,269.3,224.9,268.4
2026-04-27T05:52:08Z,219.1,269.4,226.0,269.5,215.0,263.3,,,222.7,270.7,228.7,271.7,220.2,270.4,228.0,271.5,242.3,283.9,232.3,273.9,219.0,269.3,224.9,268.4
2026-04-27T08:20:33Z,219.1,269.4,226.0,269.5,215.0,263.3,,,222.7,270.7,228.7,271.7,220.2,270.4,228.0,271.5,242.3,283.9,232.3,273.9,219.0,269.3,224.9,268.4
2026-04-27T10:30:09Z,220.1,270.4,227.0,270.5,215.0,263.3,,,222.7,270.7,228.7,271.7,220.2,270.4,228.0,271.5,242.3,283.9,232.3,273.9,220.0,270.3,225.9,269.4
2026-04-27T12:09:23Z,220.1,270.4,227.0,270.5,215.0,263.3,,,222.7,270.7,228.7,271.7,220.2,270.4,228.0,271.5,242.3,283.9,232.3,273.9,220.0,270.3,225.9,269.4
2026-04-27T14:25:54Z,220.1,270.4,227.0,270.5,215.0,263.3,,,222.7,270.7,228.7,271.7,220.2,270.4,228.0,271.5,242.3,283.9,232.3,273.9,220.0,270.3,225.9,269.4
2026-04-27T16:07:12Z,220.1,270.4,227.0,270.5,215.0,263.3,,,224.7,270.7,230.7,271.7,220.2,270.4,228.0,271.5,242.3,283.9,232.3,273.9,220.0,270.3,225.9,269.4
2026-04-27T17:40:53Z,220.1,270.4,227.0,270.5,215.0,263.3,,,224.7,270.7,230.7,271.7,220.2,270.4,228.0,271.5,242.3,283.9,232.3,273.9,220.0,270.3,225.9,269.4
2026-04-27T18:56:06Z,220.1,270.4,227.0,270.5,215.0,263.3,,,224.7,270.7,230.7,271.7,220.2,270.4,228.0,271.5,242.3,283.9,232.3,273.9,220.0,270.3,225.9,269.4
2026-04-27T20:07:49Z,220.1,270.4,227.0,270.5,215.0,263.3,,,224.7,270.7,230.7,271.7,220.2,270.4,228.0,271.5,242.3,283.9,232.3,273.9,220.0,270.3,225.9,269.4
2026-04-27T21:16:26Z,220.1,270.4,227.0,270.5,215.0,263.3,,,224.7,270.7,230.7,271.7,220.2,270.4,228.0,271.5,242.3,283.9,232.3,273.9,220.0,270.3,225.9,269.4
2026-04-27T22:12:22Z,220.1,270.4,227.0,270.5,215.0,263.3,,,224.7,270.7,230.7,271.7,220.2,270.4,228.0,271.5,242.3,283.9,232.3,273.9,220.0,270.3,225.9,269.4
2026-04-27T23:11:29Z,220.1,270.4,227.0,270.5,215.0,263.3,,,224.7,270.7,230.7,271.7,220.2,270.4,228.0,271.5,242.3,283.9,232.3,273.9,220.0,270.3,225.9,269.4
2026-04-28T00:06:20Z,220.1,270.4,227.0,270.5,215.0,263.3,,,224.7,270.7,230.7,271.7,220.2,270.4,228.0,271.5,242.3,283.9,232.3,273.9,220.0,270.3,225.9,269.4
2026-04-28T04:05:22Z,220.1,270.4,227.0,270.5,215.0,263.3,,,224.7,270.7,230.7,271.7,220.2,270.4,228.0,271.5,242.3,283.9,232.3,273.9,220.0,270.3,225.9,269.4
2026-04-28T06:43:51Z,220.1,270.4,227.0,270.5,215.0,263.3,,,224.7,270.7,230.7,271.7,220.2,270.4,228.0,271.5,242.3,283.9,232.3,273.9,220.0,270.3,225.9,269.4
2026-04-28T09:10:02Z,220.1,270.4,227.0,270.5,215.0,263.3,,,224.7,270.7,230.7,271.7,220.2,270.4,228.0,271.5,242.3,283.9,232.3,273.9,220.0,270.3,225.9,269.4
2026-04-28T11:16:41Z,220.1,270.4,227.0,270.5,215.0,263.3,,,224.7,270.7,230.7,271.7,220.2,270.4,228.0,271.5,242.3,283.9,232.3,273.9,220.0,270.3,225.9,269.4
2026-04-28T13:10:28Z,223.1,270.4,230.0,270.5,215.0,263.3,,,224.7,270.7,230.7,271.7,223.2,273.4,231.0,274.5,245.3,286.9,235.3,276.9,220.0,270.3,225.9,269.4
2026-04-28T15:37:16Z,223.1,270.4,230.0,270.5,215.0,263.3,,,224.7,270.7,230.7,271.7,223.2,273.4,231.0,274.5,245.3,286.9,235.3,276.9,223.0,270.3,228.9,269.4
2026-04-28T17:20:31Z,223.1,270.4,230.0,270.5,215.0,263.3,,,224.7,270.7,230.7,271.7,223.2,273.4,231.0,274.5,245.3,286.9,235.3,276.9,223.0,270.3,228.9,269.4
2026-04-28T19:05:50Z,223.1,270.4,230.0,270.5,215.0,263.3,,,224.7,270.7,230.7,271.7,223.2,273.4,231.0,274.5,245.3,286.9,235.3,276.9,223.0,270.3,228.9,269.4
2026-04-28T20:39:57Z,223.1,270.4,230.0,270.5,215.0,263.3,,,224.7,270.7,230.7,271.7,223.2,273.4,231.0,274.5,245.3,286.9,235.3,276.9,223.0,270.3,228.9,269.4
2026-04-28T21:42:04Z,223.1,270.4,230.0,270.5,215.0,263.3,,,224.7,270.7,230.7,271.7,223.2,273.4,231.0,274.5,245.3,286.9,235.3,276.9,223.0,270.3,228.9,269.4
2026-04-28T22:39:10Z,223.1,270.4,230.0,270.5,215.0,263.3,,,224.7,270.7,230.7,271.7,223.2,273.4,231.0,274.5,245.3,286.9,235.3,276.9,223.0,270.3,228.9,269.4
2026-04-28T23:37:04Z,223.1,270.4,230.0,270.5,215.0,263.3,,,224.7,270.7,230.7,271.7,223.2,273.4,231.0,274.5,245.3,286.9,235.3,276.9,223.0,270.3,228.9,269.4
2026-04-29T01:23:39Z,223.1,270.4,230.0,270.5,215.0,263.3,,,224.7,270.7,230.7,271.7,223.2,273.4,231.0,274.5,245.3,286.9,235.3,276.9,223.0,270.3,228.9,269.4
2026-04-29T04:50:14Z,223.1,270.4,230.0,270.5,215.0,263.3,,,224.7,270.7,230.7,271.7,223.2,273.4,231.0,274.5,245.3,286.9,235.3,276.9,223.0,270.3,228.9,269.4
2026-04-29T07:21:44Z,223.1,270.4,230.0,270.5,215.0,263.3,,,224.7,270.7,230.7,271.7,223.2,273.4,231.0,274.5,245.3,286.9,235.3,276.9,223.0,270.3,228.9,269.4
2026-04-29T09:32:28Z,223.1,270.4,230.0,270.5,215.0,263.3,,,224.7,270.7,230.7,271.7,223.2,273.4,231.0,274.5,245.3,286.9,235.3,276.9,223.0,270.3,228.9,269.4
2026-04-29T11:18:36Z,223.1,273.4,230.0,273.5,215.0,263.3,,,226.7,273.7,232.7,274.7,223.2,273.4,231.0,274.5,245.3,286.9,235.3,276.9,223.0,273.3,228.9,272.4
2026-04-29T13:06:40Z,223.1,273.4,230.0,273.5,215.0,263.3,,,226.7,273.7,232.7,274.7,226.2,273.4,234.0,274.5,248.3,286.9,238.3,276.9,223.0,273.3,228.9,272.4
2026-04-29T15:26:55Z,223.1,273.4,230.0,273.5,215.0,263.3,,,226.7,273.7,232.7,274.7,226.2,273.4,234.0,274.5,248.3,286.9,238.3,276.9,223.0,273.3,228.9,272.4
2026-04-29T17:04:23Z,226.1,273.4,233.0,273.5,215.0,263.3,,,226.7,273.7,232.7,274.7,226.2,273.4,234.0,274.5,248.3,286.9,238.3,276.9,226.0,273.3,231.9,272.4
2026-04-29T18:46:51Z,226.1,273.4,233.0,273.5,215.0,263.3,,,226.7,273.7,232.7,274.7,226.2,273.4,234.0,274.5,248.3,286.9,238.3,276.9,226.0,273.3,231.9,272.4
2026-04-29T20:08:15Z,226.1,273.4,233.0,273.5,215.0,263.3,,,226.7,273.7,232.7,274.7,226.2,273.4,234.0,274.5,248.3,286.9,238.3,276.9,226.0,273.3,231.9,272.4
2026-04-29T21:18:11Z,226.1,273.4,233.0,273.5,215.0,263.3,,,226.7,273.7,232.7,274.7,226.2,273.4,234.0,274.5,248.3,286.9,238.3,276.9,226.0,273.3,231.9,272.4
2026-04-29T22:29:18Z,226.1,273.4,233.0,273.5,215.0,263.3,,,226.7,273.7,232.7,274.7,226.2,273.4,234.0,274.5,248.3,286.9,238.3,276.9,226.0,273.3,231.9,272.4
2026-04-29T23:29:02Z,226.1,273.4,233.0,273.5,215.0,263.3,,,226.7,273.7,232.7,274.7,226.2,273.4,234.0,274.5,248.3,286.9,238.3,276.9,226.0,273.3,231.9,272.4
2026-04-30T01:16:54Z,226.1,273.4,233.0,273.5,215.0,263.3,,,226.7,273.7,232.7,274.7,226.2,273.4,234.0,274.5,248.3,286.9,238.3,276.9,226.0,273.3,231.9,272.4
2026-04-30T04:53:50Z,226.1,273.4,233.0,273.5,215.0,263.3,,,226.7,273.7,232.7,274.7,226.2,273.4,234.0,274.5,248.3,286.9,238.3,276.9,226.0,273.3,231.9,272.4
2026-04-30T07:26:26Z,226.1,273.4,233.0,273.5,215.0,263.3,,,226.7,273.7,232.7,274.7,226.2,273.4,234.0,274.5,248.3,286.9,238.3,276.9,226.0,273.3,231.9,272.4
2026-04-30T09:34:05Z,226.1,273.4,233.0,273.5,215.0,263.3,,,226.7,273.7,232.7,274.7,226.2,273.4,234.0,274.5,248.3,286.9,238.3,276.9,226.0,273.3,231.9,272.4
2026-04-30T11:19:14Z,226.1,273.4,233.0,273.5,215.0,263.3,,,226.7,273.7,232.7,274.7,226.2,273.4,234.0,274.5,248.3,286.9,238.3,276.9,226.0,273.3,231.9,272.4
2026-04-30T13:04:25Z,226.1,273.4,233.0,273.5,215.0,263.3,,,226.7,273.7,232.7,274.7,226.2,273.4,234.0,274.5,248.3,286.9,238.3,276.9,226.0,273.3,231.9,272.4
2026-04-30T15:21:52Z,226.1,273.4,233.0,273.5,215.0,263.3,,,226.7,273.7,232.7,274.7,226.2,273.4,234.0,274.5,248.3,286.9,238.3,276.9,226.0,273.3,231.9,272.4
2026-04-30T16:55:35Z,226.1,273.4,233.0,273.5,215.0,263.3,,,226.7,273.7,232.7,274.7,226.2,273.4,234.0,274.5,248.3,286.9,238.3,276.9,226.0,273.3,231.9,272.4
2026-04-30T18:08:45Z,226.1,273.4,233.0,273.5,215.0,263.3,,,226.7,273.7,232.7,274.7,226.2,273.4,234.0,274.5,248.3,286.9,238.3,276.9,226.0,273.3,231.9,272.4
2026-04-30T19:49:20Z,226.1,273.4,233.0,273.5,215.0,263.3,,,226.7,273.7,232.7,274.7,226.2,273.4,234.0,274.5,248.3,286.9,238.3,276.9,226.0,273.3,231.9,272.4
2026-04-30T20:57:58Z,226.1,273.4,233.0,273.5,215.0,263.3,,,226.7,273.7,232.7,274.7,226.2,273.4,234.0,274.5,248.3,286.9,238.3,276.9,226.0,273.3,231.9,272.4
2026-04-30T22:00:07Z,226.1,273.4,233.0,273.5,215.0,263.3,,,226.7,273.7,232.7,274.7,226.2,273.4,234.0,274.5,248.3,286.9,238.3,276.9,226.0,273.3,231.9,272.4
2026-04-30T23:01:14Z,226.1,273.4,233.0,273.5,215.0,263.3,,,226.7,273.7,232.7,274.7,226.2,273.4,234.0,274.5,248.3,286.9,238.3,276.9,202.3,244.6,206.3,242.6
2026-05-01T00:04:45Z,202.4,244.8,207.5,243.7,215.0,263.3,,,202.9,244.9,206.9,243.9,226.2,273.4,234.0,274.5,248.3,286.9,238.3,276.9,202.3,244.6,206.3,242.6
2026-05-01T04:16:25Z,202.4,244.7,206.3,242.6,215.0,263.3,,,202.9,244.9,206.9,243.9,202.5,244.7,207.3,243.6,221.3,255.6,211.3,245.6,202.3,244.6,205.2,241.5
2026-05-01T07:11:54Z,202.4,244.7,206.3,242.6,215.0,263.3,,,202.9,244.9,206.9,243.9,202.5,244.7,207.3,243.6,221.3,255.6,211.3,245.6,202.3,244.6,205.2,241.5
2026-05-01T09:10:27Z,202.4,244.7,206.3,242.6,215.0,263.3,,,202.9,244.9,206.9,243.9,202.5,244.7,207.3,243.6,221.3,255.6,211.3,245.6,202.3,244.6,205.2,241.5
2026-05-01T10:42:44Z,202.4,244.7,206.3,242.6,215.0,263.3,,,202.9,244.9,206.9,243.9,202.5,244.7,207.3,243.6,220.9,254.3,210.9,244.3,202.3,244.6,205.2,241.5
2026-05-01T11:43:43Z,202.4,244.7,206.3,242.6,215.0,263.3,,,202.9,244.9,206.9,243.9,202.5,244.7,207.3,243.6,220.9,254.3,210.9,244.3,202.3,244.6,205.2,241.5
2026-05-01T12:42:11Z,202.4,244.7,206.3,242.6,215.0,263.3,,,202.9,244.9,206.9,243.9,202.5,244.7,207.3,243.6,220.9,254.3,210.9,244.3,202.3,244.6,205.2,241.5
2026-05-01T14:06:57Z,202.4,244.7,206.3,242.6,215.0,263.3,,,202.9,244.9,206.9,243.9,202.5,244.7,207.3,243.6,220.9,254.3,210.9,244.3,202.3,244.6,205.2,241.5
2026-05-01T15:15:02Z,202.4,244.7,206.3,242.6,215.0,263.3,,,202.9,244.9,206.9,243.9,202.5,244.7,207.3,243.6,220.9,254.3,210.9,244.3,202.3,244.6,205.2,241.5
2026-05-01T16:13:05Z,202.4,244.7,206.3,242.6,215.0,263.3,,,202.9,244.9,206.9,243.9,202.5,244.7,207.3,243.6,220.9,254.3,210.9,244.3,202.3,244.6,205.2,241.5
2026-05-01T17:14:33Z,202.4,244.7,206.3,242.6,215.0,263.3,,,202.9,244.9,206.9,243.9,202.5,244.7,207.3,243.6,220.9,254.3,210.9,244.3,202.3,244.6,205.2,241.5
2026-05-01T18:13:05Z,202.4,244.7,206.3,242.6,198.5,240.6,,,202.9,244.9,206.9,243.9,202.5,244.7,207.3,243.6,220.9,254.3,210.9,244.3,202.3,244.6,205.2,241.5
2026-05-01T19:40:15Z,202.4,244.7,206.3,242.6,198.3,240.6,,,202.9,244.9,206.9,243.9,202.5,244.7,207.3,243.6,220.9,254.3,210.9,244.3,202.3,244.6,205.2,241.5
2026-05-01T20:33:27Z,202.4,244.7,206.3,242.6,198.3,240.6,,,202.9,244.9,206.9,243.9,202.5,244.7,207.3,243.6,220.9,254.3,210.9,244.3,202.3,244.6,205.2,241.5
2026-05-01T21:37:23Z,202.4,244.7,206.3,242.6,198.3,240.6,,,202.9,244.9,206.9,243.9,202.5,244.7,207.3,243.6,220.9,254.3,210.9,244.3,202.3,244.6,205.2,241.5
2026-05-01T22:34:56Z,202.4,244.7,206.3,242.6,198.3,240.6,,,202.9,244.9,206.9,243.9,202.5,244.7,207.3,243.6,220.9,254.3,210.9,244.3,202.3,244.6,205.2,241.5
2026-05-01T23:36:26Z,202.4,244.7,206.3,242.6,198.3,240.6,,,202.9,244.9,206.9,243.9,202.5,244.7,207.3,243.6,220.9,254.3,210.9,244.3,202.3,244.6,205.2,241.5
2026-05-02T01:18:08Z,202.4,244.7,206.3,242.6,198.3,240.6,,,202.9,244.9,206.9,243.9,202.5,244.7,207.3,243.6,220.9,254.3,210.9,244.3,202.3,244.6,205.2,241.5
2026-05-02T04:38:45Z,202.4,244.7,206.3,242.6,198.3,240.6,,,202.9,244.9,206.9,243.9,202.5,244.7,207.3,243.6,220.9,254.3,210.9,244.3,202.3,244.6,205.2,241.5
2026-05-02T06:30:05Z,202.4,244.7,206.3,242.6,198.3,240.6,,,202.9,244.9,206.9,243.9,202.5,244.7,207.3,243.6,220.9,254.3,210.9,244.3,202.3,244.6,205.2,241.5
2026-05-02T08:11:03Z,202.4,244.7,206.3,242.6,198.3,240.6,,,202.9,244.9,206.9,243.9,202.5,244.7,207.3,243.6,220.9,254.3,210.9,244.3,202.3,244.6,205.2,241.5
2026-05-02T09:33:21Z,202.4,244.7,206.3,242.6,198.3,240.6,,,202.9,244.9,206.9,243.9,202.5,244.7,207.3,243.6,220.9,254.3,210.9,244.3,202.3,244.6,205.2,241.5
2026-05-02T10:33:50Z,202.4,244.7,206.3,242.6,198.3,240.6,,,202.9,244.9,206.9,243.9,202.5,244.7,207.3,243.6,220.9,254.3,210.9,244.3,202.3,244.6,205.2,241.5
2026-05-02T11:30:11Z,202.4,244.7,206.3,242.6,198.3,240.6,,,202.9,244.9,206.9,243.9,202.5,244.7,207.3,243.6,220.9,254.3,210.9,244.3,202.3,244.6,205.2,241.5
2026-05-02T12:35:26Z,202.4,244.7,206.3,242.6,198.3,240.6,,,202.9,244.9,206.9,243.9,202.5,244.7,207.3,243.6,220.9,254.3,210.9,244.3,202.3,244.6,205.2,241.5
2026-05-02T13:58:37Z,202.4,244.7,206.3,242.6,198.3,240.6,,,202.9,244.9,206.9,243.9,202.5,244.7,207.3,243.6,220.9,254.3,210.9,244.3,202.3,244.6,205.2,241.5
2026-05-02T14:55:58Z,202.4,244.7,206.3,242.6,198.3,240.6,,,202.9,244.9,206.9,243.9,202.5,244.7,207.3,243.6,220.9,254.3,210.9,244.3,202.3,244.6,205.2,241.5
2026-05-02T15:45:13Z,202.4,244.7,206.3,242.6,198.3,240.6,,,202.9,244.9,206.9,243.9,202.5,244.7,207.3,243.6,220.9,254.3,210.9,244.3,202.3,244.6,205.2,241.5
2026-05-02T16:42:51Z,202.4,244.7,206.3,242.6,198.3,240.6,,,202.9,244.9,206.9,243.9,202.5,244.7,207.3,243.6,220.9,254.3,210.9,244.3,202.3,244.6,205.2,241.5
2026-05-02T17:31:48Z,202.4,244.7,206.3,242.6,198.3,240.6,,,202.9,244.9,206.9,243.9,202.5,244.7,207.3,243.6,220.9,254.3,210.9,244.3,202.3,244.6,205.2,241.5
2026-05-02T18:34:34Z,202.4,244.7,206.3,242.6,198.3,240.6,,,202.9,244.9,206.9,243.9,202.5,244.7,207.3,243.6,220.9,254.3,210.9,244.3,202.3,244.6,205.2,241.5
2026-05-02T19:42:00Z,202.4,244.7,206.3,242.6,198.3,240.6,,,202.9,244.9,206.9,243.9,202.5,244.7,207.3,243.6,220.9,254.3,210.9,244.3,202.3,244.6,205.2,241.5
2026-05-02T20:24:19Z,202.4,244.7,206.3,242.6,198.3,240.6,,,202.9,244.9,206.9,243.9,202.5,244.7,207.3,243.6,220.9,254.3,210.9,244.3,202.3,244.6,205.2,241.5
2026-05-02T21:06:48Z,202.4,244.7,206.3,242.6,198.3,240.6,,,202.9,244.9,206.9,243.9,202.5,244.7,207.3,243.6,220.9,254.3,210.9,244.3,202.3,244.6,205.2,241.5
2026-05-02T21:57:51Z,202.4,244.7,206.3,242.6,198.3,240.6,,,202.9,244.9,206.9,243.9,202.5,244.7,207.3,243.6,220.9,254.3,210.9,244.3,202.3,244.6,205.2,241.5
2026-05-02T22:50:58Z,202.4,244.7,206.3,242.6,198.3,240.6,,,202.9,244.9,206.9,243.9,202.5,244.7,207.3,243.6,220.9,254.3,210.9,244.3,202.3,244.6,205.2,241.5
2026-05-02T23:40:15Z,202.4,244.7,206.3,242.6,198.3,240.6,,,202.9,244.9,206.9,243.9,202.5,244.7,207.3,243.6,220.9,254.3,210.9,244.3,202.3,244.6,205.2,241.5
2026-05-03T01:20:43Z,202.4,244.7,206.3,242.6,198.3,240.6,,,202.9,244.9,206.9,243.9,202.5,244.7,207.3,243.6,220.9,254.3,210.9,244.3,202.3,244.6,205.2,241.5
2026-05-03T04:57:10Z,202.4,244.7,206.3,242.6,198.3,240.6,,,202.9,244.9,206.9,243.9,202.5,244.7,207.3,243.6,220.9,254.3,210.9,244.3,202.3,244.6,205.2,241.5
2026-05-03T07:20:04Z,202.4,244.7,206.3,242.6,198.3,240.6,,,202.9,244.9,206.9,243.9,202.5,244.7,207.3,243.6,220.9,254.3,210.9,244.3,202.3,244.6,205.2,241.5
2026-05-03T09:01:59Z,202.4,244.7,206.3,242.6,198.3,240.6,,,202.9,244.9,206.9,243.9,202.5,244.7,207.3,243.6,220.9,254.3,210.9,244.3,202.3,244.6,205.2,241.5
2026-05-03T10:15:44Z,202.4,244.7,206.3,242.6,198.3,240.6,,,202.9,244.9,206.9,243.9,202.5,244.7,207.3,243.6,220.9,254.3,210.9,244.3,202.3,244.6,205.2,241.5
2026-05-03T11:10:41Z,202.4,244.7,206.3,242.6,198.3,240.6,,,202.9,244.9,206.9,243.9,202.5,244.7,207.3,243.6,220.9,254.3,210.9,244.3,202.3,244.6,205.2,241.5
2026-05-03T11:57:11Z,202.4,244.7,206.3,242.6,198.3,240.6,,,202.9,244.9,206.9,243.9,202.5,244.7,207.3,243.6,220.9,254.3,210.9,244.3,202.3,244.6,205.2,241.5
2026-05-03T13:18:18Z,202.4,244.7,206.3,242.6,198.3,240.6,,,202.9,244.9,206.9,243.9,202.5,244.7,207.3,243.6,220.9,254.3,210.9,244.3,202.3,244.6,205.2,241.5
2026-05-03T14:27:41Z,202.4,244.7,206.3,242.6,198.3,240.6,,,202.9,244.9,206.9,243.9,202.5,244.7,207.3,243.6,220.9,254.3,210.9,244.3,202.3,244.6,205.2,241.5
2026-05-03T15:10:54Z,202.4,244.7,206.3,242.6,198.3,240.6,,,202.9,244.9,206.9,243.9,202.5,244.7,207.3,243.6,220.9,254.3,210.9,244.3,202.3,244.6,205.2,241.5
2026-05-03T16:00:48Z,202.4,244.7,206.3,242.6,198.3,240.6,,,202.9,244.9,206.9,243.9,202.5,244.7,207.3,243.6,220.9,254.3,210.9,244.3,202.3,244.6,205.2,241.5
2026-05-03T17:07:00Z,202.4,244.7,206.3,242.6,198.3,240.6,,,202.9,244.9,206.9,243.9,202.5,244.7,207.3,243.6,220.9,254.3,210.9,244.3,202.3,244.6,205.2,241.5
2026-05-03T18:02:38Z,202.4,244.7,206.3,242.6,198.3,240.6,,,202.9,244.9,206.9,243.9,202.5,244.7,207.3,243.6,220.9,254.3,210.9,244.3,202.3,244.6,205.2,241.5
2026-05-03T19:17:41Z,202.4,244.7,206.3,242.6,198.3,240.6,,,202.9,244.9,206.9,243.9,202.5,244.7,207.3,243.6,220.9,254.3,210.9,244.3,202.3,244.6,205.2,241.5
2026-05-03T20:05:03Z,202.4,244.7,206.3,242.6,198.3,240.6,,,202.9,244.9,206.9,243.9,202.5,244.7,207.3,243.6,220.9,254.3,210.9,244.3,202.3,244.6,205.2,241.5
2026-05-03T21:01:55Z,202.4,244.7,206.3,242.6,198.3,240.6,,,202.9,244.9,206.9,243.9,202.5,244.7,207.3,243.6,220.9,254.3,210.9,244.3,202.3,244.6,205.2,241.5
2026-05-03T21:59:42Z,202.4,244.7,206.3,242.6,198.3,240.6,,,202.9,244.9,206.9,243.9,202.5,244.7,207.3,243.6,220.9,254.3,210.9,244.3,202.3,244.6,205.2,241.5
2026-05-03T22:55:16Z,202.4,244.7,206.3,242.6,198.3,240.6,,,202.9,244.9,206.9,243.9,202.5,244.7,207.3,243.6,220.9,254.3,210.9,244.3,202.3,244.6,205.2,241.5
2026-05-03T23:42:09Z,202.4,244.7,206.3,242.6,198.3,240.6,,,202.9,244.9,206.9,243.9,202.5,244.7,207.3,243.6,220.9,254.3,210.9,244.3,202.3,244.6,205.2,241.5
2026-05-04T01:20:22Z,202.4,244.7,206.3,242.6,198.3,240.6,,,202.9,244.9,206.9,243.9,202.5,244.7,207.3,243.6,220.9,254.3,210.9,244.3,202.3,244.6,205.2,241.5
2026-05-04T04:57:50Z,202.4,244.7,206.3,242.6,198.3,240.6,,,202.9,244.9,206.9,243.9,202.5,244.7,207.3,243.6,220.9,254.3,210.9,244.3,202.3,244.6,205.2,241.5
2026-05-04T07:49:05Z,202.4,244.7,206.3,242.6,198.3,240.6,,,202.9,244.9,206.9,243.9,202.5,244.7,207.3,243.6,220.9,254.3,210.9,244.3,202.3,244.6,205.2,241.5
2026-05-04T10:11:02Z,202.4,244.7,206.3,242.6,198.3,240.6,,,202.9,244.9,206.9,243.9,202.5,244.7,207.3,243.6,220.9,254.3,210.9,244.3,202.3,244.6,205.2,241.5
2026-05-04T12:05:12Z,202.4,244.7,206.3,242.6,198.3,240.6,,,202.9,244.9,206.9,243.9,202.5,244.7,207.3,243.6,220.9,254.3,210.9,244.3,202.3,244.6,205.2,241.5
2026-05-04T14:29:58Z,202.4,244.7,206.3,242.6,198.3,240.6,,,202.9,244.9,206.9,243.9,202.5,244.7,207.3,243.6,220.9,254.3,210.9,244.3,202.3,244.6,205.2,241.5
2026-05-04T16:19:33Z,202.4,244.7,206.3,242.6,198.3,240.6,,,202.9,244.9,206.9,243.9,202.5,244.7,207.3,243.6,220.9,254.3,210.9,244.3,202.3,244.6,205.2,241.5
2026-05-04T17:59:45Z,202.4,244.7,206.3,242.6,198.3,240.6,,,202.9,244.9,206.9,243.9,202.5,244.7,207.3,243.6,220.9,254.3,210.9,244.3,202.3,244.6,205.2,241.5
2026-05-04T19:51:33Z,202.4,244.7,206.3,242.6,198.3,240.6,,,202.9,244.9,206.9,243.9,202.5,244.7,207.3,243.6,220.9,254.3,210.9,244.3,202.3,244.6,205.2,241.5
2026-05-04T21:06:39Z,202.4,244.7,206.3,242.6,198.3,240.6,,,202.9,244.9,206.9,243.9,202.5,244.7,207.3,243.6,220.9,254.3,210.9,244.3,202.3,244.6,205.2,241.5
2026-05-04T22:14:35Z,202.4,244.7,206.3,242.6,198.3,240.6,,,202.9,244.9,206.9,243.9,202.5,244.7,207.3,243.6,220.9,254.3,210.9,244.3,202.3,244.6,205.2,241.5
2026-05-04T23:11:43Z,202.4,244.7,206.3,242.6,198.3,240.6,,,202.9,244.9,206.9,243.9,202.5,244.7,207.3,243.6,220.9,254.3,210.9,244.3,202.3,244.6,205.2,241.5
2026-05-05T00:08:16Z,202.4,244.7,206.3,242.6,198.3,240.6,,,202.9,244.9,206.9,243.9,202.5,244.7,207.3,243.6,220.9,254.3,210.9,244.3,202.3,244.6,205.2,241.5
2026-05-05T03:49:38Z,202.4,244.7,206.3,242.6,198.3,240.6,,,202.9,244.9,206.9,243.9,202.5,244.7,207.3,243.6,220.9,254.3,210.9,244.3,202.3,244.6,205.2,241.5
2026-05-05T06:13:22Z,202.4,244.7,206.3,242.6,198.3,240.6,,,202.9,244.9,206.9,243.9,202.5,244.7,207.3,243.6,220.9,254.3,210.9,244.3,202.3,244.6,205.2,241.5
2026-05-05T08:28:13Z,202.4,244.7,206.3,242.6,198.3,240.6,,,202.9,244.9,206.9,243.9,202.5,244.7,207.3,243.6,220.9,254.3,210.9,244.3,202.3,244.6,205.2,241.5
2026-05-05T10:19:07Z,202.4,244.7,206.3,242.6,198.3,240.6,,,202.9,244.9,206.9,243.9,202.5,244.7,207.3,243.6,220.9,254.3,210.9,244.3,202.3,244.6,205.2,241.5
2026-05-05T11:47:15Z,202.4,244.7,206.3,242.6,198.3,240.6,,,202.9,244.9,206.9,243.9,202.5,244.7,207.3,243.6,220.9,254.3,210.9,244.3,202.3,244.6,205.2,241.5
2026-05-05T15:51:25Z,202.4,244.7,206.3,242.6,198.3,240.6,,,202.9,244.9,206.9,243.9,202.5,244.7,207.3,243.6,220.9,254.3,210.9,244.3,202.3,244.6,205.2,241.5
2026-05-05T17:21:18Z,202.4,244.7,206.3,242.6,198.3,240.6,,,202.9,244.9,206.9,243.9,202.5,244.7,207.3,243.6,220.9,254.3,210.9,244.3,202.3,244.6,205.2,241.5
2026-05-05T18:52:27Z,202.4,244.7,206.3,242.6,198.3,240.6,,,202.9,244.9,206.9,243.9,202.5,244.7,207.3,243.6,220.9,254.3,210.9,244.3,202.3,244.6,205.2,241.5
2026-05-05T20:05:26Z,202.4,244.7,206.3,242.6,198.3,240.6,,,202.9,244.9,206.9,243.9,202.5,244.7,207.3,243.6,220.9,254.3,210.9,244.3,202.3,244.6,205.2,241.5
2026-05-05T21:13:38Z,202.4,244.7,206.3,242.6,198.3,240.6,,,202.9,244.9,206.9,243.9,202.5,244.7,207.3,243.6,220.9,254.3,210.9,244.3,202.3,244.6,205.2,241.5
2026-05-05T22:14:01Z,202.4,244.7,206.3,242.6,198.3,240.6,,,202.9,244.9,206.9,243.9,202.5,244.7,207.3,243.6,220.9,254.3,210.9,244.3,202.3,244.6,205.2,241.5
2026-05-05T23:13:08Z,202.4,244.7,206.3,242.6,198.3,240.6,,,202.9,244.9,206.9,243.9,202.5,244.7,207.3,243.6,220.9,254.3,210.9,244.3,202.3,244.6,205.2,241.5
2026-05-06T00:05:09Z,202.4,244.7,206.3,242.6,198.3,240.6,,,202.9,244.9,206.9,243.9,202.5,244.7,207.3,243.6,220.9,254.3,210.9,244.3,202.3,244.6,205.2,241.5
2026-05-06T04:04:14Z,202.4,244.7,206.3,242.6,198.3,240.6,,,202.9,244.9,206.9,243.9,202.5,244.7,207.3,243.6,220.9,254.3,210.9,244.3,202.3,244.6,205.2,241.5
2026-05-06T06:44:50Z,202.4,244.7,206.3,242.6,198.3,240.6,,,202.9,244.9,206.9,243.9,202.5,244.7,207.3,243.6,220.9,254.3,210.9,244.3,202.3,244.6,205.2,241.5
2026-05-06T09:11:44Z,202.4,244.7,206.3,242.6,198.3,240.6,,,202.9,244.9,206.9,243.9,202.5,244.7,207.3,243.6,220.9,254.3,210.9,244.3,202.3,244.6,205.2,241.5
2026-05-06T11:20:25Z,202.4,244.7,206.3,242.6,198.3,240.6,,,202.9,244.9,206.9,243.9,202.5,244.7,207.3,243.6,220.9,254.3,210.9,244.3,202.3,244.6,205.2,241.5
2026-05-06T13:11:23Z,202.4,244.7,206.3,242.6,198.3,240.6,,,202.9,244.9,206.9,243.9,202.5,244.7,207.3,243.6,220.9,254.3,210.9,244.3,202.3,244.6,205.2,241.5
2026-05-06T15:34:26Z,202.4,244.7,206.3,242.6,198.3,240.6,,,202.9,244.9,206.9,243.9,202.5,244.7,207.3,243.6,220.9,254.3,210.9,244.3,202.3,244.6,205.2,241.5
2026-05-06T17:13:09Z,202.4,244.7,206.3,242.6,198.3,240.6,,,202.9,244.9,206.9,243.9,202.5,244.7,207.3,243.6,220.9,254.3,210.9,244.3,202.3,244.6,205.2,241.5
2026-05-06T19:00:37Z,202.4,244.7,206.3,242.6,198.3,240.6,,,202.9,244.9,206.9,243.9,202.5,244.7,207.3,243.6,220.9,254.3,210.9,244.3,202.3,244.6,205.2,241.5
2026-05-06T20:46:01Z,202.4,244.7,206.3,242.6,198.3,240.6,,,202.9,244.9,206.9,243.9,202.5,244.7,207.3,243.6,220.9,254.3,210.9,244.3,202.3,244.6,205.2,241.5
2026-05-06T21:54:22Z,202.4,244.7,206.3,242.6,198.3,240.6,,,202.9,244.9,206.9,243.9,202.5,244.7,207.3,243.6,220.9,254.3,210.9,244.3,202.3,244.6,205.2,241.5
2026-05-06T22:51:04Z,202.4,244.7,206.3,242.6,198.3,240.6,,,202.9,244.9,206.9,243.9,202.5,244.7,207.3,243.6,220.9,254.3,210.9,244.3,202.3,244.6,205.2,241.5
2026-05-06T23:49:33Z,202.4,244.7,206.3,242.6,198.3,240.6,,,202.9,244.9,206.9,243.9,202.5,244.7,207.3,243.6,220.9,254.3,210.9,244.3,202.3,244.6,205.2,241.5
2026-05-07T02:40:10Z,202.4,244.7,206.3,242.6,198.3,240.6,,,202.9,244.9,206.9,243.9,202.5,244.7,207.3,243.6,220.9,254.3,210.9,244.3,202.3,244.6,205.2,241.5
2026-05-07T05:48:35Z,202.4,244.7,206.3,242.6,198.3,240.6,,,202.9,244.9,206.9,243.9,202.5,244.7,207.3,243.6,220.9,254.3,210.9,244.3,202.3,244.6,205.2,241.5
2026-05-07T08:30:47Z,202.4,244.7,206.3,242.6,198.3,240.6,,,202.9,244.9,206.9,243.9,202.5,244.7,207.3,243.6,220.9,254.3,210.9,244.3,202.3,244.6,205.2,241.5
2026-05-07T10:53:03Z,202.4,244.7,206.3,242.6,198.3,240.6,,,202.9,244.9,206.9,243.9,202.5,244.7,207.3,243.6,220.9,254.3,210.9,244.3,202.3,244.6,205.2,241.5
2026-05-07T12:27:27Z,202.4,244.7,206.3,242.6,198.3,240.6,,,202.9,244.9,206.9,243.9,202.5,244.7,207.3,243.6,220.9,254.3,210.9,244.3,202.3,244.6,205.2,241.5
2026-05-07T15:13:35Z,202.4,244.7,206.3,242.6,198.3,240.6,,,202.9,244.9,206.9,243.9,202.5,244.7,207.3,243.6,220.9,254.3,210.9,244.3,202.3,244.6,205.2,241.5
2026-05-07T17:04:50Z,202.4,244.7,206.3,242.6,198.3,240.6,,,202.9,244.9,206.9,243.9,202.5,244.7,207.3,243.6,220.9,254.3,210.9,244.3,202.3,244.6,205.2,241.5
2026-05-07T18:57:51Z,202.4,244.7,206.3,242.6,198.3,240.6,,,202.9,244.9,206.9,243.9,202.5,244.7,207.3,243.6,220.9,254.3,210.9,244.3,202.3,244.6,205.2,241.5
2026-05-07T20:18:14Z,202.4,244.7,206.3,242.6,198.3,240.6,,,202.9,244.9,206.9,243.9,202.5,244.7,207.3,243.6,220.9,254.3,210.9,244.3,202.3,244.6,205.2,241.5
2026-05-07T21:29:58Z,202.4,244.7,206.3,242.6,198.3,240.6,,,202.9,244.9,206.9,243.9,202.5,244.7,207.3,243.6,220.9,254.3,210.9,244.3,202.3,244.6,205.2,241.5
2026-05-07T22:37:18Z,202.4,244.7,206.3,242.6,198.3,240.6,,,202.9,244.9,206.9,243.9,202.5,244.7,207.3,243.6,220.9,254.3,210.9,244.3,202.3,244.6,205.2,241.5
2026-05-07T23:34:35Z,202.4,244.7,206.3,242.6,198.3,240.6,,,202.9,244.9,206.9,243.9,202.5,244.7,207.3,243.6,220.9,254.3,210.9,244.3,202.3,244.6,205.2,241.5
2026-05-08T01:24:25Z,202.4,244.7,206.3,242.6,198.3,240.6,,,202.9,244.9,206.9,243.9,202.5,244.7,207.3,243.6,220.9,254.3,210.9,244.3,202.3,244.6,205.2,241.5
2026-05-08T04:34:35Z,202.4,244.7,206.3,242.6,198.3,240.6,,,202.9,244.9,206.9,243.9,202.5,244.7,207.3,243.6,220.9,254.3,210.9,244.3,202.3,244.6,205.2,241.5
2026-05-08T06:20:57Z,202.4,244.7,206.3,242.6,198.3,240.6,,,202.9,244.9,206.9,243.9,202.5,244.7,207.3,243.6,220.9,254.3,210.9,244.3,202.3,244.6,205.2,241.5
2026-05-08T08:07:28Z,202.4,244.7,206.3,242.6,198.3,240.6,,,202.9,244.9,206.9,243.9,202.5,244.7,207.3,243.6,220.9,254.3,210.9,244.3,202.3,244.6,205.2,241.5
2026-05-08T09:51:49Z,202.4,244.7,206.3,242.6,198.3,240.6,,,202.9,244.9,206.9,243.9,202.5,244.7,207.3,243.6,220.9,254.3,210.9,244.3,202.3,244.6,205.2,241.5
2026-05-08T11:12:08Z,202.4,244.7,206.3,242.6,198.3,240.6,,,202.9,244.9,206.9,243.9,202.5,244.7,207.3,243.6,220.9,254.3,210.9,244.3,202.3,244.6,205.2,241.5
2026-05-08T12:19:29Z,202.4,244.7,206.3,242.6,198.3,240.6,,,202.9,244.9,206.9,243.9,202.5,244.7,207.3,243.6,220.9,254.3,210.9,244.3,202.3,244.6,205.2,241.5
2026-05-08T14:22:17Z,202.4,244.7,206.3,242.6,198.3,240.6,,,202.9,244.9,206.9,243.9,202.5,244.7,207.3,243.6,220.9,254.3,210.9,244.3,202.3,244.6,205.2,241.5
2026-05-08T15:58:07Z,202.4,244.7,206.3,242.6,198.3,240.6,,,202.9,244.9,206.9,243.9,202.5,244.7,207.3,243.6,220.9,254.3,210.9,244.3,202.3,244.6,205.2,241.5
2026-05-08T17:24:31Z,202.4,244.7,206.3,242.6,198.3,240.6,,,202.9,244.9,206.9,243.9,202.5,244.7,207.3,243.6,220.9,254.3,210.9,244.3,202.3,244.6,205.2,241.5
2026-05-08T18:50:33Z,202.4,244.7,206.3,242.6,198.3,240.6,,,202.9,244.9,206.9,243.9,202.5,244.7,207.3,243.6,220.9,254.3,210.9,244.3,198.2,240.5,186.2,228.5
2026-05-08T20:05:49Z,202.4,244.7,206.3,242.6,198.3,240.6,,,202.9,244.9,206.9,243.9,202.5,244.7,207.3,243.6,220.9,254.3,210.9,244.3,198.2,240.5,205.2,241.5
2026-05-08T21:15:15Z,202.4,244.7,206.3,242.6,198.3,240.6,,,202.9,244.9,206.9,243.9,202.5,244.7,207.3,243.6,220.9,254.3,210.9,244.3,198.2,240.5,205.2,241.5
2026-05-08T22:28:59Z,202.4,244.7,206.3,242.6,198.3,240.6,,,202.9,244.9,206.9,243.9,202.5,244.7,207.3,243.6,220.9,254.3,210.9,244.3,198.2,240.5,205.2,241.5
2026-05-08T23:30:23Z,202.4,244.7,206.3,242.6,198.3,240.6,,,202.9,244.9,206.9,243.9,202.5,244.7,207.3,243.6,220.9,254.3,210.9,244.3,198.2,240.5,205.2,241.5
2026-05-09T01:22:07Z,202.4,244.7,206.3,242.6,198.3,240.6,,,202.9,244.9,206.9,243.9,202.5,244.7,207.3,243.6,220.9,254.3,210.9,244.3,198.2,240.5,205.2,241.5
2026-05-09T04:45:37Z,202.4,244.7,206.3,242.6,198.3,240.6,,,202.9,244.9,206.9,243.9,202.5,244.7,207.3,243.6,220.9,254.3,210.9,244.3,198.2,240.5,205.2,241.5
2026-05-09T07:05:20Z,202.4,244.7,206.3,242.6,198.3,240.6,,,202.9,244.9,206.9,243.9,202.5,244.7,207.3,243.6,220.9,254.3,210.9,244.3,198.2,240.5,205.2,241.5
2026-05-09T08:50:50Z,202.4,244.7,206.3,242.6,198.3,240.6,,,202.9,244.9,206.9,243.9,202.5,244.7,207.3,243.6,220.9,254.3,210.9,244.3,198.2,240.5,205.2,241.5
2026-05-09T10:03:37Z,202.4,244.7,206.3,242.6,198.3,240.6,,,202.9,244.9,206.9,243.9,202.5,244.7,207.3,243.6,220.9,254.3,210.9,244.3,198.2,240.5,205.2,241.5
2026-05-09T11:10:37Z,202.4,244.7,206.3,242.6,198.3,240.6,,,202.9,244.9,206.9,243.9,202.5,244.7,207.3,243.6,220.9,254.3,210.9,244.3,198.2,240.5,205.2,241.5
2026-05-09T12:00:05Z,202.4,244.7,206.3,242.6,198.3,240.6,,,202.9,244.9,206.9,243.9,202.5,244.7,207.3,243.6,220.9,254.3,210.9,244.3,198.2,240.5,205.2,241.5
2026-05-09T13:45:03Z,202.4,244.7,206.3,242.6,198.3,240.6,,,202.9,244.9,206.9,243.9,202.5,244.7,207.3,243.6,220.9,254.3,210.9,244.3,198.2,240.5,205.2,241.5
2026-05-09T14:38:38Z,202.4,244.7,206.3,242.6,198.3,240.6,,,202.9,244.9,206.9,243.9,202.5,244.7,207.3,243.6,220.9,254.3,210.9,244.3,198.2,240.5,205.2,241.5
2026-05-09T15:35:46Z,202.4,244.7,206.3,242.6,198.3,240.6,,,202.9,244.9,206.9,243.9,202.5,244.7,207.3,243.6,220.9,254.3,210.9,244.3,198.2,240.5,205.2,241.5
2026-05-09T16:35:09Z,202.4,244.7,206.3,242.6,198.3,240.6,,,202.9,244.9,206.9,243.9,202.5,244.7,207.3,243.6,220.9,254.3,210.9,244.3,198.2,240.5,205.2,241.5
2026-05-09T17:36:05Z,202.4,244.7,206.3,242.6,198.3,240.6,,,202.9,244.9,206.9,243.9,202.5,244.7,207.3,243.6,220.9,254.3,210.9,244.3,198.2,240.5,205.2,241.5
2026-05-09T18:38:09Z,202.4,244.7,206.3,242.6,198.3,240.6,,,202.9,244.9,206.9,243.9,202.5,244.7,207.3,243.6,220.9,254.3,210.9,244.3,198.2,240.5,205.2,241.5
2026-05-09T19:44:47Z,202.4,244.7,206.3,242.6,198.3,240.6,,,202.9,244.9,206.9,243.9,202.5,244.7,207.3,243.6,220.9,254.3,210.9,244.3,198.2,240.5,205.2,241.5
2026-05-09T20:28:42Z,202.4,244.7,206.3,242.6,198.3,240.6,,,202.9,244.9,206.9,243.9,202.5,244.7,207.3,243.6,220.9,254.3,210.9,244.3,198.2,240.5,205.2,241.5
2026-05-09T21:22:29Z,202.4,244.7,206.3,242.6,198.3,240.6,,,202.9,244.9,206.9,243.9,202.5,244.7,207.3,243.6,220.9,254.3,210.9,244.3,198.2,240.5,205.2,241.5
2026-05-09T22:06:02Z,202.4,244.7,206.3,242.6,198.3,240.6,,,202.9,244.9,206.9,243.9,202.5,244.7,207.3,243.6,220.9,254.3,210.9,244.3,198.2,240.5,205.2,241.5
2026-05-09T23:04:22Z,202.4,244.7,206.3,242.6,198.3,240.6,,,202.9,244.9,206.9,243.9,202.5,244.7,207.3,243.6,220.9,254.3,210.9,244.3,198.2,240.5,205.2,241.5
2026-05-10T00:03:33Z,202.4,244.7,206.3,242.6,198.3,240.6,,,202.9,244.9,206.9,243.9,202.5,244.7,207.3,243.6,220.9,254.3,210.9,244.3,198.2,240.5,205.2,241.5
2026-05-10T04:14:25Z,202.4,244.7,206.3,242.6,198.3,240.6,,,202.9,244.9,206.9,243.9,202.5,244.7,207.3,243.6,220.9,254.3,210.9,244.3,198.2,240.5,205.2,241.5
2026-05-10T06:45:52Z,202.4,244.7,206.3,242.6,198.3,240.6,,,202.9,244.9,206.9,243.9,202.5,244.7,207.3,243.6,220.9,254.3,210.9,244.3,198.2,240.5,205.2,241.5
2026-05-10T08:51:41Z,202.4,244.7,206.3,242.6,198.3,240.6,,,202.9,244.9,206.9,243.9,202.5,244.7,207.3,243.6,220.9,254.3,210.9,244.3,198.2,240.5,205.2,241.5
2026-05-10T10:12:30Z,202.4,244.7,206.3,242.6,198.3,240.6,,,202.9,244.9,206.9,243.9,202.5,244.7,207.3,243.6,220.9,254.3,210.9,244.3,198.2,240.5,205.2,241.5
2026-05-10T11:14:37Z,202.4,244.7,206.3,242.6,198.3,240.6,,,202.9,244.9,206.9,243.9,202.5,244.7,207.3,243.6,220.9,254.3,210.9,244.3,198.2,240.5,205.2,241.5
2026-05-10T12:04:39Z,202.4,244.7,206.3,242.6,198.3,240.6,,,202.9,244.9,206.9,243.9,202.5,244.7,207.3,243.6,220.9,254.3,210.9,244.3,198.2,240.5,205.2,241.5
2026-05-10T13:55:20Z,202.4,244.7,206.3,242.6,198.3,240.6,,,202.9,244.9,206.9,243.9,202.5,244.7,207.3,243.6,220.9,254.3,210.9,244.3,198.2,240.5,205.2,241.5
2026-05-10T14:50:56Z,202.4,244.7,206.3,242.6,198.3,240.6,,,202.9,244.9,206.9,243.9,202.5,244.7,207.3,243.6,220.9,254.3,210.9,244.3,198.2,240.5,205.2,241.5
2026-05-10T15:51:46Z,202.4,244.7,206.3,242.6,198.3,240.6,,,202.9,244.9,206.9,243.9,202.5,244.7,207.3,243.6,220.9,254.3,210.9,244.3,198.2,240.5,205.2,241.5
2026-05-10T16:53:03Z,202.4,244.7,206.3,242.6,198.3,240.6,,,202.9,244.9,206.9,243.9,202.5,244.7,207.3,243.6,220.9,254.3,210.9,244.3,198.2,240.5,205.2,241.5
2026-05-10T17:50:52Z,202.4,244.7,206.3,242.6,198.3,240.6,,,202.9,244.9,206.9,243.9,202.5,244.7,207.3,243.6,220.9,254.3,210.9,244.3,198.2,240.5,205.2,241.5
2026-05-10T18:59:22Z,202.4,244.7,206.3,242.6,198.3,240.6,,,202.9,244.9,206.9,243.9,202.5,244.7,207.3,243.6,220.9,254.3,210.9,244.3,198.2,240.5,205.2,241.5
2026-05-10T20:01:24Z,202.4,244.7,206.3,242.6,198.3,240.6,,,202.9,244.9,206.9,243.9,202.5,244.7,207.3,243.6,220.9,254.3,210.9,244.3,198.2,240.5,205.2,241.5
2026-05-10T21:06:01Z,202.4,244.7,206.3,242.6,198.3,240.6,,,202.9,244.9,206.9,243.9,202.5,244.7,207.3,243.6,220.9,254.3,210.9,244.3,198.2,240.5,205.2,241.5
2026-05-10T22:04:08Z,202.4,244.7,206.3,242.6,198.3,240.6,,,202.9,244.9,206.9,243.9,202.5,244.7,207.3,243.6,220.9,254.3,210.9,244.3,198.2,240.5,205.2,241.5
2026-05-10T23:07:56Z,202.4,244.7,206.3,242.6,198.3,240.6,,,202.9,244.9,206.9,243.9,202.5,244.7,207.3,243.6,220.9,254.3,210.9,244.3,198.2,240.5,205.2,241.5
2026-05-11T00:07:57Z,202.4,244.7,206.3,242.6,198.3,240.6,,,202.9,244.9,206.9,243.9,202.5,244.7,207.3,243.6,220.9,254.3,210.9,244.3,198.2,240.5,205.2,241.5
2026-05-11T04:35:34Z,202.4,244.7,206.3,242.6,198.3,240.6,,,202.9,244.9,206.9,243.9,202.5,244.7,207.3,243.6,220.9,254.3,210.9,244.3,198.2,240.5,205.2,241.5
2026-05-11T08:05:04Z,202.4,244.7,206.3,242.6,198.3,240.6,,,202.9,244.9,206.9,243.9,202.5,244.7,207.3,243.6,220.9,254.3,210.9,244.3,202.3,244.6,205.2,241.5
2026-05-11T11:35:45Z,202.4,244.7,206.3,242.6,198.3,240.6,,,202.9,244.9,206.9,243.9,202.5,244.7,207.3,243.6,220.9,254.3,210.9,244.3,202.3,244.6,205.2,241.5
2026-05-11T14:07:32Z,202.4,244.7,206.3,242.6,198.3,240.6,,,202.9,244.9,206.9,243.9,202.5,244.7,207.3,243.6,220.9,254.3,210.9,244.3,202.3,244.6,205.2,241.5
2026-05-11T16:46:22Z,202.4,244.7,206.3,242.6,198.3,240.6,,,202.9,244.9,206.9,243.9,202.5,244.7,207.3,243.6,220.9,254.3,210.9,244.3,202.3,244.6,205.2,241.5
2026-05-11T18:56:43Z,202.4,244.7,206.3,242.6,198.3,240.6,,,202.9,244.9,206.9,243.9,202.5,244.7,207.3,243.6,220.9,254.3,210.9,244.3,202.3,244.6,205.2,241.5
2026-05-11T20:47:17Z,202.4,244.7,206.3,242.6,198.3,240.6,,,202.9,244.9,206.9,243.9,202.5,244.7,207.3,243.6,220.9,254.3,210.9,244.3,202.3,244.6,205.2,241.5
2026-05-11T22:05:23Z,202.4,244.7,206.3,242.6,198.3,240.6,,,202.9,244.9,206.9,243.9,202.5,244.7,207.3,243.6,220.9,254.3,210.9,244.3,202.3,244.6,205.2,241.5
2026-05-11T23:10:53Z,202.4,244.7,206.3,242.6,198.3,240.6,,,202.9,244.9,206.9,243.9,202.5,244.7,207.3,243.6,220.9,254.3,210.9,244.3,202.3,244.6,205.2,241.5
2026-05-12T00:09:50Z,202.4,244.7,206.3,242.6,198.3,240.6,,,202.9,244.9,206.9,243.9,202.5,244.7,207.3,243.6,220.9,254.3,210.9,244.3,202.3,244.6,205.2,241.5
2026-05-12T04:04:43Z,202.4,244.7,206.3,242.6,198.3,240.6,,,202.9,244.9,206.9,243.9,202.5,244.7,207.3,243.6,220.9,254.3,210.9,244.3,202.3,244.6,205.2,241.5
2026-05-12T06:48:21Z,202.4,244.7,206.3,242.6,198.3,240.6,,,202.9,244.9,206.9,243.9,202.5,244.7,207.3,243.6,220.9,254.3,210.9,244.3,202.3,244.6,205.2,241.5
2026-05-12T09:35:42Z,202.4,244.7,206.3,242.6,198.3,240.6,,,202.9,244.9,206.9,243.9,202.5,244.7,207.3,243.6,220.9,254.3,210.9,244.3,202.3,244.6,205.2,241.5
2026-05-12T11:33:46Z,202.4,244.7,206.3,242.6,198.3,240.6,,,202.9,244.9,206.9,243.9,202.5,244.7,207.3,243.6,220.9,254.3,210.9,244.3,202.3,244.6,205.2,241.5
2026-05-12T13:28:54Z,202.4,244.7,206.3,242.6,198.3,240.6,,,202.9,244.9,206.9,243.9,202.5,244.7,207.3,243.6,220.9,254.3,210.9,244.3,202.3,244.6,205.2,241.5
2026-05-12T16:03:08Z,202.4,244.7,206.3,242.6,198.3,240.6,,,205.9,246.9,209.9,245.9,202.5,244.7,207.3,243.6,220.9,254.3,210.9,244.3,202.3,244.6,205.2,241.5
2026-05-12T18:16:40Z,202.4,244.7,206.3,242.6,198.3,240.6,,,205.9,246.9,209.9,245.9,202.5,244.7,207.3,243.6,220.9,254.3,210.9,244.3,202.3,244.6,205.2,241.5
2026-05-12T20:14:07Z,202.4,244.7,206.3,242.6,198.3,240.6,,,205.9,246.9,209.9,245.9,202.5,244.7,207.3,243.6,220.9,254.3,210.9,244.3,202.3,244.6,205.2,241.5
2026-05-12T21:40:59Z,202.4,244.7,206.3,242.6,198.3,240.6,,,205.9,246.9,209.9,245.9,202.5,244.7,207.3,243.6,220.9,254.3,210.9,244.3,202.3,244.6,205.2,241.5
2026-05-12T22:45:35Z,202.4,244.7,206.3,242.6,198.3,240.6,,,205.9,246.9,209.9,245.9,202.5,244.7,207.3,243.6,220.9,254.3,210.9,244.3,202.3,244.6,205.2,241.5
2026-05-12T23:57:51Z,202.4,244.7,206.3,242.6,198.3,240.6,,,205.9,246.9,209.9,245.9,202.5,244.7,207.3,243.6,220.9,254.3,210.9,244.3,202.3,244.6,205.2,241.5
2026-05-13T03:51:52Z,202.4,244.7,206.3,242.6,198.3,240.6,,,205.9,246.9,209.9,245.9,202.5,244.7,207.3,243.6,220.9,254.3,210.9,244.3,202.3,244.6,205.2,241.5
2026-05-13T06:45:38Z,202.4,244.7,206.3,242.6,198.3,240.6,,,205.9,246.9,209.9,245.9,202.5,244.7,207.3,243.6,220.9,254.3,210.9,244.3,202.3,244.6,205.2,241.5
2026-05-13T09:42:22Z,202.4,244.7,206.3,242.6,198.3,240.6,,,205.9,246.9,209.9,245.9,202.5,244.7,207.3,243.6,220.9,254.3,210.9,244.3,202.3,244.6,205.2,241.5
2026-05-13T11:50:59Z,202.4,244.7,206.3,242.6,198.3,240.6,,,205.9,246.9,209.9,245.9,202.5,244.7,207.3,243.6,220.9,254.3,210.9,244.3,202.3,244.6,205.2,241.5
2026-05-13T14:27:43Z,202.4,244.7,206.3,242.6,198.3,240.6,,,205.9,246.9,209.9,245.9,202.5,244.7,207.3,243.6,220.9,254.3,210.9,244.3,202.3,244.6,205.2,241.5
2026-05-13T16:40:17Z,202.4,244.7,206.3,242.6,198.3,240.6,,,205.9,246.9,209.9,245.9,202.5,244.7,207.3,243.6,220.9,254.3,210.9,244.3,202.3,244.6,205.2,241.5
2026-05-13T18:28:02Z,202.4,244.7,206.3,242.6,198.3,240.6,,,205.9,246.9,209.9,245.9,202.5,244.7,207.3,243.6,220.9,254.3,210.9,244.3,202.3,244.6,205.2,241.5
2026-05-13T20:18:06Z,202.4,244.7,206.3,242.6,198.3,240.6,,,205.9,246.9,209.9,245.9,202.5,244.7,207.3,243.6,220.9,254.3,210.9,244.3,202.3,244.6,205.2,241.5
2026-05-13T21:51:12Z,202.4,244.7,206.3,242.6,198.3,240.6,,,205.9,246.9,209.9,245.9,202.5,244.7,207.3,243.6,220.9,254.3,210.9,244.3,202.3,244.6,205.2,241.5
2026-05-13T23:03:37Z,202.4,244.7,206.3,242.6,198.3,240.6,,,205.9,246.9,209.9,245.9,202.5,244.7,207.3,243.6,220.9,254.3,210.9,244.3,202.3,244.6,205.2,241.5
2026-05-14T00:14:09Z,202.4,244.7,206.3,242.6,198.3,240.6,,,205.9,246.9,209.9,245.9,202.5,244.7,207.3,243.6,220.9,254.3,210.9,244.3,202.3,244.6,205.2,241.5
2026-05-14T04:14:12Z,202.4,244.7,206.3,242.6,198.3,240.6,,,205.9,246.9,209.9,245.9,202.5,244.7,207.3,243.6,220.9,254.3,210.9,244.3,202.3,244.6,205.2,241.5
2026-05-14T07:23:26Z,202.4,244.7,206.3,242.6,198.3,240.6,,,205.9,246.9,209.9,245.9,202.5,244.7,207.3,243.6,220.9,254.3,210.9,244.3,202.3,244.6,205.2,241.5
2026-05-14T09:54:17Z,202.4,244.7,206.3,242.6,198.3,240.6,,,205.9,246.9,209.9,245.9,202.5,244.7,207.3,243.6,220.9,254.3,210.9,244.3,202.3,244.6,205.2,241.5
2026-05-14T11:50:03Z,202.4,244.7,206.3,242.6,198.3,240.6,,,205.9,246.9,209.9,245.9,202.5,244.7,207.3,243.6,220.9,254.3,210.9,244.3,202.3,244.6,205.2,241.5
2026-05-14T14:05:14Z,202.4,244.7,206.3,242.6,198.3,240.6,,,205.9,246.9,209.9,245.9,202.5,244.7,207.3,243.6,220.9,254.3,210.9,244.3,202.3,244.6,205.2,241.5
2026-05-14T16:20:34Z,202.4,244.7,206.3,242.6,198.3,240.6,,,205.9,246.9,209.9,245.9,202.5,244.7,207.3,243.6,220.9,254.3,210.9,244.3,202.3,244.6,205.2,241.5
2026-05-14T18:14:51Z,202.4,244.7,206.3,242.6,198.3,240.6,,,205.9,246.9,209.9,245.9,202.5,244.7,207.3,243.6,220.9,254.3,210.9,244.3,202.3,244.6,205.2,241.5
2026-05-14T20:03:32Z,202.4,244.7,206.3,242.6,198.3,240.6,,,205.9,246.9,209.9,245.9,202.5,244.7,207.3,243.6,220.9,254.3,210.9,244.3,202.3,244.6,205.2,241.5
2026-05-14T21:35:48Z,202.4,244.7,206.3,242.6,198.3,240.6,,,205.9,246.9,209.9,245.9,202.5,244.7,207.3,243.6,220.9,254.3,210.9,244.3,202.3,244.6,205.2,241.5
2026-05-14T22:40:48Z,202.4,244.7,206.3,242.6,198.3,240.6,,,205.9,246.9,209.9,245.9,202.5,244.7,207.3,243.6,220.9,254.3,210.9,244.3,202.3,244.6,205.2,241.5
2026-05-14T23:37:20Z,202.4,244.7,206.3,242.6,198.3,240.6,,,205.9,246.9,209.9,245.9,202.5,244.7,207.3,243.6,220.9,254.3,210.9,244.3,202.3,244.6,205.2,241.5
2026-05-15T01:30:05Z,202.4,244.7,206.3,242.6,198.3,240.6,,,205.9,246.9,209.9,245.9,202.5,244.7,207.3,243.6,220.9,254.3,210.9,244.3,202.3,244.6,205.2,241.5
2026-05-15T05:35:13Z,202.4,244.7,206.3,242.6,198.3,240.6,,,205.9,246.9,209.9,245.9,202.5,244.7,207.3,243.6,220.9,254.3,210.9,244.3,202.3,244.6,205.2,241.5
2026-05-15T08:30:06Z,202.4,244.7,206.3,242.6,198.3,240.6,,,205.9,246.9,209.9,245.9,202.5,244.7,207.3,243.6,220.9,254.3,210.9,244.3,202.3,244.6,205.2,241.5
2026-05-15T11:00:37Z,202.4,244.7,206.3,242.6,198.3,240.6,,,205.9,246.9,209.9,245.9,202.5,244.7,207.3,243.6,220.9,254.3,210.9,244.3,202.3,244.6,205.2,241.5
2026-05-15T13:03:42Z,202.4,244.7,206.3,242.6,198.3,240.6,,,205.9,246.9,209.9,245.9,202.5,244.7,207.3,243.6,220.9,254.3,210.9,244.3,202.3,244.6,205.2,241.5
2026-05-15T15:28:22Z,202.4,244.7,206.3,242.6,198.3,240.6,,,205.9,246.9,209.9,245.9,202.5,244.7,207.3,243.6,220.9,254.3,210.9,244.3,202.3,244.6,205.2,241.5
2026-05-15T17:10:24Z,205.4,246.7,209.3,244.6,198.3,240.6,,,207.9,246.9,211.9,245.9,205.5,246.7,210.3,245.6,223.9,256.3,213.9,246.3,205.3,246.6,208.2,243.5
2026-05-15T18:53:00Z,205.4,246.7,209.3,244.6,198.3,240.6,,,207.9,246.9,211.9,245.9,205.5,246.7,210.3,245.6,223.9,256.3,213.9,246.3,205.3,246.6,208.2,243.5
2026-05-15T20:14:42Z,205.4,246.7,209.3,244.6,198.3,240.6,,,207.9,246.9,211.9,245.9,205.5,246.7,210.3,245.6,223.9,256.3,213.9,246.3,205.3,246.6,208.2,243.5
2026-05-15T21:29:31Z,205.4,246.7,209.3,244.6,198.3,240.6,,,207.9,246.9,211.9,245.9,205.5,246.7,210.3,245.6,223.9,256.3,213.9,246.3,205.3,246.6,208.2,243.5
2026-05-15T22:31:18Z,205.4,246.7,209.3,244.6,198.3,240.6,,,207.9,246.9,211.9,245.9,205.5,246.7,210.3,245.6,223.9,256.3,213.9,246.3,205.3,246.6,208.2,243.5
2026-05-15T23:37:45Z,205.4,246.7,209.3,244.6,198.3,240.6,,,207.9,246.9,211.9,245.9,205.5,246.7,210.3,245.6,223.9,256.3,213.9,246.3,205.3,246.6,208.2,243.5
2026-05-16T01:23:31Z,205.4,246.7,209.3,244.6,198.3,240.6,,,207.9,246.9,211.9,245.9,205.5,246.7,210.3,245.6,223.9,256.3,213.9,246.3,205.3,246.6,208.2,243.5
2026-05-16T04:50:12Z,205.4,246.7,209.3,244.6,198.3,240.6,,,207.9,246.9,211.9,245.9,205.5,246.7,210.3,245.6,223.9,256.3,213.9,246.3,205.3,246.6,208.2,243.5
2026-05-16T07:11:50Z,205.4,246.7,209.3,244.6,198.3,240.6,,,207.9,246.9,211.9,245.9,205.5,246.7,210.3,245.6,223.9,256.3,213.9,246.3,205.3,246.6,208.2,243.5
2026-05-16T09:01:11Z,205.4,246.7,209.3,244.6,198.3,240.6,,,207.9,246.9,211.9,245.9,205.5,246.7,210.3,245.6,223.9,256.3,213.9,246.3,205.3,246.6,208.2,243.5
2026-05-16T10:37:29Z,205.4,246.7,209.3,244.6,198.3,240.6,,,207.9,246.9,211.9,245.9,205.5,246.7,210.3,245.6,223.9,256.3,213.9,246.3,205.3,246.6,208.2,243.5
2026-05-16T11:36:12Z,205.4,246.7,209.3,244.6,198.3,240.6,,,207.9,246.9,211.9,245.9,205.5,246.7,210.3,245.6,223.9,256.3,213.9,246.3,205.3,246.6,208.2,243.5
2026-05-16T12:44:38Z,205.4,246.7,209.3,244.6,198.3,240.6,,,207.9,246.9,211.9,245.9,205.5,246.7,210.3,245.6,223.9,256.3,213.9,246.3,205.3,246.6,208.2,243.5
2026-05-16T14:11:38Z,205.4,246.7,209.3,244.6,198.3,240.6,,,207.9,246.9,211.9,245.9,205.5,246.7,210.3,245.6,223.9,256.3,213.9,246.3,205.3,246.6,208.2,243.5
2026-05-16T15:16:27Z,205.4,246.7,209.3,244.6,198.3,240.6,,,207.9,246.9,211.9,245.9,205.5,246.7,210.3,245.6,223.9,256.3,213.9,246.3,205.3,246.6,208.2,243.5
2026-05-16T16:27:43Z,205.4,246.7,209.3,244.6,198.3,240.6,,,207.9,246.9,211.9,245.9,205.5,246.7,210.3,245.6,223.9,256.3,213.9,246.3,205.3,246.6,208.2,243.5
2026-05-16T17:30:36Z,205.4,246.7,209.3,244.6,198.3,240.6,,,207.9,246.9,211.9,245.9,205.5,246.7,210.3,245.6,223.9,256.3,213.9,246.3,205.3,246.6,208.2,243.5
2026-05-16T18:39:23Z,205.4,246.7,209.3,244.6,198.3,240.6,,,207.9,246.9,211.9,245.9,205.5,246.7,210.3,245.6,223.9,256.3,213.9,246.3,205.3,246.6,208.2,243.5
2026-05-16T19:46:46Z,205.4,246.7,209.3,244.6,198.3,240.6,,,207.9,246.9,211.9,245.9,205.5,246.7,210.3,245.6,223.9,256.3,213.9,246.3,205.3,246.6,208.2,243.5
2026-05-16T20:42:44Z,205.4,246.7,209.3,244.6,198.3,240.6,,,207.9,246.9,211.9,245.9,205.5,246.7,210.3,245.6,223.9,256.3,213.9,246.3,205.3,246.6,208.2,243.5
2026-05-16T21:34:43Z,205.4,246.7,209.3,244.6,198.3,240.6,,,207.9,246.9,211.9,245.9,205.5,246.7,210.3,245.6,223.9,256.3,213.9,246.3,205.3,246.6,208.2,243.5
2026-05-16T22:28:45Z,205.4,246.7,209.3,244.6,198.3,240.6,,,207.9,246.9,211.9,245.9,205.5,246.7,210.3,245.6,223.9,256.3,213.9,246.3,205.3,246.6,208.2,243.5
2026-05-16T23:29:48Z,205.4,246.7,209.3,244.6,198.3,240.6,,,207.9,246.9,211.9,245.9,205.5,246.7,210.3,245.6,223.9,256.3,213.9,246.3,205.3,246.6,208.2,243.5
2026-05-17T01:25:30Z,205.4,246.7,209.3,244.6,198.3,240.6,,,207.9,246.9,211.9,245.9,205.5,246.7,210.3,245.6,223.9,256.3,213.9,246.3,205.3,246.6,208.2,243.5
2026-05-17T05:08:36Z,205.4,246.7,209.3,244.6,198.3,240.6,,,207.9,246.9,211.9,245.9,205.5,246.7,210.3,245.6,223.9,256.3,213.9,246.3,205.3,246.6,208.2,243.5
2026-05-17T07:44:01Z,205.4,246.7,209.3,244.6,198.3,240.6,,,207.9,246.9,211.9,245.9,205.5,246.7,210.3,245.6,223.9,256.3,213.9,246.3,205.3,246.6,208.2,243.5
2026-05-17T09:24:06Z,205.4,246.7,209.3,244.6,198.3,240.6,,,207.9,246.9,211.9,245.9,205.5,246.7,210.3,245.6,223.9,256.3,213.9,246.3,205.3,246.6,208.2,243.5
2026-05-17T10:49:42Z,205.4,246.7,209.3,244.6,198.3,240.6,,,207.9,246.9,211.9,245.9,205.5,246.7,210.3,245.6,223.9,256.3,213.9,246.3,205.3,246.6,208.2,243.5
2026-05-17T11:58:36Z,205.4,246.7,209.3,244.6,198.3,240.6,,,207.9,246.9,211.9,245.9,205.5,246.7,210.3,245.6,223.9,256.3,213.9,246.3,205.3,246.6,208.2,243.5
2026-05-17T13:47:11Z,205.4,246.7,209.3,244.6,198.3,240.6,,,207.9,246.9,211.9,245.9,205.5,246.7,210.3,245.6,223.9,256.3,213.9,246.3,205.3,246.6,208.2,243.5
2026-05-17T14:54:25Z,205.4,246.7,209.3,244.6,198.3,240.6,,,207.9,246.9,211.9,245.9,205.5,246.7,210.3,245.6,223.9,256.3,213.9,246.3,205.3,246.6,208.2,243.5
2026-05-17T15:57:08Z,205.4,246.7,209.3,244.6,198.3,240.6,,,207.9,246.9,211.9,245.9,205.5,246.7,210.3,245.6,223.9,256.3,213.9,246.3,205.3,246.6,208.2,243.5
2026-05-17T17:00:01Z,205.4,246.7,209.3,244.6,198.3,240.6,,,207.9,246.9,211.9,245.9,205.5,246.7,210.3,245.6,223.9,256.3,213.9,246.3,205.3,246.6,208.2,243.5
2026-05-17T18:03:14Z,205.4,246.7,209.3,244.6,201.3,242.6,,,207.9,246.9,211.9,245.9,205.5,246.7,210.3,245.6,223.9,256.3,213.9,246.3,205.3,246.6,208.2,243.5
2026-05-17T19:35:39Z,205.4,246.7,209.3,244.6,201.3,242.6,,,207.9,246.9,211.9,245.9,205.5,246.7,210.3,245.6,223.9,256.3,213.9,246.3,205.3,246.6,208.2,243.5
2026-05-17T20:29:54Z,205.4,246.7,209.3,244.6,201.3,242.6,,,207.9,246.9,211.9,245.9,205.5,246.7,210.3,245.6,223.9,256.3,213.9,246.3,205.3,246.6,208.2,243.5
2026-05-17T21:29:27Z,205.4,246.7,209.3,244.6,201.3,242.6,,,207.9,246.9,211.9,245.9,205.5,246.7,210.3,245.6,223.9,256.3,213.9,246.3,205.3,246.6,208.2,243.5
2026-05-17T22:27:57Z,205.4,246.7,209.3,244.6,201.3,242.6,,,207.9,246.9,211.9,245.9,205.5,246.7,210.3,245.6,223.9,256.3,213.9,246.3,205.3,246.6,208.2,243.5
2026-05-17T23:31:01Z,205.4,246.7,209.3,244.6,201.3,242.6,,,207.9,246.9,211.9,245.9,205.5,246.7,210.3,245.6,223.9,256.3,213.9,246.3,205.3,246.6,208.2,243.5
2026-05-18T01:35:19Z,205.4,246.7,209.3,244.6,201.3,242.6,,,207.9,246.9,211.9,245.9,205.5,246.7,210.3,245.6,223.9,256.3,213.9,246.3,205.3,246.6,208.2,243.5
2026-05-18T05:57:24Z,205.4,246.7,209.3,244.6,201.3,242.6,,,207.9,246.9,211.9,245.9,205.5,246.7,210.3,245.6,223.9,256.3,213.9,246.3,205.3,246.6,208.2,243.5
2026-05-18T10:12:07Z,205.4,246.7,209.3,244.6,201.3,242.6,,,207.9,246.9,211.9,245.9,205.5,246.7,210.3,245.6,223.9,256.3,213.9,246.3,205.3,246.6,208.2,243.5
2026-05-18T14:01:04Z,205.4,246.7,209.3,244.6,201.3,242.6,,,207.9,246.9,211.9,245.9,205.5,246.7,210.3,245.6,223.9,256.3,213.9,246.3,205.3,246.6,208.2,243.5
2026-05-18T17:10:38Z,205.4,246.7,209.3,244.6,201.3,242.6,,,207.9,246.9,211.9,245.9,205.5,246.7,210.3,245.6,223.9,256.3,213.9,246.3,205.3,246.6,208.2,243.5
2026-05-18T19:02:44Z,205.4,246.7,209.3,244.6,201.3,242.6,,,207.9,246.9,211.9,245.9,205.5,246.7,210.3,245.6,223.9,256.3,213.9,246.3,205.3,246.6,208.2,243.5
2026-05-18T20:44:09Z,205.4,246.7,209.3,244.6,201.3,242.6,,,207.9,246.9,211.9,245.9,205.5,246.7,210.3,245.6,223.9,256.3,213.9,246.3,205.3,246.6,208.2,243.5
2026-05-18T21:52:17Z,205.4,246.7,209.3,244.6,201.3,242.6,,,207.9,246.9,211.9,245.9,205.5,246.7,210.3,245.6,223.9,256.3,213.9,246.3,205.3,246.6,208.2,243.5
2026-05-18T22:59:08Z,205.4,246.7,209.3,244.6,201.3,242.6,,,207.9,246.9,211.9,245.9,205.5,246.7,210.3,245.6,223.9,256.3,213.9,246.3,205.3,246.6,208.2,243.5
2026-05-19T00:14:32Z,205.4,246.7,209.3,244.6,201.3,242.6,,,207.9,246.9,211.9,245.9,205.5,246.7,210.3,245.6,223.9,256.3,213.9,246.3,205.3,246.6,208.2,243.5
2026-05-19T04:35:03Z,205.4,246.7,209.3,244.6,201.3,242.6,,,207.9,246.9,211.9,245.9,205.5,246.7,210.3,245.6,223.9,256.3,213.9,246.3,205.3,246.6,208.2,243.5
2026-05-19T08:06:00Z,205.4,246.7,209.3,244.6,201.3,242.6,,,207.9,246.9,211.9,245.9,205.5,246.7,210.3,245.6,223.9,256.3,213.9,246.3,205.3,246.6,208.2,243.5
2026-05-19T11:32:16Z,205.4,246.7,209.3,244.6,201.3,242.6,,,207.9,246.9,211.9,245.9,205.5,246.7,210.3,245.6,223.9,256.3,213.9,246.3,205.3,246.6,208.2,243.5
2026-05-19T14:15:28Z,205.4,246.7,209.3,244.6,201.3,242.6,,,207.9,246.9,211.9,245.9,205.5,246.7,210.3,245.6,223.9,256.3,213.9,246.3,205.3,246.6,208.2,243.5
2026-05-19T17:24:24Z,205.4,246.7,209.3,244.6,201.3,242.6,,,207.9,246.9,211.9,245.9,205.5,246.7,210.3,245.6,223.9,256.3,213.9,246.3,205.3,246.6,208.2,243.5
2026-05-19T19:24:45Z,205.4,246.7,209.3,244.6,201.3,242.6,,,207.9,246.9,211.9,245.9,205.5,246.7,210.3,245.6,223.9,256.3,213.9,246.3,205.3,246.6,208.2,243.5
2026-05-19T20:58:05Z,205.4,246.7,209.3,244.6,201.3,242.6,,,207.9,246.9,211.9,245.9,205.5,246.7,210.3,245.6,223.9,256.3,213.9,246.3,205.3,246.6,208.2,243.5
2026-05-19T22:19:41Z,205.4,246.7,209.3,244.6,201.3,242.6,,,207.9,246.9,211.9,245.9,205.5,246.7,210.3,245.6,223.9,256.3,213.9,246.3,205.3,246.6,208.2,243.5
2026-05-19T23:39:11Z,205.4,246.7,209.3,244.6,201.3,242.6,,,207.9,246.9,211.9,245.9,205.5,246.7,210.3,245.6,223.9,256.3,213.9,246.3,205.3,246.6,208.2,243.5
2026-05-20T01:35:18Z,205.4,246.7,209.3,244.6,201.3,242.6,,,207.9,246.9,211.9,245.9,205.5,246.7,210.3,245.6,223.9,256.3,213.9,246.3,205.3,246.6,208.2,243.5
2026-05-20T05:51:06Z,205.4,246.7,209.3,244.6,201.3,242.6,,,207.9,246.9,211.9,245.9,205.5,246.7,210.3,245.6,223.9,256.3,213.9,246.3,205.3,246.6,208.2,243.5
2026-05-20T09:27:59Z,205.4,246.7,209.3,244.6,201.3,242.6,,,207.9,246.9,211.9,245.9,205.5,246.7,210.3,245.6,223.9,256.3,213.9,246.3,205.3,246.6,208.2,243.5
2026-05-20T12:07:47Z,205.4,246.7,209.3,244.6,201.3,242.6,,,207.9,246.9,211.9,245.9,205.5,246.7,210.3,245.6,223.9,256.3,213.9,246.3,205.3,246.6,208.2,243.5
2026-05-20T15:55:08Z,205.4,246.7,209.3,244.6,201.3,242.6,,,207.9,246.9,211.9,245.9,205.5,246.7,210.3,245.6,223.9,256.3,213.9,246.3,205.3,246.6,208.2,243.5
2026-05-20T18:14:30Z,205.4,246.7,209.3,244.6,201.3,242.6,,,207.9,246.9,211.9,245.9,205.5,246.7,210.3,245.6,223.9,256.3,213.9,246.3,205.3,246.6,208.2,243.5
2026-05-20T20:31:20Z,205.4,246.7,209.3,244.6,201.3,242.6,,,207.9,246.9,211.9,245.9,205.5,246.7,210.3,245.6,223.9,256.3,213.9,246.3,205.3,246.6,208.2,243.5
2026-05-20T22:14:43Z,205.4,246.7,209.3,244.6,201.3,242.6,,,207.9,246.9,211.9,245.9,205.5,246.7,210.3,245.6,223.9,256.3,213.9,246.3,205.3,246.6,208.2,243.5
2026-05-20T23:40:51Z,205.4,246.7,209.3,244.6,201.3,242.6,,,207.9,246.9,211.9,245.9,205.5,246.7,210.3,245.6,223.9,256.3,213.9,246.3,205.3,246.6,208.2,243.5
2026-05-21T01:33:55Z,205.4,246.7,209.3,244.6,201.3,242.6,,,207.9,246.9,211.9,245.9,205.5,246.7,210.3,245.6,223.9,256.3,213.9,246.3,205.3,246.6,208.2,243.5
2026-05-21T05:53:46Z,205.4,246.7,209.3,244.6,201.3,242.6,,,207.9,246.9,211.9,245.9,205.5,246.7,210.3,245.6,223.9,256.3,213.9,246.3,205.3,246.6,208.2,243.5
2026-05-21T09:36:31Z,205.4,246.7,209.3,244.6,201.3,242.6,,,207.9,246.9,211.9,245.9,205.5,246.7,210.3,245.6,223.9,256.3,213.9,246.3,205.3,246.6,208.2,243.5
2026-05-21T12:33:45Z,205.4,246.7,209.3,244.6,201.3,242.6,,,207.9,246.9,211.9,245.9,205.5,246.7,210.3,245.6,223.9,256.3,213.9,246.3,205.3,246.6,208.2,243.5
2026-05-21T16:01:29Z,205.4,246.7,209.3,244.6,201.3,242.6,,,207.9,246.9,211.9,245.9,205.5,246.7,210.3,245.6,223.9,256.3,213.9,246.3,205.3,246.6,208.2,243.5
2026-05-21T18:12:22Z,205.4,246.7,209.3,244.6,201.3,242.6,,,207.9,246.9,211.9,245.9,205.5,246.7,210.3,245.6,223.9,256.3,213.9,246.3,205.3,246.6,208.2,243.5
2026-05-21T20:11:39Z,205.4,246.7,209.3,244.6,201.3,242.6,,,207.9,246.9,211.9,245.9,205.5,246.7,210.3,245.6,223.9,256.3,213.9,246.3,205.3,246.6,208.2,243.5
2026-05-21T21:48:20Z,205.4,246.7,209.3,244.6,201.3,242.6,,,207.9,246.9,211.9,245.9,205.5,246.7,210.3,245.6,223.9,256.3,213.9,246.3,205.3,246.6,208.2,243.5
2026-05-21T23:01:13Z,205.4,246.7,209.3,244.6,201.3,242.6,,,207.9,246.9,211.9,245.9,205.5,246.7,210.3,245.6,223.9,256.3,213.9,246.3,205.3,246.6,208.2,243.5
2026-05-22T00:15:05Z,205.4,246.7,209.3,244.6,201.3,242.6,,,207.9,246.9,211.9,245.9,205.5,246.7,210.3,245.6,223.9,256.3,213.9,246.3,205.3,246.6,208.2,243.5
2026-05-22T04:38:15Z,205.4,246.7,209.3,244.6,201.3,242.6,,,207.9,246.9,211.9,245.9,205.5,246.7,210.3,245.6,223.9,256.3,213.9,246.3,205.3,246.6,208.2,243.5
2026-05-22T08:02:30Z,205.4,246.7,209.3,244.6,201.3,242.6,,,207.9,246.9,211.9,245.9,205.5,246.7,210.3,245.6,223.9,256.3,213.9,246.3,205.3,246.6,208.2,243.5
2026-05-22T11:17:17Z,205.4,246.7,209.3,244.6,201.3,242.6,,,207.9,246.9,211.9,245.9,205.5,246.7,210.3,245.6,223.9,256.3,213.9,246.3,205.3,246.6,208.2,243.5
2026-05-22T13:42:06Z,205.4,246.7,209.3,244.6,201.3,242.6,,,207.9,246.9,211.9,245.9,205.5,246.7,210.3,245.6,223.9,256.3,213.9,246.3,205.3,246.6,208.2,243.5
2026-05-22T16:08:28Z,205.4,246.7,209.3,244.6,201.3,242.6,,,207.9,246.9,211.9,245.9,205.5,246.7,210.3,245.6,223.9,256.3,213.9,246.3,205.3,246.6,208.2,243.5
2026-05-22T18:03:55Z,205.4,246.7,209.3,244.6,201.3,242.6,,,207.9,246.9,211.9,245.9,205.5,246.7,210.3,245.6,223.9,256.3,213.9,246.3,205.3,246.6,208.2,243.5
2026-05-22T20:09:58Z,205.4,246.7,209.3,244.6,200.3,241.6,,,207.9,246.9,211.9,245.9,205.5,246.7,210.3,245.6,223.9,256.3,213.9,246.3,205.3,246.6,208.2,243.5
2026-05-22T21:35:18Z,205.4,246.7,209.3,244.6,200.3,241.6,,,207.9,246.9,211.9,245.9,205.5,246.7,210.3,245.6,223.9,256.3,213.9,246.3,205.3,246.6,208.2,243.5
2026-05-22T22:41:01Z,205.4,246.7,209.3,244.6,200.3,241.6,,,207.9,246.9,211.9,245.9,205.5,246.7,210.3,245.6,223.9,256.3,213.9,246.3,205.3,246.6,208.2,243.5
2026-05-22T23:46:56Z,205.4,246.7,209.3,244.6,200.3,241.6,,,207.9,246.9,211.9,245.9,205.5,246.7,210.3,245.6,223.9,256.3,213.9,246.3,205.3,246.6,208.2,243.5
2026-05-23T02:46:41Z,205.4,246.7,209.3,244.6,200.3,241.6,,,207.9,246.9,211.9,245.9,205.5,246.7,210.3,245.6,223.9,256.3,213.9,246.3,205.3,246.6,208.2,243.5
2026-05-23T06:11:08Z,205.4,246.7,209.3,244.6,200.3,241.6,,,207.9,246.9,211.9,245.9,205.5,246.7,210.3,245.6,223.9,256.3,213.9,246.3,205.3,246.6,208.2,243.5
2026-05-23T08:31:05Z,205.4,246.7,209.3,244.6,200.3,241.6,,,207.9,246.9,211.9,245.9,205.5,246.7,210.3,245.6,223.9,256.3,213.9,246.3,205.3,246.6,208.2,243.5
2026-05-23T10:14:58Z,205.4,246.7,209.3,244.6,200.3,241.6,,,207.9,246.9,211.9,245.9,205.5,246.7,210.3,245.6,223.9,256.3,213.9,246.3,205.3,246.6,208.2,243.5
2026-05-23T11:37:07Z,205.4,246.7,209.3,244.6,200.3,241.6,,,207.9,246.9,211.9,245.9,205.5,246.7,210.3,245.6,223.9,256.3,213.9,246.3,205.3,246.6,208.2,243.5
2026-05-23T12:42:22Z,205.4,246.7,209.3,244.6,200.3,241.6,,,207.9,246.9,211.9,245.9,205.5,246.7,210.3,245.6,223.9,256.3,213.9,246.3,205.3,246.6,208.2,243.5
2026-05-23T14:16:19Z,205.4,246.7,209.3,244.6,200.3,241.6,,,207.9,246.9,211.9,245.9,205.5,246.7,210.3,245.6,223.9,256.3,213.9,246.3,205.3,246.6,208.2,243.5
2026-05-23T15:39:40Z,205.4,246.7,209.3,244.6,200.3,241.6,,,207.9,246.9,211.9,245.9,205.5,246.7,210.3,245.6,223.9,256.3,213.9,246.3,205.3,246.6,208.2,243.5
2026-05-23T16:40:34Z,205.4,246.7,209.3,244.6,200.3,241.6,,,207.9,246.9,211.9,245.9,205.5,246.7,210.3,245.6,223.9,256.3,213.9,246.3,205.3,246.6,208.2,243.5
2026-05-23T17:43:11Z,205.4,246.7,209.3,244.6,200.3,241.6,,,207.9,246.9,211.9,245.9,205.5,246.7,210.3,245.6,223.9,256.3,213.9,246.3,205.3,246.6,208.2,243.5
2026-05-23T18:43:48Z,205.4,246.7,209.3,244.6,200.3,241.6,,,207.9,246.9,211.9,245.9,205.5,246.7,210.3,245.6,223.9,256.3,213.9,246.3,205.3,246.6,208.2,243.5
2026-05-23T19:52:40Z,205.4,246.7,209.3,244.6,200.3,241.6,,,207.9,246.9,211.9,245.9,205.5,246.7,210.3,245.6,223.9,256.3,213.9,246.3,205.3,246.6,208.2,243.5
2026-05-23T20:47:50Z,205.4,246.7,209.3,244.6,200.3,241.6,,,207.9,246.9,211.9,245.9,205.5,246.7,210.3,245.6,223.9,256.3,213.9,246.3,205.3,246.6,208.2,243.5
2026-05-23T21:51:57Z,205.4,246.7,209.3,244.6,200.3,241.6,,,207.9,246.9,211.9,245.9,205.5,246.7,210.3,245.6,223.9,256.3,213.9,246.3,205.3,246.6,208.2,243.5
2026-05-23T22:50:43Z,205.4,246.7,209.3,244.6,200.3,241.6,,,207.9,246.9,211.9,245.9,205.5,246.7,210.3,245.6,223.9,256.3,213.9,246.3,205.3,246.6,208.2,243.5
2026-05-23T23:54:57Z,205.4,246.7,209.3,244.6,200.3,241.6,,,207.9,246.9,211.9,245.9,205.5,246.7,210.3,245.6,223.9,256.3,213.9,246.3,205.3,246.6,208.2,243.5
2026-05-24T03:23:57Z,205.4,246.7,209.3,244.6,200.3,241.6,,,207.9,246.9,211.9,245.9,205.5,246.7,210.3,245.6,223.9,256.3,213.9,246.3,205.3,246.6,208.2,243.5
2026-05-24T06:49:20Z,205.4,246.7,209.3,244.6,200.3,241.6,,,207.9,246.9,211.9,245.9,205.5,246.7,210.3,245.6,223.9,256.3,213.9,246.3,205.3,246.6,208.2,243.5
2026-05-24T09:20:25Z,205.4,246.7,209.3,244.6,200.3,241.6,,,207.9,246.9,211.9,245.9,205.5,246.7,210.3,245.6,223.9,256.3,213.9,246.3,205.3,246.6,208.2,243.5
2026-05-24T10:53:43Z,205.4,246.7,209.3,244.6,200.3,241.6,,,207.9,246.9,211.9,245.9,205.5,246.7,210.3,245.6,223.9,256.3,213.9,246.3,205.3,246.6,208.2,243.5
2026-05-24T11:59:12Z,205.4,246.7,209.3,244.6,200.3,241.6,,,207.9,246.9,211.9,245.9,205.5,246.7,210.3,245.6,223.9,256.3,213.9,246.3,205.3,246.6,208.2,243.5
2026-05-24T13:52:31Z,205.4,246.7,209.3,244.6,200.3,241.6,,,207.9,246.9,211.9,245.9,205.5,246.7,210.3,245.6,223.9,256.3,213.9,246.3,205.3,246.6,208.2,243.5
2026-05-24T15:01:04Z,205.4,246.7,209.3,244.6,200.3,241.6,,,207.9,246.9,211.9,245.9,205.5,246.7,210.3,245.6,223.9,256.3,213.9,246.3,205.3,246.6,208.2,243.5
2026-05-24T16:13:54Z,205.4,246.7,209.3,244.6,200.3,241.6,,,207.9,246.9,211.9,245.9,205.5,246.7,210.3,245.6,223.9,256.3,213.9,246.3,205.3,246.6,208.2,243.5
2026-05-24T17:17:41Z,205.4,246.7,209.3,244.6,200.3,241.6,,,207.9,246.9,211.9,245.9,205.5,246.7,210.3,245.6,223.9,256.3,213.9,246.3,205.3,246.6,208.2,243.5
2026-05-24T18:36:05Z,205.4,246.7,209.3,244.6,200.3,241.6,,,207.9,246.9,211.9,245.9,205.5,246.7,210.3,245.6,223.9,256.3,213.9,246.3,205.3,246.6,208.2,243.5
2026-05-24T19:49:45Z,205.4,246.7,209.3,244.6,200.3,241.6,,,207.9,246.9,211.9,245.9,205.5,246.7,210.3,245.6,223.9,256.3,213.9,246.3,205.3,246.6,208.2,243.5
2026-05-24T20:53:21Z,205.4,246.7,209.3,244.6,200.3,241.6,,,207.9,246.9,211.9,245.9,205.5,246.7,210.3,245.6,223.9,256.3,213.9,246.3,205.3,246.6,208.2,243.5
2026-05-24T21:54:11Z,205.4,246.7,209.3,244.6,200.3,241.6,,,207.9,246.9,211.9,245.9,205.5,246.7,210.3,245.6,223.9,256.3,213.9,246.3,205.3,246.6,208.2,243.5
2026-05-24T22:55:49Z,205.4,246.7,209.3,244.6,200.3,241.6,,,207.9,246.9,211.9,245.9,205.5,246.7,210.3,245.6,223.9,256.3,213.9,246.3,205.3,246.6,208.2,243.5
2026-05-24T23:58:39Z,205.4,246.7,209.3,244.6,200.3,241.6,,,207.9,246.9,211.9,245.9,205.5,246.7,210.3,245.6,223.9,256.3,213.9,246.3,205.3,246.6,208.2,243.5
2026-05-25T04:38:49Z,205.4,246.7,209.3,244.6,200.3,241.6,,,207.9,246.9,211.9,245.9,205.5,246.7,210.3,245.6,223.9,256.3,213.9,246.3,205.3,246.6,208.2,243.5
2026-05-25T08:47:08Z,205.4,246.7,209.3,244.6,200.3,241.6,,,207.9,246.9,211.9,245.9,205.5,246.7,210.3,245.6,223.9,256.3,213.9,246.3,205.3,246.6,208.2,243.5
2026-05-25T12:28:14Z,205.4,246.7,209.3,244.6,200.3,241.6,,,207.9,246.9,211.9,245.9,205.5,246.7,210.3,245.6,223.9,256.3,213.9,246.3,205.3,246.6,208.2,243.5
2026-05-25T15:37:43Z,205.4,246.7,209.3,244.6,200.3,241.6,,,207.9,246.9,211.9,245.9,205.5,246.7,210.3,245.6,223.9,256.3,213.9,246.3,205.3,246.6,208.2,243.5
2026-05-25T17:22:21Z,205.4,246.7,209.3,244.6,200.3,241.6,,,207.9,246.9,211.9,245.9,205.5,246.7,210.3,245.6,223.9,256.3,213.9,246.3,205.3,246.6,208.2,243.5
2026-05-25T18:58:54Z,205.4,246.7,209.3,244.6,200.3,241.6,,,207.9,246.9,211.9,245.9,205.5,246.7,210.3,245.6,223.9,256.3,213.9,246.3,205.3,246.6,208.2,243.5
2026-05-25T20:24:46Z,205.4,246.7,209.3,244.6,200.3,241.6,,,207.9,246.9,211.9,245.9,205.5,246.7,210.3,245.6,223.9,256.3,213.9,246.3,205.3,246.6,208.2,243.5
2026-05-25T21:43:56Z,205.4,246.7,209.3,244.6,200.3,241.6,,,207.9,246.9,211.9,245.9,205.5,246.7,210.3,245.6,223.9,256.3,213.9,246.3,205.3,246.6,208.2,243.5
2026-05-25T22:43:57Z,205.4,246.7,209.3,244.6,200.3,241.6,,,207.9,246.9,211.9,245.9,205.5,246.7,210.3,245.6,223.9,256.3,213.9,246.3,205.3,246.6,208.2,243.5
2026-05-25T23:47:38Z,205.4,246.7,209.3,244.6,200.3,241.6,,,207.9,246.9,211.9,245.9,205.5,246.7,210.3,245.6,223.9,256.3,213.9,246.3,205.3,246.6,208.2,243.5
2026-05-26T02:54:50Z,205.4,246.7,209.3,244.6,200.3,241.6,,,207.9,246.9,211.9,245.9,205.5,246.7,210.3,245.6,223.9,256.3,213.9,246.3,205.3,246.6,208.2,243.5
2026-05-26T06:44:13Z,205.4,246.7,209.3,244.6,200.3,241.6,,,207.9,246.9,211.9,245.9,205.5,246.7,210.3,245.6,223.9,256.3,213.9,246.3,205.3,246.6,208.2,243.5
2026-05-26T10:37:11Z,205.4,246.7,209.3,244.6,200.3,241.6,,,207.9,246.9,211.9,245.9,205.5,246.7,210.3,245.6,223.9,256.3,213.9,246.3,205.3,246.6,208.2,243.5
2026-05-26T13:40:07Z,205.4,246.7,209.3,244.6,200.3,241.6,,,207.9,246.9,211.9,245.9,205.5,246.7,210.3,245.6,223.9,256.3,213.9,246.3,205.3,246.6,208.2,243.5
2026-05-26T17:00:55Z,205.4,246.7,209.3,244.6,200.3,241.6,,,207.9,246.9,211.9,245.9,205.5,246.7,210.3,245.6,223.9,259.3,213.9,249.3,205.3,246.6,208.2,243.5
2026-05-26T19:27:30Z,205.4,246.7,209.3,244.6,200.3,241.6,,,207.9,246.9,211.9,245.9,205.5,246.7,210.3,245.6,223.9,259.3,213.9,249.3,205.3,246.6,208.2,243.5
2026-05-26T21:10:49Z,205.4,246.7,209.3,244.6,198.3,239.6,,,207.9,246.9,211.9,245.9,205.5,246.7,210.3,245.6,223.9,259.3,213.9,249.3,205.3,246.6,208.2,243.5
2026-05-26T22:39:07Z,205.4,246.7,209.3,244.6,198.3,239.6,,,207.9,246.9,211.9,245.9,205.5,246.7,210.3,245.6,223.9,259.3,213.9,249.3,205.3,246.6,208.2,243.5
2026-05-26T23:47:35Z,205.4,246.7,209.3,244.6,198.3,239.6,,,207.9,246.9,211.9,245.9,205.5,246.7,210.3,245.6,223.9,259.3,213.9,249.3,205.3,246.6,208.2,243.5
2026-05-27T03:34:21Z,205.4,246.7,209.3,244.6,198.3,239.6,,,207.9,246.9,211.9,245.9,205.5,246.7,210.3,245.6,223.9,259.3,213.9,249.3,205.3,246.6,208.2,243.5
2026-05-27T07:49:54Z,205.4,246.7,209.3,244.6,198.3,239.6,,,207.9,246.9,211.9,245.9,205.5,246.7,210.3,245.6,223.9,259.3,213.9,249.3,205.3,246.6,208.2,243.5
2026-05-27T11:35:48Z,205.4,246.7,209.3,244.6,198.3,239.6,,,207.9,246.9,211.9,245.9,205.5,246.7,210.3,245.6,223.9,259.3,213.9,249.3,205.3,246.6,208.2,243.5
2026-05-27T14:43:38Z,205.4,246.7,209.3,244.6,198.3,239.6,,,207.9,246.9,211.9,245.9,205.5,246.7,210.3,245.6,223.9,259.3,213.9,249.3,205.3,246.6,208.2,243.5
2026-05-27T17:45:15Z,205.4,246.7,209.3,244.6,198.3,239.6,,,207.9,246.9,211.9,245.9,205.5,246.7,210.3,245.6,223.9,259.3,213.9,249.3,205.3,246.6,208.2,243.5
2026-05-27T19:49:44Z,205.4,246.7,209.3,244.6,198.3,239.6,,,207.9,246.9,211.9,245.9,205.5,246.7,210.3,245.6,223.9,259.3,213.9,249.3,205.3,246.6,208.2,243.5
2026-05-27T21:51:47Z,205.4,246.7,209.3,244.6,198.3,239.6,,,207.9,246.9,211.9,245.9,205.5,246.7,210.3,245.6,223.9,259.3,213.9,249.3,205.3,246.6,208.2,243.5
2026-05-27T23:14:47Z,205.4,246.7,209.3,244.6,198.3,239.6,,,207.9,246.9,211.9,245.9,205.5,246.7,210.3,245.6,223.9,259.3,213.9,249.3,205.3,246.6,208.2,243.5
2026-05-28T00:15:53Z,205.4,246.7,209.3,244.6,198.3,239.6,,,207.9,246.9,211.9,245.9,205.5,246.7,210.3,245.6,223.9,259.3,213.9,249.3,205.3,246.6,208.2,243.5
2026-05-28T04:49:02Z,205.4,246.7,209.3,244.6,198.3,239.6,,,207.9,246.9,211.9,245.9,205.5,246.7,210.3,245.6,223.9,259.3,213.9,249.3,205.3,246.6,208.2,243.5
2026-05-28T08:41:00Z,205.4,246.7,209.3,244.6,198.3,239.6,,,207.9,246.9,211.9,245.9,205.5,246.7,210.3,245.6,223.9,259.3,213.9,249.3,205.3,246.6,208.2,243.5
2026-05-28T12:05:52Z,205.4,246.7,209.3,244.6,198.3,239.6,,,207.9,246.9,211.9,245.9,205.5,246.7,210.3,245.6,223.9,259.3,213.9,249.3,205.3,246.6,208.2,243.5
2026-05-28T16:33:40Z,205.4,246.7,209.3,244.6,198.3,239.6,,,207.9,246.9,211.9,245.9,205.5,246.7,210.3,245.6,223.9,259.3,213.9,249.3,205.3,246.6,208.2,243.5
2026-05-28T19:21:45Z,205.4,246.7,209.3,244.6,198.3,239.6,,,207.9,246.9,211.9,245.9,205.5,246.7,210.3,245.6,223.9,259.3,213.9,249.3,205.3,246.6,208.2,243.5
2026-05-28T21:30:08Z,205.4,246.7,209.3,244.6,198.3,239.6,,,207.9,246.9,211.9,245.9,205.5,246.7,210.3,245.6,223.9,259.3,213.9,249.3,205.3,246.6,208.2,243.5
2026-05-28T22:54:52Z,205.4,246.7,209.3,244.6,198.3,239.6,,,207.9,246.9,211.9,245.9,205.5,246.7,210.3,245.6,223.9,259.3,213.9,249.3,205.3,246.6,208.2,243.5
2026-05-29T00:09:23Z,205.4,246.7,209.3,244.6,198.3,239.6,,,207.9,246.9,211.9,245.9,205.5,246.7,210.3,245.6,223.9,259.3,213.9,249.3,205.3,246.6,208.2,243.5
2026-05-29T04:42:04Z,205.4,246.7,209.3,244.6,198.3,239.6,,,207.9,246.9,211.9,245.9,205.5,246.7,210.3,245.6,223.9,259.3,213.9,249.3,205.3,246.6,208.2,243.5
2026-05-29T08:30:47Z,205.4,246.7,209.3,244.6,198.3,239.6,,,207.9,246.9,211.9,245.9,205.5,246.7,210.3,245.6,223.9,259.3,213.9,249.3,205.3,246.6,208.2,243.5
2026-05-29T11:55:58Z,205.4,246.7,209.3,244.6,198.3,239.6,,,207.9,246.9,211.9,245.9,205.5,246.7,210.3,245.6,223.9,259.3,213.9,249.3,205.3,246.6,208.2,243.5
2026-05-29T15:31:10Z,205.4,246.7,209.3,244.6,198.3,239.6,,,207.9,246.9,211.9,245.9,205.5,246.7,210.3,245.6,223.9,259.3,213.9,249.3,205.3,246.6,208.2,243.5
2026-05-29T18:20:50Z,205.4,246.7,209.3,244.6,198.3,239.6,,,207.9,246.9,211.9,245.9,205.5,246.7,210.3,245.6,223.9,259.3,213.9,249.3,205.3,246.6,208.2,243.5
2026-05-29T20:41:53Z,205.4,246.7,209.3,244.6,198.3,239.6,,,207.9,246.9,211.9,245.9,205.5,246.7,210.3,245.6,223.9,259.3,213.9,249.3,205.3,246.6,208.2,243.5
2026-05-29T22:19:14Z,205.4,246.7,209.3,244.6,198.3,239.6,,,207.9,246.9,211.9,245.9,205.5,246.7,210.3,245.6,223.9,259.3,213.9,249.3,205.3,246.6,208.2,243.5
2026-05-29T23:48:11Z,205.4,246.7,209.3,244.6,198.3,239.6,,,207.9,246.9,211.9,245.9,205.5,246.7,210.3,245.6,223.9,259.3,213.9,249.3,205.3,246.6,208.2,243.5
2026-05-30T02:50:56Z,205.4,246.7,209.3,244.6,198.3,239.6,,,207.9,246.9,211.9,245.9,205.5,246.7,210.3,245.6,223.9,259.3,213.9,249.3,205.3,246.6,208.2,243.5
2026-05-30T06:21:41Z,205.4,246.7,209.3,244.6,198.3,239.6,,,207.9,246.9,211.9,245.9,205.5,246.7,210.3,245.6,223.9,259.3,213.9,249.3,205.3,246.6,208.2,243.5
2026-05-30T08:59:33Z,205.4,246.7,209.3,244.6,198.3,239.6,,,207.9,246.9,211.9,245.9,205.5,246.7,210.3,245.6,223.9,259.3,213.9,249.3,205.3,246.6,208.2,243.5
2026-05-30T10:50:24Z,205.4,246.7,209.3,244.6,198.3,239.6,,,207.9,246.9,211.9,245.9,205.5,246.7,210.3,245.6,223.9,259.3,213.9,249.3,205.3,246.6,208.2,243.5
2026-05-30T12:03:43Z,205.4,246.7,209.3,244.6,198.3,239.6,,,207.9,246.9,211.9,245.9,205.5,246.7,210.3,245.6,223.9,259.3,213.9,249.3,205.3,246.6,208.2,243.5
2026-05-30T14:03:40Z,205.4,246.7,209.3,244.6,198.3,239.6,,,207.9,246.9,211.9,245.9,205.5,246.7,210.3,245.6,223.9,259.3,213.9,249.3,205.3,246.6,208.2,243.5
2026-05-30T15:35:29Z,205.4,246.7,209.3,244.6,198.3,239.6,,,207.9,246.9,211.9,245.9,205.5,246.7,210.3,245.6,223.9,259.3,213.9,249.3,205.3,246.6,208.2,243.5
2026-05-30T16:42:51Z,205.4,246.7,209.3,244.6,198.3,239.6,,,207.9,246.9,211.9,245.9,205.5,246.7,210.3,245.6,223.9,259.3,213.9,249.3,205.3,246.6,208.2,243.5
2026-05-30T17:46:27Z,205.4,246.7,209.3,244.6,198.3,239.6,,,207.9,246.9,211.9,245.9,205.5,246.7,210.3,245.6,223.9,259.3,213.9,249.3,205.3,246.6,208.2,243.5
2026-05-30T19:09:52Z,205.4,246.7,209.3,244.6,198.3,239.6,,,207.9,246.9,211.9,245.9,205.5,246.7,210.3,245.6,223.9,259.3,213.9,249.3,205.3,246.6,208.2,243.5
2026-05-30T20:16:56Z,205.4,246.7,209.3,244.6,198.3,239.6,,,207.9,246.9,211.9,245.9,205.5,246.7,210.3,245.6,223.9,259.3,213.9,249.3,205.3,246.6,208.2,243.5
2026-05-30T21:32:13Z,205.4,246.7,209.3,244.6,198.3,239.6,,,207.9,246.9,211.9,245.9,205.5,246.7,210.3,245.6,223.9,259.3,213.9,249.3,205.3,246.6,208.2,243.5
2026-05-30T22:37:55Z,205.4,246.7,209.3,244.6,198.3,239.6,,,207.9,246.9,211.9,245.9,205.5,246.7,210.3,245.6,223.9,259.3,213.9,249.3,205.3,246.6,208.2,243.5
2026-05-30T23:41:35Z,205.4,246.7,209.3,244.6,198.3,239.6,,,207.9,246.9,211.9,245.9,205.5,246.7,210.3,245.6,223.9,259.3,213.9,249.3,205.3,246.6,208.2,243.5
2026-05-31T01:51:59Z,205.4,246.7,209.3,244.6,198.3,239.6,,,207.9,246.9,211.9,245.9,205.5,246.7,210.3,245.6,223.9,259.3,213.9,249.3,205.3,246.6,208.2,243.5
2026-05-31T06:16:15Z,205.4,246.7,209.3,244.6,198.3,239.6,,,207.9,246.9,211.9,245.9,205.5,246.7,210.3,245.6,223.9,259.3,213.9,249.3,205.3,246.6,208.2,243.5
2026-05-31T09:28:07Z,205.4,246.7,209.3,244.6,198.3,239.6,,,207.9,246.9,211.9,245.9,205.5,246.7,210.3,245.6,223.9,259.3,213.9,249.3,205.3,246.6,208.2,243.5
2026-05-31T11:16:32Z,205.4,246.7,209.3,244.6,198.3,239.6,,,207.9,246.9,211.9,245.9,205.5,246.7,210.3,245.6,223.9,259.3,213.9,249.3,205.3,246.6,208.2,243.5
2026-05-31T12:56:13Z,205.4,246.7,209.3,244.6,198.3,239.6,,,207.9,246.9,211.9,245.9,205.5,246.7,210.3,245.6,223.9,259.3,213.9,249.3,205.3,246.6,208.2,243.5
2026-05-31T14:44:59Z,205.4,246.7,209.3,244.6,198.3,239.6,,,207.9,246.9,211.9,245.9,205.5,246.7,210.3,245.6,223.9,259.3,213.9,249.3,205.3,246.6,208.2,243.5
2026-05-31T15:55:50Z,205.4,246.7,209.3,244.6,198.3,239.6,,,207.9,246.9,211.9,245.9,205.5,246.7,210.3,245.6,223.9,259.3,213.9,249.3,205.3,246.6,208.2,243.5
2026-05-31T17:05:25Z,205.4,246.7,209.3,244.6,198.3,239.6,,,207.9,246.9,211.9,245.9,205.5,246.7,210.3,245.6,223.9,259.3,213.9,249.3,205.3,246.6,208.2,243.5
2026-05-31T18:16:50Z,205.4,246.7,209.3,244.6,198.3,239.6,,,207.9,246.9,211.9,245.9,205.5,246.7,210.3,245.6,223.9,259.3,213.9,249.3,205.3,246.6,208.2,243.5
2026-05-31T19:48:27Z,205.4,246.7,209.3,244.6,198.3,239.6,,,207.9,246.9,211.9,245.9,205.5,246.7,210.3,245.6,223.9,259.3,213.9,249.3,205.3,246.6,208.2,243.5
2026-05-31T20:56:56Z,205.4,246.7,209.3,244.6,198.3,239.6,,,207.9,246.9,211.9,245.9,205.5,246.7,210.3,245.6,223.9,259.3,213.9,249.3,205.3,246.6,208.2,243.5
2026-05-31T22:01:49Z,205.4,246.7,209.3,244.6,198.3,239.6,,,207.9,246.9,211.9,245.9,205.5,246.7,210.3,245.6,223.9,259.3,213.9,249.3,205.3,246.6,208.2,243.5
2026-05-31T23:17:01Z,205.4,246.7,209.3,244.6,198.3,239.6,,,207.9,246.9,211.9,245.9,205.5,246.7,210.3,245.6,223.9,259.3,213.9,249.3,205.3,246.6,208.2,243.5
2026-06-01T01:38:06Z,205.4,246.7,209.3,244.6,198.3,239.6,,,207.9,246.9,211.9,245.9,205.5,246.7,210.3,245.6,223.9,259.3,213.9,249.3,205.3,246.6,208.2,243.5
2026-06-01T06:32:38Z,205.4,246.7,209.3,244.6,198.3,239.6,,,207.9,246.9,211.9,245.9,205.5,246.7,210.3,245.6,223.9,259.3,213.9,249.3,205.3,246.6,208.2,243.5
2026-06-01T12:21:03Z,205.4,246.7,209.3,244.6,198.3,239.6,,,207.9,246.9,211.9,245.9,205.5,246.7,210.3,245.6,223.9,259.3,213.9,249.3,205.3,246.6,208.2,243.5
2026-06-01T18:22:26Z,205.4,246.7,209.3,244.6,198.3,239.6,,,207.9,246.9,211.9,245.9,205.5,246.7,210.3,245.6,223.9,259.3,213.9,249.3,205.3,246.6,208.2,243.5
2026-06-01T21:47:46Z,205.4,246.7,209.3,244.6,198.3,239.6,,,207.9,246.9,211.9,245.9,205.5,246.7,210.3,245.6,223.9,259.3,213.9,249.3,205.3,246.6,208.2,243.5
2026-06-01T23:25:08Z,205.4,246.7,209.3,244.6,198.3,239.6,,,207.9,246.9,211.9,245.9,205.5,246.7,210.3,245.6,223.9,259.3,213.9,249.3,205.3,246.6,208.2,243.5
2026-06-02T01:57:21Z,205.4,246.7,209.3,244.6,198.3,239.6,,,207.9,246.9,211.9,245.9,205.5,246.7,210.3,245.6,223.9,259.3,213.9,249.3,205.3,246.6,208.2,243.5
2026-06-02T06:45:02Z,205.4,246.7,209.3,244.6,198.3,239.6,,,207.9,246.9,211.9,245.9,205.5,246.7,210.3,245.6,223.9,259.3,213.9,249.3,205.3,246.6,208.2,243.5
2026-06-02T11:08:31Z,205.4,246.7,209.3,244.6,198.3,239.6,,,207.9,246.9,211.9,245.9,205.5,246.7,210.3,245.6,223.9,259.3,213.9,249.3,205.3,246.6,208.2,243.5
2026-06-02T15:10:52Z,205.4,246.7,209.3,244.6,198.3,239.6,,,207.9,246.9,211.9,245.9,205.5,246.7,210.3,245.6,223.9,259.3,213.9,249.3,205.3,246.6,208.2,243.5
2026-06-02T18:54:18Z,205.4,246.7,209.3,244.6,198.3,239.6,,,207.9,246.9,211.9,245.9,205.5,246.7,210.3,245.6,223.9,259.3,213.9,249.3,205.3,246.6,208.2,243.5
2026-06-02T21:46:08Z,205.4,246.7,209.3,244.6,198.3,239.6,,,207.9,246.9,211.9,245.9,205.5,246.7,210.3,245.6,223.9,259.3,213.9,249.3,205.3,246.6,208.2,243.5
2026-06-02T23:43:44Z,205.4,246.7,209.3,244.6,198.3,239.6,,,207.9,246.9,211.9,245.9,205.5,246.7,210.3,245.6,223.9,259.3,213.9,249.3,205.3,246.6,208.2,243.5
2026-06-03T02:12:44Z,205.4,246.7,209.3,244.6,198.3,239.6,,,207.9,246.9,211.9,245.9,205.5,246.7,210.3,245.6,223.9,259.3,213.9,249.3,205.3,246.6,208.2,243.5
2026-06-03T07:13:49Z,205.4,246.7,209.3,244.6,198.3,239.6,,,207.9,246.9,211.9,245.9,205.5,246.7,210.3,245.6,223.9,259.3,213.9,249.3,205.3,246.6,208.2,243.5
2026-06-03T12:12:19Z,205.4,246.7,209.3,244.6,198.3,239.6,,,207.9,246.9,211.9,245.9,205.5,246.7,210.3,245.6,223.9,259.3,213.9,249.3,205.3,246.6,208.2,243.5
2026-06-03T17:17:38Z,205.4,244.7,209.3,242.6,198.3,239.6,,,207.9,246.9,211.9,245.9,205.5,244.7,210.3,243.6,223.9,257.3,213.9,247.3,205.3,244.6,208.2,241.5
2026-06-03T20:36:02Z,205.4,244.7,209.3,242.6,198.3,239.6,,,207.9,246.9,211.9,245.9,205.5,244.7,210.3,243.6,223.9,257.3,213.9,247.3,205.3,244.6,208.2,241.5
2026-06-03T22:53:16Z,205.4,244.7,209.3,242.6,198.3,239.6,,,207.9,246.9,211.9,245.9,205.5,244.7,210.3,243.6,223.9,257.3,213.9,247.3,205.3,244.6,208.2,241.5
2026-06-04T00:28:35Z,205.4,244.7,209.3,242.6,198.3,239.6,,,207.9,246.9,211.9,245.9,205.5,244.7,210.3,243.6,223.9,257.3,213.9,247.3,205.3,244.6,208.2,241.5
2026-06-04T05:23:46Z,205.4,244.7,209.3,242.6,198.3,239.6,,,207.9,246.9,211.9,245.9,205.5,244.7,210.3,243.6,223.9,257.3,213.9,247.3,205.3,244.6,208.2,241.5
2026-06-04T09:09:59Z,205.4,244.7,209.3,242.6,198.3,239.6,,,207.9,246.9,211.9,245.9,205.5,244.7,210.3,243.6,223.9,257.3,213.9,247.3,205.3,244.6,208.2,241.5
2026-06-04T12:17:46Z,205.4,244.7,209.3,242.6,195.3,234.6,,,207.9,246.9,211.9,245.9,205.5,244.7,210.3,243.6,223.9,257.3,213.9,247.3,205.3,244.6,208.2,241.5
2026-06-04T15:58:00Z,203.4,242.7,207.3,240.6,195.3,234.6,,,207.9,246.9,211.9,245.9,203.4,242.7,208.2,241.6,221.9,255.3,211.9,245.3,203.3,242.6,206.1,239.5
2026-06-04T18:23:00Z,203.4,242.7,207.3,240.6,195.3,234.6,,,207.9,246.9,211.9,245.9,203.4,242.7,208.2,241.6,221.9,255.3,211.9,245.3,203.3,242.6,206.1,239.5
2026-06-04T20:31:14Z,203.4,242.7,207.3,240.6,195.3,234.6,,,207.9,246.9,211.9,245.9,203.4,242.7,208.2,241.6,221.9,255.3,211.9,245.3,203.3,242.6,206.1,239.5
2026-06-04T22:11:26Z,203.4,242.7,207.3,240.6,195.3,234.6,,,207.9,246.9,211.9,245.9,203.4,242.7,208.2,241.6,221.9,255.3,211.9,245.3,203.3,242.6,206.1,239.5
2026-06-04T23:37:11Z,203.4,242.7,207.3,240.6,195.3,234.6,,,207.9,246.9,211.9,245.9,203.4,242.7,208.2,241.6,221.9,255.3,211.9,245.3,203.3,242.6,206.1,239.5
2026-06-05T01:52:44Z,203.4,242.7,207.3,240.6,195.3,234.6,,,207.9,246.9,211.9,245.9,203.4,242.7,208.2,241.6,221.9,255.3,211.9,245.3,203.3,242.6,206.1,239.5
2026-06-05T06:20:12Z,203.4,242.7,207.3,240.6,195.3,234.6,,,207.9,246.9,211.9,245.9,203.4,242.7,208.2,241.6,221.9,255.3,211.9,245.3,203.3,242.6,206.1,239.5
2026-06-05T10:30:39Z,203.4,242.7,207.3,240.6,195.3,234.6,,,207.9,246.9,211.9,245.9,203.4,242.7,208.2,241.6,221.9,255.3,211.9,245.3,203.3,242.6,206.1,239.5
2026-06-05T13:41:54Z,203.4,242.7,207.3,240.6,195.3,234.6,,,205.9,243.9,209.9,242.9,203.4,242.7,208.2,241.6,221.9,255.3,211.9,245.3,203.3,242.6,206.1,239.5
2026-06-05T16:17:36Z,203.4,241.7,207.3,239.6,195.3,234.6,,,205.9,243.9,209.9,242.9,203.4,241.7,208.2,240.6,221.9,254.3,211.9,244.3,203.3,241.6,206.1,238.5
2026-06-05T18:21:16Z,203.4,241.7,207.3,239.6,193.3,232.6,,,205.9,243.9,209.9,242.9,203.4,241.7,208.2,240.6,221.9,254.3,211.9,244.3,203.3,241.6,206.1,238.5
2026-06-05T20:23:53Z,203.4,241.7,207.3,239.6,193.3,232.6,,,205.9,243.9,209.9,242.9,203.4,241.7,208.2,240.6,221.9,254.3,211.9,244.3,203.3,241.6,206.1,238.5
2026-06-05T21:55:27Z,203.4,241.7,207.3,239.6,193.3,232.6,,,205.9,243.9,209.9,242.9,203.4,241.7,208.2,240.6,221.9,254.3,211.9,244.3,203.3,241.6,206.1,238.5
2026-06-05T23:06:44Z,203.4,241.7,207.3,239.6,193.3,232.6,,,205.9,243.9,209.9,242.9,203.4,241.7,208.2,240.6,221.9,254.3,211.9,244.3,203.3,241.6,206.1,238.5
2026-06-06T00:19:07Z,203.4,241.7,207.3,239.6,193.3,232.6,,,205.9,243.9,209.9,242.9,203.4,241.7,208.2,240.6,221.9,254.3,211.9,244.3,203.3,241.6,206.1,238.5
2026-06-06T04:35:40Z,203.4,241.7,207.3,239.6,193.3,232.6,,,205.9,243.9,209.9,242.9,203.4,241.7,208.2,240.6,221.9,254.3,211.9,244.3,203.3,241.6,206.1,238.5
2026-06-06T07:36:57Z,203.4,241.7,207.3,239.6,193.3,232.6,,,205.9,243.9,209.9,242.9,203.4,241.7,208.2,240.6,221.9,254.3,211.9,244.3,203.3,241.6,206.1,238.5
2026-06-06T09:48:17Z,203.4,241.7,207.3,239.6,193.3,232.6,,,205.9,243.9,209.9,242.9,203.4,241.7,208.2,240.6,221.9,254.3,211.9,244.3,203.3,241.6,206.1,238.5
2026-06-06T11:24:00Z,203.4,241.7,207.3,239.6,193.3,232.6,,,205.9,243.9,209.9,242.9,203.4,241.7,208.2,240.6,221.9,254.3,211.9,244.3,203.3,241.6,206.1,238.5
2026-06-06T12:50:37Z,203.4,241.7,207.3,239.6,193.3,232.6,,,205.9,243.9,209.9,242.9,203.4,241.7,208.2,240.6,221.9,254.3,211.9,244.3,203.3,241.6,206.1,238.5
2026-06-06T14:28:03Z,203.4,241.7,207.3,239.6,193.3,232.6,,,205.9,243.9,209.9,242.9,203.4,241.7,208.2,240.6,221.9,254.3,211.9,244.3,203.3,241.6,206.1,238.5
2026-06-06T15:51:44Z,203.4,241.7,207.3,239.6,193.3,232.6,,,205.9,243.9,209.9,242.9,203.4,241.7,208.2,240.6,221.9,254.3,211.9,244.3,203.3,241.6,206.1,238.5
2026-06-06T17:10:38Z,203.4,241.7,207.3,239.6,193.3,232.6,,,205.9,243.9,209.9,242.9,203.4,241.7,208.2,240.6,221.9,254.3,211.9,244.3,203.3,241.6,206.1,238.5
2026-06-06T18:20:41Z,203.4,241.7,207.3,239.6,193.3,232.6,,,205.9,243.9,209.9,242.9,203.4,241.7,208.2,240.6,221.9,254.3,211.9,244.3,203.3,241.6,206.1,238.5
2026-06-06T19:52:35Z,203.4,241.7,207.3,239.6,193.3,232.6,,,205.9,243.9,209.9,242.9,203.4,241.7,208.2,240.6,221.9,254.3,211.9,244.3,203.3,241.6,206.1,238.5
2026-06-06T21:01:35Z,203.4,241.7,207.3,239.6,193.3,232.6,,,205.9,243.9,209.9,242.9,203.4,241.7,208.2,240.6,221.9,254.3,211.9,244.3,203.3,241.6,206.1,238.5
2026-06-06T22:15:43Z,203.4,241.7,207.3,239.6,193.3,232.6,,,205.9,243.9,209.9,242.9,203.4,241.7,208.2,240.6,221.9,254.3,211.9,244.3,203.3,241.6,206.1,238.5
2026-06-06T23:34:13Z,203.4,241.7,207.3,239.6,193.3,232.6,,,205.9,243.9,209.9,242.9,203.4,241.7,208.2,240.6,221.9,254.3,211.9,244.3,203.3,241.6,206.1,238.5
2026-06-07T01:54:33Z,203.4,241.7,207.3,239.6,193.3,232.6,,,205.9,243.9,209.9,242.9,203.4,241.7,208.2,240.6,221.9,254.3,211.9,244.3,203.3,241.6,206.1,238.5
2026-06-07T06:21:58Z,203.4,241.7,207.3,239.6,193.3,232.6,,,205.9,243.9,209.9,242.9,203.4,241.7,208.2,240.6,221.9,254.3,211.9,244.3,203.3,241.6,206.1,238.5
2026-06-07T09:45:22Z,203.4,241.7,207.3,239.6,193.3,232.6,,,205.9,243.9,209.9,242.9,203.4,241.7,208.2,240.6,221.9,254.3,211.9,244.3,203.3,241.6,206.1,238.5
2026-06-07T11:46:37Z,203.4,241.7,207.3,239.6,193.3,232.6,,,205.9,243.9,209.9,242.9,203.4,241.7,208.2,240.6,221.9,254.3,211.9,244.3,203.3,241.6,206.1,238.5
2026-06-07T13:47:36Z,203.4,241.7,207.3,239.6,193.3,232.6,,,205.9,243.9,209.9,242.9,203.4,241.7,208.2,240.6,221.9,254.3,211.9,244.3,203.3,241.6,206.1,238.5
2026-06-07T15:22:20Z,203.4,241.7,207.3,239.6,193.3,232.6,,,205.9,243.9,209.9,242.9,203.4,241.7,208.2,240.6,221.9,254.3,211.9,244.3,203.3,241.6,206.1,238.5
2026-06-07T16:50:19Z,203.4,241.7,207.3,239.6,193.3,232.6,,,205.9,243.9,209.9,242.9,203.4,241.7,208.2,240.6,221.9,254.3,211.9,244.3,203.3,241.6,206.1,238.5
2026-06-07T18:02:08Z,203.4,241.7,207.3,239.6,193.3,232.6,,,205.9,243.9,209.9,242.9,203.4,241.7,208.2,240.6,221.9,254.3,211.9,244.3,203.3,241.6,206.1,238.5
2026-06-07T19:45:23Z,203.4,241.7,207.3,239.6,193.3,232.6,,,205.9,243.9,209.9,242.9,203.4,241.7,208.2,240.6,221.9,254.3,211.9,244.3,203.3,241.6,206.1,238.5
2026-06-07T21:09:46Z,203.4,241.7,207.3,239.6,193.3,232.6,,,205.9,243.9,209.9,242.9,203.4,241.7,208.2,240.6,221.9,254.3,211.9,244.3,203.3,241.6,206.1,238.5
2026-06-07T22:17:13Z,203.4,241.7,207.3,239.6,193.3,232.6,,,205.9,243.9,209.9,242.9,203.4,241.7,208.2,240.6,221.9,254.3,211.9,244.3,203.3,241.6,206.1,238.5
2026-06-07T23:35:11Z,203.4,241.7,207.3,239.6,193.3,232.6,,,205.9,243.9,209.9,242.9,203.4,241.7,208.2,240.6,221.9,254.3,211.9,244.3,203.3,241.6,206.1,238.5
2026-06-08T02:00:03Z,203.4,241.7,207.3,239.6,193.3,232.6,,,205.9,243.9,209.9,242.9,203.4,241.7,208.2,240.6,221.9,254.3,211.9,244.3,203.3,241.6,206.1,238.5
2026-06-08T06:55:03Z,203.4,241.7,207.3,239.6,193.3,232.6,,,205.9,243.9,209.9,242.9,203.4,241.7,208.2,240.6,221.9,254.3,211.9,244.3,203.3,241.6,206.1,238.5
2026-06-08T11:55:05Z,203.4,241.7,207.3,239.6,193.3,232.6,,,205.9,243.9,209.9,242.9,203.4,241.7,208.2,240.6,221.9,254.3,211.9,244.3,203.3,241.6,206.1,238.5
2026-06-08T15:45:19Z,203.4,241.7,207.3,239.6,193.3,232.6,,,205.9,243.9,209.9,242.9,203.4,241.7,208.2,240.6,221.9,254.3,211.9,244.3,203.3,241.6,206.1,238.5
2026-06-08T18:23:46Z,203.4,241.7,207.3,239.6,193.3,232.6,,,205.9,243.9,209.9,242.9,203.4,241.7,208.2,240.6,221.9,254.3,211.9,244.3,203.3,241.6,206.1,238.5
2026-06-08T20:38:43Z,203.4,241.7,207.3,239.6,193.3,232.6,,,205.9,243.9,209.9,242.9,203.4,241.7,208.2,240.6,221.9,254.3,211.9,244.3,203.3,241.6,206.1,238.5
2026-06-08T22:14:52Z,203.4,241.7,207.3,239.6,193.3,232.6,,,205.9,243.9,209.9,242.9,203.4,241.7,208.2,240.6,221.9,254.3,211.9,244.3,203.3,241.6,206.1,238.5
2026-06-08T23:39:13Z,203.4,241.7,207.3,239.6,193.3,232.6,,,205.9,243.9,209.9,242.9,203.4,241.7,208.2,240.6,221.9,254.3,211.9,244.3,203.3,241.6,206.1,238.5
2026-06-09T01:30:50Z,203.4,241.7,207.3,239.6,193.3,232.6,,,205.9,243.9,209.9,242.9,203.4,241.7,208.2,240.6,221.9,254.3,211.9,244.3,203.3,241.6,206.1,238.5
2026-06-09T05:52:04Z,203.4,241.7,207.3,239.6,193.3,232.6,,,205.9,243.9,209.9,242.9,203.4,241.7,208.2,240.6,221.9,254.3,211.9,244.3,203.3,241.6,206.1,238.5
2026-06-09T09:38:47Z,203.4,241.7,207.3,239.6,193.3,232.6,,,205.9,243.9,209.9,242.9,203.4,241.7,208.2,240.6,221.9,254.3,211.9,244.3,203.3,241.6,206.1,238.5
2026-06-09T12:25:30Z,203.4,241.7,207.3,239.6,193.3,232.6,,,205.9,243.9,209.9,242.9,203.4,241.7,208.2,240.6,221.9,254.3,211.9,244.3,203.3,241.6,206.1,238.5
2026-06-09T15:37:43Z,203.4,241.7,207.3,239.6,193.3,232.6,,,205.9,243.9,209.9,242.9,203.4,241.7,208.2,240.6,221.9,254.3,211.9,244.3,203.3,241.6,206.1,238.5
2026-06-09T17:35:58Z,203.4,241.7,207.3,239.6,193.3,232.6,,,205.9,243.9,209.9,242.9,203.4,241.7,208.2,240.6,221.9,254.3,211.9,244.3,203.3,241.6,206.1,238.5
2026-06-09T19:48:12Z,203.4,241.7,207.3,239.6,193.3,232.6,,,205.9,243.9,209.9,242.9,203.4,241.7,208.2,240.6,221.9,254.3,211.9,244.3,203.3,241.6,206.1,238.5
2026-06-09T21:45:41Z,203.4,241.7,207.3,239.6,193.3,232.6,,,205.9,243.9,209.9,242.9,203.4,241.7,208.2,240.6,221.9,254.3,211.9,244.3,203.3,241.6,206.1,238.5
2026-06-09T23:15:56Z,203.4,241.7,207.3,239.6,193.3,232.6,,,205.9,243.9,209.9,242.9,203.4,241.7,208.2,240.6,221.9,254.3,211.9,244.3,203.3,241.6,206.1,238.5
2026-06-10T01:35:21Z,203.4,241.7,207.3,239.6,193.3,232.6,,,205.9,243.9,209.9,242.9,203.4,241.7,208.2,240.6,221.9,254.3,211.9,244.3,203.3,241.6,206.1,238.5
2026-06-10T06:06:24Z,203.4,241.7,207.3,239.6,193.3,232.6,,,205.9,243.9,209.9,242.9,203.4,241.7,208.2,240.6,221.9,254.3,211.9,244.3,203.3,241.6,206.1,238.5
2026-06-10T10:31:45Z,203.4,241.7,207.3,239.6,193.3,232.6,,,205.9,243.9,209.9,242.9,203.4,241.7,208.2,240.6,221.9,254.3,211.9,244.3,203.3,241.6,206.1,238.5
2026-06-10T14:01:37Z,203.4,241.7,207.3,239.6,193.3,232.6,,,205.9,243.9,209.9,242.9,203.4,241.7,208.2,240.6,221.9,254.3,211.9,244.3,203.3,241.6,206.1,238.5
2026-06-10T17:34:24Z,203.4,241.7,207.3,239.6,193.3,232.6,,,205.9,243.9,209.9,242.9,203.4,241.7,208.2,240.6,221.9,254.3,211.9,244.3,203.3,241.6,206.1,238.5
2026-06-10T19:57:12Z,203.4,241.7,207.3,239.6,193.3,232.6,,,205.9,243.9,209.9,242.9,203.4,241.7,208.2,240.6,221.9,254.3,211.9,244.3,203.3,241.6,206.1,238.5
2026-06-10T22:04:37Z,203.4,241.7,207.3,239.6,193.3,232.6,,,205.9,243.9,209.9,242.9,203.4,241.7,208.2,240.6,221.9,254.3,211.9,244.3,203.3,241.6,206.1,238.5
2026-06-10T23:49:30Z,203.4,241.7,207.3,239.6,193.3,232.6,,,205.9,243.9,209.9,242.9,203.4,241.7,208.2,240.6,221.9,254.3,211.9,244.3,203.3,241.6,206.1,238.5
2026-06-11T03:42:14Z,203.4,241.7,207.3,239.6,193.3,232.6,,,205.9,243.9,209.9,242.9,203.4,241.7,208.2,240.6,221.9,254.3,211.9,244.3,203.3,241.6,206.1,238.5
2026-06-11T08:23:43Z,203.4,241.7,207.3,239.6,193.3,232.6,,,205.9,243.9,209.9,242.9,203.4,241.7,208.2,240.6,221.9,254.3,211.9,244.3,203.3,241.6,206.1,238.5
2026-06-11T12:26:41Z,203.4,241.7,207.3,239.6,193.3,232.6,,,205.9,243.9,209.9,242.9,203.4,241.7,208.2,240.6,221.9,254.3,211.9,244.3,203.3,241.6,206.1,238.5
2026-06-11T16:35:06Z,203.4,241.7,207.3,239.6,193.3,232.6,,,205.9,243.9,209.9,242.9,203.4,241.7,208.2,240.6,221.9,254.3,211.9,244.3,203.3,241.6,206.1,238.5
2026-06-11T19:23:01Z,203.4,241.7,207.3,239.6,193.3,232.6,,,205.9,243.9,209.9,242.9,203.4,241.7,208.2,240.6,221.9,254.3,211.9,244.3,203.3,241.6,206.1,238.5
2026-06-11T21:34:06Z,203.4,241.7,207.3,239.6,193.3,231.6,,,205.9,243.9,209.9,242.9,203.4,241.7,208.2,240.6,221.9,254.3,211.9,244.3,203.3,241.6,206.1,238.5
2026-06-11T23:10:29Z,203.4,241.7,207.3,239.6,193.3,231.6,,,205.9,243.9,209.9,242.9,203.4,241.7,208.2,240.6,221.9,254.3,211.9,244.3,203.3,241.6,206.1,238.5
2026-06-12T01:39:04Z,203.4,241.7,207.3,239.6,193.3,231.6,,,205.9,243.9,209.9,242.9,203.4,241.7,208.2,240.6,221.9,254.3,211.9,244.3,203.3,241.6,206.1,238.5
2026-06-12T06:19:06Z,203.4,241.7,207.3,239.6,193.3,231.6,,,205.9,243.9,209.9,242.9,203.4,241.7,208.2,240.6,221.9,254.3,211.9,244.3,203.3,241.6,206.1,238.5
2026-06-12T10:47:58Z,203.4,239.7,207.3,237.6,193.3,231.6,,,205.9,243.9,209.9,242.9,203.4,239.7,208.2,238.6,221.9,252.3,211.9,242.3,203.3,239.6,206.1,236.5
2026-06-12T14:08:38Z,203.4,239.7,207.3,237.6,193.3,231.6,,,203.9,239.9,207.9,238.9,203.4,239.7,208.2,238.6,221.9,252.3,211.9,242.3,203.3,239.6,206.1,236.5
2026-06-12T17:14:52Z,203.4,239.7,207.3,237.6,193.3,231.6,,,203.9,239.9,207.9,238.9,203.4,239.7,208.2,238.6,221.9,252.3,211.9,242.3,203.3,239.6,206.1,236.5
2026-06-12T19:23:49Z,203.4,239.7,207.3,237.6,193.3,231.6,,,203.9,239.9,207.9,238.9,203.4,239.7,208.2,238.6,221.9,252.3,211.9,242.3,203.3,239.6,206.1,236.5
2026-06-12T21:12:26Z,203.4,239.7,207.3,237.6,193.3,231.6,,,203.9,239.9,207.9,238.9,203.4,239.7,208.2,238.6,221.9,252.3,211.9,242.3,203.3,239.6,206.1,236.5
2026-06-12T22:48:18Z,203.4,239.7,207.3,237.6,193.3,231.6,,,203.9,239.9,207.9,238.9,203.4,239.7,208.2,238.6,221.9,252.3,211.9,242.3,203.3,239.6,206.1,236.5
2026-06-13T00:18:16Z,203.4,239.7,207.3,237.6,193.3,231.6,,,203.9,239.9,207.9,238.9,203.4,239.7,208.2,238.6,221.9,252.3,211.9,242.3,203.3,239.6,206.1,236.5
2026-06-13T04:59:47Z,203.4,239.7,207.3,237.6,193.3,231.6,,,203.9,239.9,207.9,238.9,203.4,239.7,208.2,238.6,221.9,252.3,211.9,242.3,203.3,239.6,206.1,236.5
2026-06-13T08:28:57Z,203.4,239.7,207.3,237.6,193.3,231.6,,,203.9,239.9,207.9,238.9,203.4,239.7,208.2,238.6,221.9,252.3,211.9,242.3,203.3,239.6,206.1,236.5
2026-06-13T10:58:31Z,203.4,239.7,207.3,237.6,193.3,231.6,,,203.9,239.9,207.9,238.9,203.4,239.7,208.2,238.6,221.9,252.3,211.9,242.3,203.3,239.6,206.1,236.5
2026-06-13T12:53:23Z,203.4,239.7,207.3,237.6,193.3,231.6,,,203.9,239.9,207.9,238.9,203.4,239.7,208.2,238.6,221.9,252.3,211.9,242.3,203.3,239.6,206.1,236.5
2026-06-13T14:58:25Z,203.4,239.7,207.3,237.6,193.3,231.6,,,203.9,239.9,207.9,238.9,203.4,239.7,208.2,238.6,221.9,252.3,211.9,242.3,203.3,239.6,206.1,236.5
2026-06-13T16:20:07Z,203.4,239.7,207.3,237.6,191.3,227.6,,,203.9,239.9,207.9,238.9,203.4,239.7,208.2,238.6,221.9,252.3,211.9,242.3,203.3,239.6,206.1,236.5
2026-06-13T17:52:19Z,203.4,239.7,207.3,237.6,191.3,227.6,,,203.9,239.9,207.9,238.9,203.4,239.7,208.2,238.6,221.9,252.3,211.9,242.3,203.3,239.6,206.1,236.5
2026-06-13T19:21:43Z,203.4,239.7,207.3,237.6,191.3,227.6,,,203.9,239.9,207.9,238.9,203.4,239.7,208.2,238.6,221.9,252.3,211.9,242.3,203.3,239.6,206.1,236.5
2026-06-13T20:47:48Z,203.4,239.7,207.3,237.6,191.3,227.6,,,203.9,239.9,207.9,238.9,203.4,239.7,208.2,238.6,221.9,252.3,211.9,242.3,203.3,239.6,206.1,236.5
2026-06-13T22:01:04Z,203.4,239.7,207.3,237.6,191.3,227.6,,,203.9,239.9,207.9,238.9,203.4,239.7,208.2,238.6,221.9,252.3,211.9,242.3,203.3,239.6,206.1,236.5
2026-06-13T23:20:48Z,203.4,239.7,207.3,237.6,191.3,227.6,,,203.9,239.9,207.9,238.9,203.4,239.7,208.2,238.6,221.9,252.3,211.9,242.3,203.3,239.6,206.1,236.5
2026-06-14T01:42:12Z,203.4,239.7,207.3,237.6,191.3,227.6,,,203.9,239.9,207.9,238.9,203.4,239.7,208.2,238.6,221.9,252.3,211.9,242.3,203.3,239.6,206.1,236.5
2026-06-14T06:21:12Z,203.4,239.7,207.3,237.6,191.3,227.6,,,203.9,239.9,207.9,238.9,203.4,239.7,208.2,238.6,221.9,252.3,211.9,242.3,203.3,239.6,206.1,236.5
2026-06-14T10:01:57Z,203.4,239.7,207.3,237.6,191.3,227.6,,,203.9,239.9,207.9,238.9,203.4,239.7,208.2,238.6,221.9,252.3,211.9,242.3,203.3,239.6,206.1,236.5
2026-06-14T12:14:34Z,203.4,239.7,207.3,237.6,191.3,227.6,,,203.9,239.9,207.9,238.9,203.4,239.7,208.2,238.6,221.9,252.3,211.9,242.3,203.3,239.6,206.1,236.5
2026-06-14T14:31:43Z,203.4,239.7,207.3,237.6,191.3,227.6,,,203.9,239.9,207.9,238.9,203.4,239.7,208.2,238.6,221.9,252.3,211.9,242.3,203.3,239.6,206.1,236.5
2026-06-14T16:11:40Z,203.4,239.7,207.3,237.6,191.3,227.6,,,203.9,239.9,207.9,238.9,203.4,239.7,208.2,238.6,221.9,252.3,211.9,242.3,203.3,239.6,206.1,236.5
2026-06-14T17:48:11Z,203.4,239.7,207.3,237.6,191.3,227.6,,,203.9,239.9,207.9,238.9,203.4,239.7,208.2,238.6,221.9,252.3,211.9,242.3,203.3,239.6,206.1,236.5
2026-06-14T19:23:06Z,203.4,239.7,207.3,237.6,191.3,227.6,,,203.9,239.9,207.9,238.9,203.4,239.7,208.2,238.6,221.9,252.3,211.9,242.3,203.3,239.6,206.1,236.5
2026-06-14T20:46:59Z,203.4,239.7,207.3,237.6,191.3,227.6,,,203.9,239.9,207.9,238.9,203.4,239.7,208.2,238.6,221.9,252.3,211.9,242.3,203.3,239.6,206.1,236.5
2026-06-14T22:07:01Z,203.4,239.7,207.3,237.6,191.3,227.6,,,203.9,239.9,207.9,238.9,203.4,239.7,208.2,238.6,221.9,252.3,211.9,242.3,203.3,239.6,206.1,236.5
2026-06-14T23:37:23Z,203.4,239.7,207.3,237.6,191.3,227.6,,,203.9,239.9,207.9,238.9,203.4,239.7,208.2,238.6,221.9,252.3,211.9,242.3,203.3,239.6,206.1,236.5
2026-06-15T02:04:31Z,203.4,239.7,207.3,237.6,191.3,227.6,,,203.9,239.9,207.9,238.9,203.4,239.7,208.2,238.6,221.9,252.3,211.9,242.3,203.3,239.6,206.1,236.5
2026-06-15T07:37:37Z,203.4,239.7,207.3,237.6,191.3,227.6,,,203.9,239.9,207.9,238.9,203.4,239.7,208.2,238.6,221.9,252.3,211.9,242.3,203.3,239.6,206.1,236.5
2026-06-15T13:40:03Z,203.4,239.7,207.3,237.6,191.3,227.6,,,203.9,239.9,207.9,238.9,203.4,239.7,208.2,238.6,221.9,252.3,211.9,242.3,203.3,239.6,206.1,236.5
2026-06-15T18:15:47Z,203.4,239.7,207.3,237.6,191.3,227.6,,,203.9,239.9,207.9,238.9,203.4,239.7,208.2,238.6,221.9,252.3,211.9,242.3,203.3,239.6,206.1,236.5
2026-06-15T21:29:38Z,203.4,239.7,207.3,237.6,191.3,227.6,,,203.9,239.9,207.9,238.9,203.4,239.7,208.2,238.6,221.9,252.3,211.9,242.3,203.3,239.6,206.1,236.5
2026-06-15T23:19:49Z,203.4,239.7,207.3,237.6,191.3,227.6,,,203.9,239.9,207.9,238.9,203.4,239.7,208.2,238.6,221.9,252.3,211.9,242.3,203.3,239.6,206.1,236.5
2026-06-16T02:06:10Z,203.4,239.7,207.3,237.6,191.3,227.6,,,203.9,239.9,207.9,238.9,203.4,239.7,208.2,238.6,221.9,252.3,211.9,242.3,203.3,239.6,206.1,236.5
2026-06-16T07:42:20Z,203.4,239.7,207.3,237.6,191.3,227.6,,,203.9,239.9,207.9,238.9,203.4,239.7,208.2,238.6,221.9,252.3,211.9,242.3,203.3,239.6,206.1,236.5
2026-06-16T12:31:42Z,203.4,239.7,207.3,237.6,191.3,227.6,,,203.9,239.9,207.9,238.9,203.4,239.7,208.2,238.6,221.9,252.3,211.9,242.3,203.3,239.6,206.1,236.5
2026-06-16T17:48:39Z,201.4,236.7,205.3,234.6,191.3,227.6,,,202.9,236.9,206.9,235.9,201.4,236.7,206.2,235.6,219.9,249.3,209.9,239.3,201.3,236.6,204.1,233.5
2026-06-16T20:47:11Z,201.4,236.7,205.3,234.6,191.3,227.6,,,202.9,236.9,206.9,235.9,201.4,236.7,206.2,235.6,219.9,249.3,209.9,239.3,201.3,236.6,204.1,233.5
2026-06-16T22:51:58Z,201.4,236.7,205.3,234.6,191.3,227.6,,,202.9,236.9,206.9,235.9,201.4,236.7,206.2,235.6,219.9,249.3,209.9,239.3,201.3,236.6,204.1,233.5
2026-06-17T00:13:52Z,201.4,236.7,205.3,234.6,191.3,227.6,,,202.9,236.9,206.9,235.9,201.4,236.7,206.2,235.6,219.9,249.3,209.9,239.3,201.3,236.6,204.1,233.5
2026-06-17T05:18:13Z,201.4,236.7,205.3,234.6,191.3,227.6,,,202.9,236.9,206.9,235.9,201.4,236.7,206.2,235.6,219.9,249.3,209.9,239.3,201.3,236.6,204.1,233.5
2026-06-17T10:13:18Z,201.4,236.7,205.3,234.6,191.3,227.6,,,202.9,236.9,206.9,235.9,201.4,236.7,206.2,235.6,219.9,249.3,209.9,239.3,201.3,236.6,204.1,233.5
2026-06-17T14:02:15Z,201.4,236.7,205.3,234.6,191.3,227.6,,,202.9,236.9,206.9,235.9,201.4,236.7,206.2,235.6,219.9,249.3,209.9,239.3,201.3,236.6,204.1,233.5
2026-06-17T17:23:09Z,201.4,236.7,205.3,234.6,191.3,227.6,,,202.9,236.9,206.9,235.9,201.4,236.7,206.2,235.6,219.9,249.3,209.9,239.3,201.3,236.6,204.1,233.5
2026-06-17T19:34:42Z,201.4,236.7,205.3,234.6,191.3,227.6,,,202.9,236.9,206.9,235.9,201.4,236.7,206.2,235.6,219.9,249.3,209.9,239.3,201.3,236.6,204.1,233.5
2026-06-17T21:34:29Z,201.4,236.7,205.3,234.6,191.3,227.6,,,202.9,236.9,206.9,235.9,201.4,236.7,206.2,235.6,219.9,249.3,209.9,239.3,201.3,236.6,204.1,233.5
2026-06-17T23:07:48Z,201.4,236.7,205.3,234.6,191.3,227.6,,,202.9,236.9,206.9,235.9,201.4,236.7,206.2,235.6,219.9,249.3,209.9,239.3,201.3,236.6,204.1,233.5
2026-06-18T01:41:13Z,201.4,236.7,205.3,234.6,191.3,227.6,,,202.9,236.9,206.9,235.9,201.4,236.7,206.2,235.6,219.9,249.3,209.9,239.3,201.3,236.6,204.1,233.5
2026-06-18T06:28:12Z,201.4,236.7,205.3,234.6,191.3,227.6,,,202.9,236.9,206.9,235.9,201.4,236.7,206.2,235.6,219.9,249.3,209.9,239.3,201.3,236.6,204.1,233.5
2026-06-18T10:54:50Z,201.4,236.7,205.3,234.6,191.3,227.6,,,202.9,236.9,206.9,235.9,201.4,236.7,206.2,235.6,219.9,249.3,209.9,239.3,201.3,236.6,204.1,233.5
2026-06-18T14:08:15Z,201.4,236.7,205.3,234.6,191.3,227.6,,,202.9,236.9,206.9,235.9,201.4,236.7,206.2,235.6,219.9,249.3,209.9,239.3,201.3,236.6,204.1,233.5
2026-06-18T17:28:15Z,201.4,236.7,205.3,234.6,191.3,227.6,,,202.9,236.9,206.9,235.9,201.4,236.7,206.2,235.6,219.9,249.3,209.9,239.3,201.3,236.6,204.1,233.5
2026-06-18T19:39:36Z,201.4,236.7,205.3,234.6,191.3,227.6,,,202.9,236.9,206.9,235.9,201.4,236.7,206.2,235.6,219.9,249.3,209.9,239.3,201.3,236.6,204.1,233.5
2026-06-18T21:49:51Z,201.4,236.7,205.3,234.6,191.3,227.6,,,202.9,236.9,206.9,235.9,201.4,236.7,206.2,235.6,219.9,249.3,209.9,239.3,201.3,236.6,204.1,233.5
2026-06-18T23:42:42Z,201.4,236.7,205.3,234.6,191.3,227.6,,,202.9,236.9,206.9,235.9,201.4,236.7,206.2,235.6,219.9,249.3,209.9,239.3,201.3,236.6,204.1,233.5
2026-06-19T02:31:45Z,201.4,236.7,205.3,234.6,191.3,227.6,,,202.9,236.9,206.9,235.9,201.4,236.7,206.2,235.6,219.9,249.3,209.9,239.3,201.3,236.6,204.1,233.5
2026-06-19T08:18:38Z,201.4,236.7,205.3,234.6,191.3,227.6,,,202.9,236.9,206.9,235.9,201.4,236.7,206.2,235.6,219.9,249.3,209.9,239.3,201.3,236.6,204.1,233.5
2026-06-19T12:30:19Z,201.4,234.7,205.3,232.6,191.3,227.6,,,201.9,234.9,205.9,233.9,201.4,236.7,206.2,235.6,219.9,249.3,209.9,239.3,201.3,234.6,204.1,231.5
2026-06-19T15:52:39Z,200.4,234.7,204.3,232.6,191.3,227.6,,,201.9,234.9,205.9,233.9,200.4,234.7,205.2,233.6,218.9,247.3,208.9,237.3,200.3,234.6,203.1,231.5
2026-06-19T17:54:07Z,200.4,234.7,204.3,232.6,191.3,227.6,,,201.9,234.9,205.9,233.9,200.4,234.7,205.2,233.6,218.9,247.3,208.9,237.3,200.3,234.6,203.1,231.5
2026-06-19T19:46:24Z,200.4,234.7,204.3,232.6,191.3,227.6,,,201.9,234.9,205.9,233.9,200.4,234.7,205.2,233.6,218.9,247.3,208.9,237.3,200.3,234.6,203.1,231.5
2026-06-19T21:07:36Z,200.4,234.7,204.3,232.6,191.3,227.6,,,201.9,234.9,205.9,233.9,200.4,234.7,205.2,233.6,218.9,247.3,208.9,237.3,200.3,234.6,203.1,231.5
2026-06-19T22:13:29Z,200.4,234.7,204.3,232.6,191.3,227.6,,,201.9,234.9,205.9,233.9,200.4,234.7,205.2,233.6,218.9,247.3,208.9,237.3,200.3,234.6,203.1,231.5
2026-06-19T23:16:06Z,200.4,234.7,204.3,232.6,191.3,227.6,,,201.9,234.9,205.9,233.9,200.4,234.7,205.2,233.6,218.9,247.3,208.9,237.3,200.3,234.6,203.1,231.5
2026-06-20T01:34:52Z,200.4,234.7,204.3,232.6,191.3,227.6,,,201.9,234.9,205.9,233.9,200.4,234.7,205.2,233.6,218.9,247.3,208.9,237.3,200.3,234.6,203.1,231.5
2026-06-20T06:02:26Z,200.4,234.7,204.3,232.6,191.3,227.6,,,201.9,234.9,205.9,233.9,200.4,234.7,205.2,233.6,218.9,247.3,208.9,237.3,200.3,234.6,203.1,231.5
2026-06-20T09:39:30Z,200.4,234.7,204.3,232.6,191.3,227.6,,,201.9,234.9,205.9,233.9,200.4,234.7,205.2,233.6,218.9,247.3,208.9,237.3,200.3,234.6,203.1,231.5
2026-06-20T11:33:53Z,200.4,234.7,204.3,232.6,191.3,227.6,,,201.9,234.9,205.9,233.9,200.4,234.7,205.2,233.6,218.9,247.3,208.9,237.3,200.3,234.6,203.1,231.5
2026-06-20T13:12:14Z,200.4,234.7,204.3,232.6,191.3,227.6,,,201.9,234.9,205.9,233.9,200.4,234.7,205.2,233.6,218.9,247.3,208.9,237.3,200.3,234.6,203.1,231.5
2026-06-20T15:14:28Z,200.4,234.7,204.3,232.6,191.3,227.6,,,201.9,234.9,205.9,233.9,200.4,234.7,205.2,233.6,218.9,247.3,208.9,237.3,200.3,234.6,203.1,231.5
2026-06-20T16:53:11Z,200.4,234.7,204.3,232.6,191.3,227.6,,,201.9,234.9,205.9,233.9,200.4,234.7,205.2,233.6,218.9,247.3,208.9,237.3,200.3,234.6,203.1,231.5
2026-06-20T18:08:46Z,200.4,234.7,204.3,232.6,191.3,227.6,,,201.9,234.9,205.9,233.9,200.4,234.7,205.2,233.6,218.9,247.3,208.9,237.3,200.3,234.6,203.1,231.5
2026-06-20T19:56:24Z,200.4,234.7,204.3,232.6,191.3,227.6,,,201.9,234.9,205.9,233.9,200.4,234.7,205.2,233.6,218.9,247.3,208.9,237.3,200.3,234.6,203.1,231.5
2026-06-20T21:19:02Z,200.4,234.7,204.3,232.6,191.3,227.6,,,201.9,234.9,205.9,233.9,200.4,234.7,205.2,233.6,218.9,247.3,208.9,237.3,200.3,234.6,203.1,231.5
2026-06-20T22:40:24Z,200.4,234.7,204.3,232.6,191.3,227.6,,,201.9,234.9,205.9,233.9,200.4,234.7,205.2,233.6,218.9,247.3,208.9,237.3,200.3,234.6,203.1,231.5
2026-06-20T23:49:07Z,200.4,234.7,204.3,232.6,191.3,227.6,,,201.9,234.9,205.9,233.9,200.4,234.7,205.2,233.6,218.9,247.3,208.9,237.3,200.3,234.6,203.1,231.5
2026-06-21T03:57:18Z,200.4,234.7,204.3,232.6,191.3,227.6,,,201.9,234.9,205.9,233.9,200.4,234.7,205.2,233.6,218.9,247.3,208.9,237.3,200.3,234.6,203.1,231.5
2026-06-21T08:36:12Z,200.4,234.7,204.3,232.6,191.3,227.6,,,201.9,234.9,205.9,233.9,200.4,234.7,205.2,233.6,218.9,247.3,208.9,237.3,200.3,234.6,203.1,231.5
2026-06-21T11:34:24Z,200.4,234.7,204.3,232.6,191.3,227.6,,,201.9,234.9,205.9,233.9,200.4,234.7,205.2,233.6,218.9,247.3,208.9,237.3,200.3,234.6,203.1,231.5
2026-06-21T13:25:23Z,200.4,234.7,204.3,232.6,191.3,227.6,,,201.9,234.9,205.9,233.9,200.4,234.7,205.2,233.6,218.9,247.3,208.9,237.3,200.3,234.6,203.1,231.5
2026-06-21T15:24:35Z,200.4,234.7,204.3,232.6,191.3,227.6,,,201.9,234.9,205.9,233.9,200.4,234.7,205.2,233.6,218.9,247.3,208.9,237.3,200.3,234.6,203.1,231.5
2026-06-21T17:03:13Z,200.4,234.7,204.3,232.6,191.3,227.6,,,201.9,234.9,205.9,233.9,200.4,234.7,205.2,233.6,218.9,247.3,208.9,237.3,200.3,234.6,203.1,231.5
2026-06-21T18:49:54Z,200.4,234.7,204.3,232.6,191.3,227.6,,,201.9,234.9,205.9,233.9,200.4,234.7,205.2,233.6,218.9,247.3,208.9,237.3,200.3,234.6,203.1,231.5
2026-06-21T20:23:02Z,200.4,234.7,204.3,232.6,191.3,227.6,,,201.9,234.9,205.9,233.9,200.4,234.7,205.2,233.6,218.9,247.3,208.9,237.3,200.3,234.6,203.1,231.5
2026-06-21T21:52:38Z,200.4,234.7,204.3,232.6,191.3,227.6,,,201.9,234.9,205.9,233.9,200.4,234.7,205.2,233.6,218.9,247.3,208.9,237.3,200.3,234.6,203.1,231.5
2026-06-21T23:10:04Z,200.4,234.7,204.3,232.6,191.3,227.6,,,201.9,234.9,205.9,233.9,200.4,234.7,205.2,233.6,218.9,247.3,208.9,237.3,200.3,234.6,203.1,231.5
2026-06-22T01:40:33Z,200.4,234.7,204.3,232.6,191.3,227.6,,,201.9,234.9,205.9,233.9,200.4,234.7,205.2,233.6,218.9,247.3,208.9,237.3,200.3,234.6,203.1,231.5
2026-06-22T07:04:01Z,200.4,234.7,204.3,232.6,191.3,227.6,,,201.9,234.9,205.9,233.9,200.4,234.7,205.2,233.6,218.9,247.3,208.9,237.3,200.3,234.6,203.1,231.5
2026-06-22T13:05:13Z,200.4,234.7,204.3,232.6,191.3,227.6,,,201.9,234.9,205.9,233.9,200.4,234.7,205.2,233.6,218.9,247.3,208.9,237.3,200.3,234.6,203.1,231.5
2026-06-22T17:48:29Z,200.4,234.7,204.3,232.6,191.3,227.6,,,201.9,234.9,205.9,233.9,200.4,234.7,205.2,233.6,218.9,247.3,208.9,237.3,200.3,234.6,203.1,231.5
2026-06-22T20:43:29Z,200.4,234.7,204.3,232.6,191.3,227.6,,,201.9,234.9,205.9,233.9,200.4,234.7,205.2,233.6,218.9,247.3,208.9,237.3,200.3,234.6,203.1,231.5
2026-06-22T22:26:15Z,200.4,234.7,204.3,232.6,191.3,227.6,,,201.9,234.9,205.9,233.9,200.4,234.7,205.2,233.6,218.9,247.3,208.9,237.3,200.3,234.6,203.1,231.5
2026-06-22T23:49:44Z,200.4,234.7,204.3,232.6,191.3,227.6,,,201.9,234.9,205.9,233.9,200.4,234.7,205.2,233.6,218.9,247.3,208.9,237.3,200.3,234.6,203.1,231.5
2026-06-23T02:57:13Z,200.4,234.7,204.3,232.6,191.3,227.6,,,201.9,234.9,205.9,233.9,200.4,234.7,205.2,233.6,218.9,247.3,208.9,237.3,200.3,234.6,203.1,231.5
2026-06-23T06:53:04Z,200.4,234.7,204.3,232.6,191.3,227.6,,,201.9,234.9,205.9,233.9,200.4,234.7,205.2,233.6,218.9,247.3,208.9,237.3,200.3,234.6,203.1,231.5
2026-06-23T10:35:18Z,200.4,234.7,204.3,232.6,191.3,227.6,,,201.9,234.9,205.9,233.9,200.4,234.7,205.2,233.6,218.9,247.3,208.9,237.3,200.3,234.6,203.1,231.5
2026-06-23T13:30:26Z,200.4,234.7,204.3,232.6,191.3,227.6,,,201.9,234.9,205.9,233.9,200.4,234.7,205.2,233.6,218.9,247.3,208.9,237.3,200.3,234.6,203.1,231.5
2026-06-23T16:13:13Z,200.4,234.7,204.3,232.6,191.3,227.6,,,201.9,234.9,205.9,233.9,200.4,234.7,205.2,233.6,218.9,247.3,208.9,237.3,200.3,234.6,203.1,231.5
2026-06-23T18:15:20Z,200.4,234.7,204.3,232.6,191.3,227.6,,,201.9,234.9,205.9,233.9,200.4,234.7,205.2,233.6,218.9,247.3,208.9,237.3,200.3,234.6,203.1,231.5
2026-06-23T20:31:19Z,200.4,234.7,204.3,232.6,191.3,227.6,,,201.9,234.9,205.9,233.9,200.4,234.7,205.2,233.6,218.9,247.3,208.9,237.3,200.3,234.6,203.1,231.5
2026-06-23T22:03:56Z,200.4,234.7,204.3,232.6,191.3,227.6,,,201.9,234.9,205.9,233.9,200.4,234.7,205.2,233.6,218.9,247.3,208.9,237.3,200.3,234.6,203.1,231.5
2026-06-23T23:20:36Z,200.4,234.7,204.3,232.6,191.3,227.6,,,201.9,234.9,205.9,233.9,200.4,234.7,205.2,233.6,218.9,247.3,208.9,237.3,200.3,234.6,203.1,231.5
2026-06-24T01:24:13Z,200.4,234.7,204.3,232.6,191.3,227.6,,,201.9,234.9,205.9,233.9,200.4,234.7,205.2,233.6,218.9,247.3,208.9,237.3,200.3,234.6,203.1,231.5
2026-06-24T05:34:43Z,200.4,234.7,204.3,232.6,191.3,227.6,,,201.9,234.9,205.9,233.9,200.4,234.7,205.2,233.6,218.9,247.3,208.9,237.3,200.3,234.6,203.1,231.5
2026-06-24T08:42:38Z,200.4,234.7,204.3,232.6,191.3,227.6,,,201.9,234.9,205.9,233.9,200.4,234.7,205.2,233.6,218.9,247.3,208.9,237.3,200.3,234.6,203.1,231.5
2026-06-24T11:30:36Z,200.4,234.7,204.3,232.6,191.3,227.6,,,201.9,234.9,205.9,233.9,200.4,234.7,205.2,233.6,218.9,247.3,208.9,237.3,200.3,234.6,203.1,231.5
2026-06-24T13:52:38Z,200.4,234.7,204.3,232.6,191.3,227.6,,,201.9,234.9,205.9,233.9,200.4,234.7,205.2,233.6,218.9,247.3,208.9,237.3,200.3,234.6,203.1,231.5
2026-06-24T16:18:24Z,200.4,234.7,204.3,232.6,191.3,227.6,,,201.9,234.9,205.9,233.9,200.4,234.7,205.2,233.6,218.9,247.3,208.9,237.3,200.3,234.6,203.1,231.5
2026-06-24T18:16:00Z,200.4,234.7,204.3,232.6,191.3,227.6,,,201.9,234.9,205.9,233.9,200.4,234.7,205.2,233.6,218.9,247.3,208.9,237.3,200.3,234.6,203.1,231.5
2026-06-24T20:16:15Z,200.4,234.7,204.3,232.6,191.3,227.6,,,201.9,234.9,205.9,233.9,200.4,234.7,205.2,233.6,218.9,247.3,208.9,237.3,200.3,234.6,203.1,231.5
2026-06-24T21:52:27Z,200.4,234.7,204.3,232.6,191.3,227.6,,,201.9,234.9,205.9,233.9,200.4,234.7,205.2,233.6,218.9,247.3,208.9,237.3,200.3,234.6,203.1,231.5
2026-06-24T23:01:41Z,200.4,234.7,204.3,232.6,191.3,227.6,,,201.9,234.9,205.9,233.9,200.4,234.7,205.2,233.6,218.9,247.3,208.9,237.3,200.3,234.6,203.1,231.5
2026-06-25T00:21:09Z,200.4,234.7,204.3,232.6,191.3,227.6,,,201.9,234.9,205.9,233.9,200.4,234.7,205.2,233.6,218.9,247.3,208.9,237.3,200.3,234.6,203.1,231.5
2026-06-25T04:43:57Z,200.4,234.7,204.3,232.6,191.3,227.6,,,201.9,234.9,205.9,233.9,200.4,234.7,205.2,233.6,218.9,247.3,208.9,237.3,200.3,234.6,203.1,231.5
2026-06-25T08:13:54Z,200.4,234.7,204.3,232.6,191.3,227.6,,,201.9,234.9,205.9,233.9,200.4,234.7,205.2,233.6,218.9,247.3,208.9,237.3,200.3,234.6,203.1,231.5
2026-06-25T11:08:36Z,200.4,234.7,204.3,232.6,191.3,227.6,,,201.9,234.9,205.9,233.9,200.4,232.7,205.2,231.6,218.9,245.3,208.9,235.3,200.3,234.6,203.1,231.5
2026-06-25T13:26:00Z,200.4,234.7,204.3,232.6,191.3,227.6,,,201.9,234.9,205.9,233.9,200.4,232.7,205.2,231.6,218.9,245.3,208.9,235.3,200.3,234.6,203.1,231.5
2026-06-25T16:00:59Z,200.4,234.7,204.3,232.6,191.3,227.6,,,201.9,234.9,205.9,233.9,200.4,232.7,205.2,231.6,218.9,245.3,208.9,235.3,200.3,234.6,203.1,231.5
2026-06-25T18:24:53Z,200.4,234.7,204.3,232.6,185.3,219.6,,,201.9,234.9,205.9,233.9,200.4,232.7,205.2,231.6,218.9,245.3,208.9,235.3,200.3,234.6,203.1,231.5
2026-06-25T20:29:41Z,200.4,234.7,204.3,232.6,185.3,219.6,,,201.9,234.9,205.9,233.9,200.4,232.7,205.2,231.6,218.9,245.3,208.9,235.3,200.3,234.6,203.1,231.5
2026-06-25T22:06:32Z,200.4,234.7,204.3,232.6,185.3,219.6,,,201.9,234.9,205.9,233.9,200.4,232.7,205.2,231.6,218.9,245.3,208.9,235.3,200.3,234.6,203.1,231.5
2026-06-25T23:44:17Z,200.4,234.7,204.3,232.6,185.3,219.6,,,201.9,234.9,205.9,233.9,200.4,232.7,205.2,231.6,218.9,245.3,208.9,235.3,200.3,234.6,203.1,231.5
2026-06-26T01:53:16Z,200.4,234.7,204.3,232.6,185.3,219.6,,,201.9,234.9,205.9,233.9,200.4,232.7,205.2,231.6,218.9,245.3,208.9,235.3,200.3,234.6,203.1,231.5
2026-06-26T06:08:21Z,200.4,234.7,204.3,232.6,185.3,219.6,,,201.9,234.9,205.9,233.9,200.4,232.7,205.2,231.6,218.9,245.3,208.9,235.3,200.3,234.6,203.1,231.5
2026-06-26T09:51:00Z,200.4,234.7,204.3,232.6,185.3,219.6,,,201.9,234.9,205.9,233.9,200.4,232.7,205.2,231.6,218.9,245.3,208.9,235.3,200.3,234.6,203.1,231.5
2026-06-26T12:09:00Z,200.4,234.7,204.3,232.6,185.3,219.6,,,201.9,234.9,205.9,233.9,200.4,232.7,205.2,231.6,218.9,245.3,208.9,235.3,200.3,234.6,203.1,231.5
2026-06-26T14:46:52Z,200.4,234.7,204.3,232.6,185.3,219.6,,,201.9,234.9,205.9,233.9,200.4,232.7,205.2,231.6,218.9,245.3,208.9,235.3,200.3,234.6,203.1,231.5
2026-06-26T16:59:02Z,200.4,234.7,204.3,232.6,185.3,219.6,,,201.9,234.9,205.9,233.9,200.4,232.7,205.2,231.6,218.9,245.3,208.9,235.3,200.3,234.6,203.1,231.5
2026-06-26T18:56:52Z,200.4,234.7,204.3,232.6,185.3,219.6,,,201.9,234.9,205.9,233.9,200.4,232.7,205.2,231.6,218.9,245.3,208.9,235.3,200.3,234.6,203.1,231.5
2026-06-26T20:47:54Z,200.4,234.7,204.3,232.6,185.3,219.6,,,201.9,234.9,205.9,233.9,200.4,232.7,205.2,231.6,218.9,245.3,208.9,235.3,200.3,234.6,203.1,231.5
2026-06-26T22:10:53Z,200.4,234.7,204.3,232.6,185.3,219.6,,,201.9,234.9,205.9,233.9,200.4,232.7,205.2,231.6,218.9,245.3,208.9,235.3,200.3,234.6,203.1,231.5
2026-06-26T23:34:11Z,200.4,234.7,204.3,232.6,185.3,219.6,,,201.9,234.9,205.9,233.9,200.4,232.7,205.2,231.6,218.9,245.3,208.9,235.3,200.3,234.6,203.1,231.5
2026-06-27T01:33:52Z,200.4,234.7,204.3,232.6,185.3,219.6,,,201.9,234.9,205.9,233.9,200.4,232.7,205.2,231.6,218.9,245.3,208.9,235.3,200.3,234.6,203.1,231.5
2026-06-27T05:38:01Z,200.4,234.7,204.3,232.6,185.3,219.6,,,201.9,234.9,205.9,233.9,200.4,232.7,205.2,231.6,218.9,245.3,208.9,235.3,200.3,234.6,203.1,231.5
2026-06-27T08:16:35Z,200.4,234.7,204.3,232.6,185.3,219.6,,,201.9,234.9,205.9,233.9,200.4,232.7,205.2,231.6,218.9,245.3,208.9,235.3,200.3,234.6,203.1,231.5
2026-06-27T10:31:42Z,200.4,234.7,204.3,232.6,185.3,219.6,,,201.9,234.9,205.9,233.9,200.4,232.7,205.2,231.6,218.9,245.3,208.9,235.3,200.3,234.6,203.1,231.5
2026-06-27T12:01:44Z,200.4,234.7,204.3,232.6,185.3,219.6,,,201.9,234.9,205.9,233.9,200.4,232.7,205.2,231.6,218.9,245.3,208.9,235.3,200.3,234.6,203.1,231.5
2026-06-27T14:05:25Z,200.4,234.7,204.3,232.6,185.3,219.6,,,201.9,234.9,205.9,233.9,200.4,232.7,205.2,231.6,218.9,245.3,208.9,235.3,200.3,234.6,203.1,231.5
2026-06-27T15:38:09Z,200.4,234.7,204.3,232.6,185.3,219.6,,,201.9,234.9,205.9,233.9,200.4,232.7,205.2,231.6,218.9,245.3,208.9,235.3,200.3,234.6,203.1,231.5
2026-06-27T16:45:54Z,200.4,234.7,204.3,232.6,185.3,219.6,,,201.9,234.9,205.9,233.9,200.4,232.7,205.2,231.6,218.9,245.3,208.9,235.3,200.3,234.6,203.1,231.5
2026-06-27T18:00:06Z,200.4,234.7,204.3,232.6,185.3,219.6,,,201.9,234.9,205.9,233.9,200.4,232.7,205.2,231.6,218.9,245.3,208.9,235.3,200.3,234.6,203.1,231.5
2026-06-27T19:40:53Z,200.4,234.7,204.3,232.6,185.3,219.6,,,201.9,234.9,205.9,233.9,200.4,232.7,205.2,231.6,218.9,245.3,208.9,235.3,200.3,234.6,203.1,231.5
2026-06-27T20:42:30Z,200.4,234.7,204.3,232.6,185.3,219.6,,,201.9,234.9,205.9,233.9,200.4,232.7,205.2,231.6,218.9,245.3,208.9,235.3,200.3,234.6,203.1,231.5
2026-06-27T21:44:25Z,200.4,234.7,204.3,232.6,185.3,219.6,,,201.9,234.9,205.9,233.9,200.4,232.7,205.2,231.6,218.9,245.3,208.9,235.3,200.3,234.6,203.1,231.5
2026-06-27T22:45:15Z,200.4,234.7,204.3,232.6,185.3,219.6,,,201.9,234.9,205.9,233.9,200.4,232.7,205.2,231.6,218.9,245.3,208.9,235.3,200.3,234.6,203.1,231.5
2026-06-27T23:59:29Z,200.4,234.7,204.3,232.6,185.3,219.6,,,201.9,234.9,205.9,233.9,200.4,232.7,205.2,231.6,218.9,245.3,208.9,235.3,200.3,234.6,203.1,231.5
2026-06-28T04:43:44Z,200.4,234.7,204.3,232.6,185.3,219.6,,,201.9,234.9,205.9,233.9,200.4,232.7,205.2,231.6,218.9,245.3,208.9,235.3,200.3,234.6,203.1,231.5
2026-06-28T08:12:11Z,200.4,234.7,204.3,232.6,185.3,219.6,,,201.9,234.9,205.9,233.9,200.4,232.7,205.2,231.6,218.9,245.3,208.9,235.3,200.3,234.6,203.1,231.5
2026-06-28T10:35:02Z,200.4,234.7,204.3,232.6,185.3,219.6,,,201.9,234.9,205.9,233.9,200.4,232.7,205.2,231.6,218.9,245.3,208.9,235.3,200.3,234.6,203.1,231.5
2026-06-28T12:08:10Z,200.4,234.7,204.3,232.6,185.3,219.6,,,201.9,234.9,205.9,233.9,200.4,232.7,205.2,231.6,218.9,245.3,208.9,235.3,200.3,234.6,203.1,231.5
2026-06-28T14:14:39Z,200.4,234.7,204.3,232.6,185.3,219.6,,,201.9,234.9,205.9,233.9,200.4,232.7,205.2,231.6,218.9,245.3,208.9,235.3,200.3,234.6,203.1,231.5
2026-06-28T15:41:37Z,200.4,234.7,204.3,232.6,185.3,219.6,,,201.9,234.9,205.9,233.9,200.4,232.7,205.2,231.6,218.9,245.3,208.9,235.3,200.3,234.6,203.1,231.5
2026-06-28T16:47:56Z,200.4,234.7,204.3,232.6,185.3,219.6,,,201.9,234.9,205.9,233.9,200.4,232.7,205.2,231.6,218.9,245.3,208.9,235.3,200.3,234.6,203.1,231.5
2026-06-28T18:03:13Z,200.4,234.7,204.3,232.6,185.3,219.6,,,201.9,234.9,205.9,233.9,200.4,232.7,205.2,231.6,218.9,245.3,208.9,235.3,200.3,234.6,203.1,231.5
2026-06-28T19:44:52Z,200.4,234.7,204.3,232.6,185.3,219.6,,,201.9,234.9,205.9,233.9,200.4,232.7,205.2,231.6,218.9,245.3,208.9,235.3,200.3,234.6,203.1,231.5
2026-06-28T20:45:57Z,200.4,234.7,204.3,232.6,185.3,219.6,,,201.9,234.9,205.9,233.9,200.4,232.7,205.2,231.6,218.9,245.3,208.9,235.3,200.3,234.6,203.1,231.5
2026-06-28T21:59:57Z,200.4,234.7,204.3,232.6,185.3,219.6,,,201.9,234.9,205.9,233.9,200.4,232.7,205.2,231.6,218.9,245.3,208.9,235.3,200.3,234.6,203.1,231.5
2026-06-28T23:12:51Z,200.4,234.7,204.3,232.6,185.3,219.6,,,201.9,234.9,205.9,233.9,200.4,232.7,205.2,231.6,218.9,245.3,208.9,235.3,200.3,234.6,203.1,231.5
2026-06-29T00:19:26Z,200.4,234.7,204.3,232.6,185.3,219.6,,,201.9,234.9,205.9,233.9,200.4,232.7,205.2,231.6,218.9,245.3,208.9,235.3,200.3,234.6,203.1,231.5
2026-06-29T05:10:47Z,200.4,234.7,204.3,232.6,185.3,219.6,,,201.9,234.9,205.9,233.9,200.4,232.7,205.2,231.6,218.9,245.3,208.9,235.3,200.3,234.6,203.1,231.5
2026-06-29T09:57:54Z,200.3,234.6,204.2,232.5,185.3,219.6,,,201.9,234.9,205.9,233.9,200.4,232.7,205.2,231.6,218.9,245.3,208.9,235.3,200.3,234.6,203.1,231.5
2026-06-29T14:08:59Z,200.3,234.6,204.2,232.5,185.3,219.6,,,201.9,234.9,205.9,233.9,200.4,232.7,205.2,231.6,218.9,245.3,208.9,235.3,200.3,234.6,203.1,231.5
2026-06-29T17:11:56Z,200.3,234.6,204.2,232.5,185.3,219.6,,,201.9,234.9,205.9,233.9,200.4,232.7,205.2,231.6,218.9,245.3,208.9,235.3,200.3,234.6,203.1,231.5
2026-06-29T19:15:13Z,200.3,234.6,204.2,232.5,185.3,219.6,,,201.9,234.9,205.9,233.9,200.4,232.7,205.2,231.6,218.9,245.3,208.9,235.3,200.3,234.6,203.1,231.5
2026-06-29T21:06:57Z,200.3,234.6,204.2,232.5,185.3,219.6,,,201.9,234.9,205.9,233.9,200.4,232.7,205.2,231.6,218.9,245.3,208.9,235.3,200.3,234.6,203.1,231.5
2026-06-29T22:19:45Z,200.3,234.6,204.2,232.5,185.3,219.6,,,201.9,234.9,205.9,233.9,200.4,232.7,205.2,231.6,218.9,245.3,208.9,235.3,200.3,234.6,203.1,231.5
2026-06-29T23:33:08Z,200.3,234.6,204.2,232.5,185.3,219.6,,,201.9,234.9,205.9,233.9,200.4,232.7,205.2,231.6,218.9,245.3,208.9,235.3,200.3,234.6,203.1,231.5
2026-06-30T01:48:52Z,200.3,234.6,204.2,232.5,185.3,219.6,,,201.9,234.9,205.9,233.9,200.4,232.7,205.2,231.6,218.9,245.3,208.9,235.3,200.3,234.6,203.1,231.5
2026-06-30T06:09:05Z,200.3,234.6,204.2,232.5,185.3,219.6,,,201.9,234.9,205.9,233.9,200.4,232.7,205.2,231.6,218.9,245.3,208.9,235.3,200.3,234.6,203.1,231.5
2026-06-30T09:59:29Z,200.3,234.6,204.2,232.5,185.3,219.6,,,201.9,234.9,205.9,233.9,200.4,232.7,205.2,231.6,218.9,245.3,208.9,235.3,200.3,234.6,203.1,231.5
2026-06-30T12:18:03Z,200.3,234.6,204.2,232.5,185.3,219.6,,,201.9,234.9,205.9,233.9,200.4,232.7,205.2,231.6,218.9,245.3,208.9,235.3,200.3,234.6,203.1,231.5
2026-06-30T15:08:24Z,200.3,234.6,204.2,232.5,185.3,219.6,,,201.9,234.9,205.9,233.9,200.4,232.7,205.2,231.6,218.9,245.3,208.9,235.3,200.3,234.6,203.1,231.5
2026-06-30T17:14:54Z,200.3,234.6,204.2,232.5,185.3,219.6,,,201.9,234.9,205.9,233.9,200.4,232.7,205.2,231.6,218.9,245.3,208.9,235.3,200.3,234.6,203.1,231.5
2026-06-30T19:08:39Z,200.3,234.6,204.2,232.5,185.3,219.6,,,201.9,234.9,205.9,233.9,200.4,230.7,205.2,229.6,218.9,243.3,208.9,233.3,200.3,234.6,203.1,231.5
2026-06-30T21:03:52Z,200.3,234.6,204.2,232.5,185.3,219.6,,,201.9,234.9,205.9,233.9,200.4,230.7,205.2,229.6,218.9,243.3,208.9,233.3,200.3,234.6,203.1,231.5
2026-06-30T22:39:01Z,200.3,234.6,204.2,232.5,185.3,219.6,,,201.9,234.9,205.9,233.9,200.4,230.7,205.2,229.6,218.9,243.3,208.9,233.3,200.3,234.6,203.1,231.5
2026-06-30T23:48:51Z,200.3,234.6,204.2,232.5,185.3,219.6,,,201.9,234.9,205.9,233.9,200.4,230.7,205.2,229.6,218.9,243.3,208.9,233.3,200.3,234.6,203.1,231.5
2026-07-01T03:35:31Z,200.3,234.6,204.2,232.5,185.3,219.6,,,201.9,234.9,205.9,233.9,200.4,230.7,205.2,229.6,218.9,243.3,208.9,233.3,200.3,234.6,203.1,231.5
2026-07-01T07:57:53Z,200.3,234.6,204.2,232.5,185.3,219.6,,,201.9,234.9,205.9,233.9,200.4,230.7,205.2,229.6,218.9,243.3,208.9,233.3,200.3,234.6,203.1,231.5
2026-07-01T11:28:02Z,200.3,234.6,204.2,232.5,185.3,219.6,,,201.9,234.9,205.9,233.9,200.4,230.7,205.2,229.6,218.9,243.3,208.9,233.3,200.3,234.6,203.1,231.5
2026-07-01T13:52:13Z,200.3,234.6,204.2,232.5,185.3,219.6,,,201.9,234.9,205.9,233.9,200.4,230.7,205.2,229.6,218.9,243.3,208.9,233.3,200.3,234.6,203.1,231.5
2026-07-01T16:24:07Z,200.3,234.6,204.2,232.5,185.3,219.6,,,201.9,234.9,205.9,233.9,200.4,230.7,205.2,229.6,218.9,243.3,208.9,233.3,200.3,234.6,203.1,231.5
2026-07-01T18:23:40Z,200.3,234.6,204.2,232.5,185.3,219.6,,,201.9,234.9,205.9,233.9,200.4,230.7,205.2,229.6,218.9,243.3,208.9,233.3,200.3,234.6,203.1,231.5
2026-07-01T20:22:32Z,200.3,234.6,204.2,232.5,185.3,219.6,,,201.9,234.9,205.9,233.9,200.4,230.7,205.2,229.6,218.9,243.3,208.9,233.3,200.3,234.6,203.1,231.5
2026-07-01T21:58:57Z,200.3,234.6,204.2,232.5,185.3,219.6,,,201.9,234.9,205.9,233.9,200.4,230.7,205.2,229.6,218.9,243.3,208.9,233.3,200.3,234.6,203.1,231.5
2026-07-01T23:22:09Z,200.3,234.6,204.2,232.5,185.3,219.6,,,201.9,234.9,205.9,233.9,200.4,230.7,205.2,229.6,218.9,243.3,208.9,233.3,200.3,234.6,203.1,231.5
2026-07-02T01:31:12Z,200.3,234.6,204.2,232.5,185.3,219.6,,,201.9,234.9,205.9,233.9,200.4,230.7,205.2,229.6,218.9,243.3,208.9,233.3,200.3,234.6,203.1,231.5
2026-07-02T05:41:45Z,200.3,234.6,204.2,232.5,185.3,219.6,,,201.9,234.9,205.9,233.9,200.4,230.7,205.2,229.6,218.9,243.3,208.9,233.3,200.3,234.6,203.1,231.5
2026-07-02T08:33:44Z,200.3,234.6,204.2,232.5,185.3,219.6,,,201.9,234.9,205.9,233.9,200.4,230.7,205.2,229.6,218.9,243.3,208.9,233.3,200.3,234.6,203.1,231.5
2026-07-02T11:18:41Z,200.3,234.6,204.2,232.5,185.3,219.6,,,201.9,234.9,205.9,233.9,200.4,230.7,205.2,229.6,218.9,243.3,208.9,233.3,200.3,234.6,203.1,231.5
2026-07-02T13:15:20Z,200.3,234.6,204.2,232.5,185.3,219.6,,,201.9,234.9,205.9,233.9,200.4,230.7,205.2,229.6,218.9,243.3,208.9,233.3,200.3,234.6,203.1,231.5
2026-07-02T15:39:24Z,200.3,234.6,204.2,232.5,185.3,219.6,,,201.9,234.9,205.9,233.9,200.4,230.7,205.2,229.6,218.9,243.3,208.9,233.3,200.3,234.6,203.1,231.5
2026-07-02T17:18:42Z,200.3,234.6,204.2,232.5,185.3,219.6,,,201.9,234.9,205.9,233.9,200.4,230.7,205.2,229.6,218.9,243.3,208.9,233.3,200.3,234.6,203.1,231.5
2026-07-02T18:56:07Z,200.3,234.6,204.2,232.5,185.3,219.6,,,201.9,234.9,205.9,233.9,200.4,229.7,205.2,228.6,218.9,242.3,208.9,232.3,200.2,229.6,203.1,226.5
2026-07-02T20:17:51Z,200.3,234.6,204.2,232.5,185.3,219.6,,,201.9,234.9,205.9,233.9,200.4,229.7,205.2,228.6,218.9,242.3,208.9,232.3,200.2,229.6,203.1,226.5
2026-07-02T21:42:36Z,200.3,234.6,204.2,232.5,185.3,219.6,,,201.9,234.9,205.9,233.9,200.4,229.7,205.2,228.6,218.9,242.3,208.9,232.3,200.2,229.6,203.1,226.5
2026-07-02T22:46:56Z,200.3,234.6,204.2,232.5,185.3,219.6,,,201.9,234.9,205.9,233.9,200.4,229.7,205.2,228.6,218.9,242.3,208.9,232.3,200.2,229.6,203.1,226.5
2026-07-03T00:03:10Z,200.3,234.6,204.2,232.5,185.3,219.6,,,201.9,234.9,205.9,233.9,200.4,229.7,205.2,228.6,218.9,242.3,208.9,232.3,200.2,229.6,203.1,226.5
2026-07-03T04:06:53Z,200.3,234.6,204.2,232.5,185.3,219.6,,,201.9,234.9,205.9,233.9,200.4,229.7,205.2,228.6,218.9,242.3,208.9,232.3,200.2,229.6,203.1,226.5
2026-07-03T07:34:44Z,200.3,234.6,204.2,232.5,185.3,219.6,,,201.9,234.9,205.9,233.9,200.4,229.7,205.2,228.6,218.9,242.3,208.9,232.3,200.2,229.6,203.1,226.5
2026-07-03T10:17:27Z,200.3,234.6,204.2,232.5,185.3,219.6,,,201.9,234.9,205.9,233.9,200.4,229.7,205.2,228.6,218.9,242.3,208.9,232.3,200.2,229.6,203.1,226.5
2026-07-03T12:24:18Z,200.3,234.6,204.2,232.5,185.3,219.6,,,201.9,234.9,205.9,233.9,200.4,229.7,205.2,228.6,218.9,242.3,208.9,232.3,200.2,229.6,203.1,226.5
2026-07-03T14:40:10Z,200.3,234.6,204.2,232.5,185.3,219.6,,,201.9,234.9,205.9,233.9,200.4,229.7,205.2,228.6,218.9,242.3,208.9,232.3,200.2,229.6,203.1,226.5
2026-07-03T16:12:43Z,200.3,234.6,204.2,232.5,185.3,219.6,,,201.9,234.9,205.9,233.9,200.4,229.7,205.2,228.6,218.9,242.3,208.9,232.3,200.2,229.6,203.1,226.5
2026-07-03T17:48:29Z,200.3,234.6,204.2,232.5,185.3,219.6,,,201.9,234.9,205.9,233.9,200.4,229.7,205.2,228.6,218.9,242.3,208.9,232.3,200.2,229.6,203.1,226.5
2026-07-03T19:17:11Z,200.3,229.6,204.2,227.5,185.3,219.6,,,201.9,234.9,205.9,233.9,200.4,227.7,205.2,226.6,218.9,240.3,208.9,230.3,200.2,227.6,203.1,224.5
2026-07-03T20:36:51Z,200.3,229.6,204.2,227.5,185.3,219.6,,,201.9,234.9,205.9,233.9,200.4,227.7,205.2,226.6,218.9,240.3,208.9,230.3,200.2,227.6,203.1,224.5
2026-07-03T21:44:10Z,200.3,229.6,204.2,227.5,185.3,219.6,,,201.9,234.9,205.9,233.9,200.4,227.7,205.2,226.6,218.9,240.3,208.9,230.3,200.2,227.6,203.1,224.5
2026-07-03T22:44:06Z,200.3,229.6,204.2,227.5,185.3,219.6,,,201.9,234.9,205.9,233.9,200.4,227.7,205.2,226.6,218.9,240.3,208.9,230.3,200.2,227.6,203.1,224.5
2026-07-03T23:45:31Z,200.3,229.6,204.2,227.5,185.3,219.6,,,201.9,234.9,205.9,233.9,200.4,227.7,205.2,226.6,218.9,240.3,208.9,230.3,200.2,227.6,203.1,224.5
2026-07-04T02:39:31Z,200.3,229.6,204.2,227.5,185.3,219.6,,,201.9,234.9,205.9,233.9,200.4,227.7,205.2,226.6,218.9,240.3,208.9,230.3,200.2,227.6,203.1,224.5
2026-07-04T06:00:18Z,200.3,229.6,204.2,227.5,185.3,219.6,,,201.9,234.9,205.9,233.9,200.4,227.7,205.2,226.6,218.9,240.3,208.9,230.3,200.2,227.6,203.1,224.5
2026-07-04T08:49:33Z,200.3,229.6,204.2,227.5,185.3,219.6,,,201.9,234.9,205.9,233.9,200.4,227.7,205.2,226.6,218.9,240.3,208.9,230.3,200.2,227.6,203.1,224.5
2026-07-04T10:52:08Z,200.3,229.6,204.2,227.5,185.3,219.6,,,201.9,234.9,205.9,233.9,200.4,227.7,205.2,226.6,218.9,240.3,208.9,230.3,200.2,227.6,203.1,224.5
2026-07-04T12:05:08Z,200.3,229.6,204.2,227.5,185.3,219.6,,,201.9,234.9,205.9,233.9,200.4,227.7,205.2,226.6,218.9,240.3,208.9,230.3,200.2,227.6,203.1,224.5
2026-07-04T13:56:33Z,200.3,229.6,204.2,227.5,185.3,219.6,,,201.9,234.9,205.9,233.9,200.4,227.7,205.2,226.6,218.9,240.3,208.9,230.3,200.2,227.6,203.1,224.5
2026-07-04T15:05:55Z,200.3,229.6,204.2,227.5,185.3,219.6,,,201.9,234.9,205.9,233.9,200.4,227.7,205.2,226.6,218.9,240.3,208.9,230.3,200.2,227.6,203.1,224.5
2026-07-04T16:14:41Z,200.3,229.6,204.2,227.5,185.3,219.6,,,201.9,234.9,205.9,233.9,200.4,227.7,205.2,226.6,218.9,240.3,208.9,230.3,200.2,227.6,203.1,224.5
2026-07-04T17:29:18Z,200.3,229.6,204.2,227.5,185.3,219.6,,,201.9,234.9,205.9,233.9,200.4,227.7,205.2,226.6,218.9,240.3,208.9,230.3,200.2,227.6,203.1,224.5
2026-07-04T18:34:05Z,200.3,229.6,204.2,227.5,185.3,219.6,,,201.9,234.9,205.9,233.9,200.4,227.7,205.2,226.6,218.9,240.3,208.9,230.3,200.2,227.6,203.1,224.5
2026-07-04T19:52:58Z,200.3,229.6,204.2,227.5,185.2,214.6,,,201.9,234.9,205.9,233.9,200.4,227.7,205.2,226.6,218.9,240.3,208.9,230.3,200.2,227.6,203.1,224.5
2026-07-04T20:54:06Z,200.3,229.6,204.2,227.5,185.2,214.6,,,201.9,234.9,205.9,233.9,200.4,227.7,205.2,226.6,218.9,240.3,208.9,230.3,200.2,227.6,203.1,224.5
2026-07-04T21:56:33Z,200.3,229.6,204.2,227.5,185.2,214.6,,,201.9,234.9,205.9,233.9,200.4,227.7,205.2,226.6,218.9,240.3,208.9,230.3,200.2,227.6,203.1,224.5
2026-07-04T22:58:14Z,200.3,229.6,204.2,227.5,185.2,214.6,,,201.9,234.9,205.9,233.9,200.4,227.7,205.2,226.6,218.9,240.3,208.9,230.3,200.2,227.6,203.1,224.5
2026-07-05T00:05:20Z,200.3,229.6,204.2,227.5,185.2,214.6,,,201.9,234.9,205.9,233.9,200.4,227.7,205.2,226.6,218.9,240.3,208.9,230.3,200.2,227.6,203.1,224.5
2026-07-05T04:18:50Z,200.3,229.6,204.2,227.5,185.2,214.6,,,201.9,234.9,205.9,233.9,200.4,227.7,205.2,226.6,218.9,240.3,208.9,230.3,200.2,227.6,203.1,224.5
2026-07-05T07:43:58Z,200.3,229.6,204.2,227.5,185.2,214.6,,,201.9,234.9,205.9,233.9,200.4,227.7,205.2,226.6,218.9,240.3,208.9,230.3,200.2,227.6,203.1,224.5
2026-07-05T09:57:01Z,200.3,229.6,204.2,227.5,185.2,214.6,,,201.9,234.9,205.9,233.9,200.4,227.7,205.2,226.6,218.9,240.3,208.9,230.3,200.2,227.6,203.1,224.5
2026-07-05T11:36:06Z,200.3,229.6,204.2,227.5,185.2,214.6,,,201.9,234.9,205.9,233.9,200.4,227.7,205.2,226.6,218.9,240.3,208.9,230.3,200.2,227.6,203.1,224.5
2026-07-05T12:52:43Z,200.3,229.6,204.2,227.5,185.2,214.6,,,201.9,234.9,205.9,233.9,200.4,227.7,205.2,226.6,218.9,240.3,208.9,230.3,200.2,227.6,203.1,224.5
2026-07-05T14:40:11Z,200.3,229.6,204.2,227.5,185.2,214.6,,,201.9,234.9,205.9,233.9,200.4,227.7,205.2,226.6,218.9,240.3,208.9,230.3,200.2,227.6,203.1,224.5
2026-07-05T15:51:15Z,200.3,229.6,204.2,227.5,185.2,214.6,,,201.9,234.9,205.9,233.9,200.4,227.7,205.2,226.6,218.9,240.3,208.9,230.3,200.2,227.6,203.1,224.5
2026-07-05T17:06:10Z,200.3,229.6,204.2,227.5,185.2,214.6,,,201.9,234.9,205.9,233.9,200.4,227.7,205.2,226.6,218.9,240.3,208.9,230.3,200.2,227.6,203.1,224.5
2026-07-05T18:15:11Z,200.3,229.6,204.2,227.5,185.2,214.6,,,201.9,234.9,205.9,233.9,200.4,227.7,205.2,226.6,218.9,240.3,208.9,230.3,200.2,227.6,203.1,224.5
2026-07-05T19:49:09Z,200.3,229.6,204.2,227.5,185.2,214.6,,,201.9,234.9,205.9,233.9,200.4,227.7,205.2,226.6,218.9,240.3,208.9,230.3,200.2,227.6,203.1,224.5
2026-07-05T20:56:34Z,200.3,229.6,204.2,227.5,185.2,214.6,,,201.9,234.9,205.9,233.9,200.4,227.7,205.2,226.6,218.9,240.3,208.9,230.3,200.2,227.6,203.1,224.5
2026-07-05T22:02:51Z,200.3,229.6,204.2,227.5,185.2,214.6,,,201.9,234.9,205.9,233.9,200.4,227.7,205.2,226.6,218.9,240.3,208.9,230.3,200.2,227.6,203.1,224.5
2026-07-05T23:17:03Z,200.3,229.6,204.2,227.5,185.2,214.6,,,201.9,234.9,205.9,233.9,200.4,227.7,205.2,226.6,218.9,240.3,208.9,230.3,200.2,227.6,203.1,224.5
2026-07-06T01:13:40Z,200.3,229.6,204.2,227.5,185.2,214.6,,,201.9,234.9,205.9,233.9,200.4,227.7,205.2,226.6,218.9,240.3,208.9,230.3,200.2,227.6,203.1,224.5
2026-07-06T05:37:04Z,200.3,229.6,204.2,227.5,185.2,214.6,,,201.9,234.9,205.9,233.9,200.4,227.7,205.2,226.6,218.9,240.3,208.9,230.3,200.2,227.6,203.1,224.5
2026-07-06T09:42:34Z,200.3,229.6,204.2,227.5,185.2,214.6,,,201.9,234.9,205.9,233.9,200.4,227.7,205.2,226.6,218.9,240.3,208.9,230.3,200.2,227.6,203.1,224.5
2026-07-06T13:29:56Z,200.3,229.6,204.2,227.5,185.2,214.6,,,201.9,234.9,205.9,233.9,200.4,227.7,205.2,226.6,218.9,240.3,208.9,230.3,200.2,227.6,203.1,224.5
2026-07-06T16:40:18Z,200.3,229.6,204.2,227.5,185.2,214.6,,,201.9,234.9,205.9,233.9,200.4,227.7,205.2,226.6,218.9,240.3,208.9,230.3,200.2,227.6,203.1,224.5
2026-07-06T18:30:34Z,200.3,229.6,204.2,227.5,185.2,214.6,,,201.9,234.9,205.9,233.9,200.4,227.7,205.2,226.6,218.9,240.3,208.9,230.3,200.2,227.6,203.1,224.5
2026-07-06T20:32:45Z,200.3,229.6,204.2,227.5,185.2,214.6,,,201.9,234.9,205.9,233.9,200.4,227.7,205.2,226.6,218.9,240.3,208.9,230.3,200.2,227.6,203.1,224.5
2026-07-06T22:02:07Z,200.3,229.6,204.2,227.5,185.2,214.6,,,201.9,234.9,205.9,233.9,200.4,227.7,205.2,226.6,218.9,240.3,208.9,230.3,200.2,227.6,203.1,224.5
2026-07-06T23:31:06Z,200.3,229.6,204.2,227.5,185.2,214.6,,,201.9,234.9,205.9,233.9,200.4,227.7,205.2,226.6,218.9,240.3,208.9,230.3,200.2,227.6,203.1,224.5
2026-07-07T01:23:05Z,200.3,229.6,204.2,227.5,185.2,214.6,,,201.9,234.9,205.9,233.9,200.4,227.7,205.2,226.6,218.9,240.3,208.9,230.3,200.2,227.6,203.1,224.5
2026-07-07T05:34:14Z,200.3,229.6,204.2,227.5,185.2,214.6,,,201.9,234.9,205.9,233.9,200.4,227.7,205.2,226.6,218.9,240.3,208.9,230.3,200.2,227.6,203.1,224.5
2026-07-07T08:54:16Z,200.3,229.6,204.2,227.5,185.2,214.6,,,201.9,234.9,205.9,233.9,200.4,227.7,205.2,226.6,218.9,240.3,208.9,230.3,200.2,227.6,203.1,224.5
2026-07-07T11:46:54Z,200.3,229.6,204.2,227.5,185.2,214.6,,,201.9,234.9,205.9,233.9,200.4,227.7,205.2,226.6,218.9,240.3,208.9,230.3,200.2,227.6,203.1,224.5
2026-07-07T14:26:57Z,200.3,224.6,204.2,222.5,185.2,209.5,,,201.9,227.9,205.9,226.9,200.4,224.7,205.2,223.6,218.9,237.3,208.9,227.3,200.2,224.5,203.1,221.4
2026-07-07T16:55:58Z,200.3,224.6,204.2,222.5,185.2,209.5,,,201.9,227.9,205.9,226.9,200.4,224.7,205.2,223.6,218.9,237.3,208.9,227.3,200.2,224.5,203.1,221.4
2026-07-07T19:01:31Z,200.3,224.6,204.2,222.5,185.2,209.5,,,201.9,227.9,205.9,226.9,195.4,219.7,205.2,223.6,218.9,237.3,208.9,227.3,200.2,224.5,203.1,221.4
2026-07-07T20:57:08Z,200.3,224.6,204.2,222.5,185.2,209.5,,,201.9,227.9,205.9,226.9,195.4,219.7,205.2,223.6,218.9,237.3,208.9,227.3,195.3,219.6,203.1,221.4
2026-07-07T22:11:38Z,200.3,224.6,204.2,222.5,185.2,209.5,,,201.9,227.9,205.9,226.9,195.4,219.7,205.2,223.6,218.9,237.3,208.9,227.3,195.3,219.6,203.1,221.4
2026-07-07T23:14:25Z,200.3,224.6,204.2,222.5,185.2,209.5,,,201.9,227.9,205.9,226.9,195.4,219.7,205.2,223.6,218.9,237.3,208.9,227.3,195.3,219.6,203.1,221.4
2026-07-08T00:13:27Z,200.3,224.6,204.2,222.5,185.2,209.5,,,201.9,227.9,205.9,226.9,195.4,219.7,205.2,223.6,218.9,237.3,208.9,227.3,195.3,219.6,203.1,221.4
2026-07-08T03:46:22Z,200.3,224.6,204.2,222.5,185.2,209.5,,,201.9,227.9,205.9,226.9,195.4,219.7,205.2,223.6,218.9,237.3,208.9,227.3,195.3,219.6,203.1,221.4
2026-07-08T06:25:51Z,200.3,224.6,204.2,222.5,185.2,209.5,,,201.9,227.9,205.9,226.9,195.4,219.7,205.2,223.6,218.9,237.3,208.9,227.3,195.3,219.6,203.1,221.4
2026-07-08T09:05:42Z,200.3,224.6,204.2,222.5,185.2,209.5,,,201.9,227.9,205.9,226.9,195.4,219.7,205.2,223.6,218.9,237.3,208.9,227.3,195.3,219.6,203.1,221.4
2026-07-08T11:16:15Z,200.3,224.6,204.2,222.5,185.2,209.5,,,201.9,227.9,205.9,226.9,195.4,219.7,205.2,223.6,218.9,237.3,208.9,227.3,195.3,219.6,203.1,221.4
2026-07-08T13:00:53Z,200.3,224.6,204.2,222.5,185.2,209.5,,,201.9,227.9,205.9,226.9,195.4,219.7,205.2,223.6,218.9,237.3,208.9,227.3,195.3,219.6,203.1,221.4
2026-07-08T15:32:59Z,200.3,224.6,204.2,222.5,185.2,209.5,,,201.9,227.9,205.9,226.9,195.4,219.7,205.2,223.6,218.9,237.3,208.9,227.3,195.3,219.6,203.1,221.4
2026-07-08T17:06:55Z,200.3,224.6,204.2,222.5,185.2,209.5,,,201.9,227.9,205.9,226.9,195.4,219.7,205.2,223.6,218.9,237.3,208.9,227.3,195.3,219.6,203.1,221.4
2026-07-08T18:43:05Z,200.3,224.6,204.2,222.5,185.2,209.5,,,201.9,227.9,205.9,226.9,195.4,219.7,205.2,223.6,218.9,237.3,208.9,227.3,195.3,219.6,203.1,221.4
2026-07-08T20:10:05Z,200.3,224.6,204.2,222.5,185.2,209.5,,,201.9,227.9,205.9,226.9,195.4,219.7,205.2,223.6,218.9,237.3,208.9,227.3,195.3,219.6,203.1,221.4
2026-07-08T21:30:04Z,200.3,224.6,204.2,222.5,185.2,209.5,,,201.9,227.9,205.9,226.9,195.4,219.7,205.2,223.6,218.9,237.3,208.9,227.3,195.3,219.6,203.1,221.4
2026-07-08T22:35:01Z,200.3,224.6,204.2,222.5,185.2,209.5,,,201.9,227.9,205.9,226.9,195.4,219.7,205.2,223.6,218.9,237.3,208.9,227.3,195.3,219.6,203.1,221.4
2026-07-08T23:44:38Z,200.3,224.6,204.2,222.5,185.2,209.5,,,201.9,227.9,205.9,226.9,195.4,219.7,205.2,223.6,218.9,237.3,208.9,227.3,195.3,219.6,203.1,221.4
2026-07-09T01:19:25Z,200.3,224.6,204.2,222.5,185.2,209.5,,,201.9,227.9,205.9,226.9,195.4,219.7,205.2,223.6,218.9,237.3,208.9,227.3,195.3,219.6,203.1,221.4
2026-07-09T05:40:54Z,200.3,224.6,204.2,222.5,185.2,209.5,,,201.9,227.9,205.9,226.9,195.4,219.7,205.2,223.6,218.9,237.3,208.9,227.3,195.3,219.6,203.1,221.4
2026-07-09T08:54:35Z,200.3,224.6,204.2,222.5,185.2,209.5,,,201.9,227.9,205.9,226.9,195.4,219.7,205.2,223.6,218.9,237.3,208.9,227.3,195.3,219.6,203.1,221.4
2026-07-09T11:54:51Z,200.3,224.6,204.2,222.5,185.2,209.5,,,201.9,227.9,205.9,226.9,195.4,219.7,205.2,223.6,218.9,237.3,208.9,227.3,195.3,219.6,203.1,221.4
2026-07-09T14:52:45Z,200.3,224.6,204.2,222.5,185.2,209.5,,,201.9,227.9,205.9,226.9,195.4,219.7,205.2,223.6,218.9,237.3,208.9,227.3,195.3,219.6,203.1,221.4
2026-07-09T17:21:03Z,200.3,224.6,204.2,222.5,185.2,209.5,,,201.9,227.9,205.9,226.9,195.4,219.7,205.2,223.6,218.9,237.3,208.9,227.3,195.3,219.6,203.1,221.4
2026-07-09T19:06:46Z,200.3,224.6,204.2,222.5,185.2,209.5,,,201.9,227.9,205.9,226.9,195.4,219.7,205.2,223.6,218.9,237.3,208.9,227.3,195.3,219.6,203.1,221.4
2026-07-09T20:56:00Z,200.3,224.6,204.2,222.5,185.2,209.5,,,201.9,227.9,205.9,226.9,195.4,219.7,205.2,223.6,218.9,237.3,208.9,227.3,195.3,219.6,203.1,221.4
2026-07-09T22:21:48Z,200.3,224.6,204.2,222.5,185.2,209.5,,,201.9,227.9,205.9,226.9,195.4,219.7,205.2,223.6,218.9,237.3,208.9,227.3,195.3,219.6,203.1,221.4
2026-07-09T23:44:58Z,200.3,224.6,204.2,222.5,185.2,209.5,,,201.9,227.9,205.9,226.9,195.4,219.7,205.2,223.6,218.9,237.3,208.9,227.3,195.3,219.6,203.1,221.4
2026-07-10T01:17:42Z,200.3,224.6,204.2,222.5,185.2,209.5,,,201.9,227.9,205.9,226.9,195.4,219.7,205.2,223.6,218.9,237.3,208.9,227.3,195.3,219.6,203.1,221.4
2026-07-10T05:32:41Z,200.3,224.6,204.2,222.5,185.2,209.5,,,201.9,227.9,205.9,226.9,195.4,219.7,205.2,223.6,218.9,237.3,208.9,227.3,195.3,219.6,203.1,221.4
2026-07-10T08:50:54Z,200.3,224.6,204.2,222.5,185.2,209.5,,,201.9,227.9,205.9,226.9,195.4,219.7,205.2,223.6,218.9,237.3,208.9,227.3,195.3,219.6,203.1,221.4
2026-07-10T11:48:56Z,200.3,224.6,204.2,222.5,185.2,209.5,,,201.9,227.9,205.9,226.9,195.4,219.7,205.2,223.6,218.9,237.3,208.9,227.3,195.3,219.6,203.1,221.4
2026-07-10T14:19:40Z,200.3,224.6,204.2,222.5,185.2,209.5,,,201.9,227.9,205.9,226.9,195.4,219.7,205.2,223.6,218.9,237.3,208.9,227.3,195.3,219.6,203.1,221.4
2026-07-10T16:36:26Z,200.3,224.6,204.2,222.5,180.3,204.6,,,201.9,227.9,205.9,226.9,195.4,219.7,205.2,223.6,218.9,237.3,208.9,227.3,195.3,219.6,203.1,221.4
2026-07-10T18:11:34Z,200.3,224.6,204.2,222.5,180.3,204.6,,,201.9,227.9,205.9,226.9,195.4,219.7,205.2,223.6,218.9,237.3,208.9,227.3,195.3,219.6,203.1,221.4
2026-07-10T19:51:45Z,200.3,224.6,204.2,222.5,180.3,204.6,,,201.9,227.9,205.9,226.9,195.4,219.7,205.2,223.6,218.9,237.3,208.9,227.3,195.3,219.6,203.1,221.4
2026-07-10T21:03:34Z,200.3,224.6,204.2,222.5,180.3,204.6,,,201.9,227.9,205.9,226.9,195.4,219.7,205.2,223.6,218.9,237.3,208.9,227.3,195.3,219.6,203.1,221.4
2026-07-10T22:14:58Z,200.3,224.6,204.2,222.5,180.3,204.6,,,201.9,227.9,205.9,226.9,195.4,219.7,205.2,223.6,218.9,237.3,208.9,227.3,195.3,219.6,203.1,221.4
2026-07-10T23:14:58Z,200.3,224.6,204.2,222.5,180.3,204.6,,,201.9,227.9,205.9,226.9,195.4,219.7,205.2,223.6,218.9,237.3,208.9,227.3,195.3,219.6,203.1,221.4
2026-07-11T00:11:57Z,200.3,224.6,204.2,222.5,180.3,204.6,,,201.9,227.9,205.9,226.9,195.4,219.7,205.2,223.6,218.9,237.3,208.9,227.3,195.3,219.6,203.1,221.4
2026-07-11T03:42:59Z,200.3,224.6,204.2,222.5,180.3,204.6,,,201.9,227.9,205.9,226.9,195.4,219.7,205.2,223.6,218.9,237.3,208.9,227.3,195.3,219.6,203.1,221.4
2026-07-11T06:02:00Z,200.3,224.6,204.2,222.5,180.3,204.6,,,201.9,227.9,205.9,226.9,195.4,219.7,205.2,223.6,218.9,237.3,208.9,227.3,195.3,219.6,203.1,221.4
2026-07-11T08:14:09Z,200.3,224.6,204.2,222.5,180.3,204.6,,,201.9,227.9,205.9,226.9,195.4,219.7,205.2,223.6,218.9,237.3,208.9,227.3,195.3,219.6,203.1,221.4
2026-07-11T09:50:03Z,200.3,224.6,204.2,222.5,180.3,204.6,,,201.9,227.9,205.9,226.9,195.4,219.7,205.2,223.6,218.9,237.3,208.9,227.3,195.3,219.6,203.1,221.4
2026-07-11T11:02:14Z,200.3,224.6,204.2,222.5,180.3,204.6,,,201.9,227.9,205.9,226.9,195.4,219.7,205.2,223.6,218.9,237.3,208.9,227.3,195.3,219.6,203.1,221.4
2026-07-11T12:04:35Z,200.3,224.6,204.2,222.5,180.3,204.6,,,201.9,227.9,205.9,226.9,195.4,219.7,205.2,223.6,218.9,237.3,208.9,227.3,195.3,219.6,203.1,221.4
2026-07-11T13:53:11Z,200.3,224.6,204.2,222.5,180.3,204.6,,,201.9,227.9,205.9,226.9,195.4,219.7,205.2,223.6,218.9,237.3,208.9,227.3,195.3,219.6,203.1,221.4
2026-07-11T14:50:12Z,200.3,224.6,204.2,222.5,180.3,204.6,,,201.9,227.9,205.9,226.9,195.4,219.7,205.2,223.6,218.9,237.3,208.9,227.3,195.3,219.6,203.1,221.4
2026-07-11T15:52:56Z,200.3,224.6,204.2,222.5,180.3,204.6,,,201.9,227.9,205.9,226.9,195.4,219.7,205.2,223.6,218.9,237.3,208.9,227.3,195.3,219.6,203.1,221.4
2026-07-11T16:54:22Z,200.3,224.6,204.2,222.5,180.3,204.6,,,201.9,227.9,205.9,226.9,195.4,219.7,205.2,223.6,218.9,237.3,208.9,227.3,195.3,219.6,203.1,221.4
2026-07-11T17:53:22Z,200.3,224.6,204.2,222.5,180.3,204.6,,,201.9,227.9,205.9,226.9,195.4,219.7,205.2,223.6,218.9,237.3,208.9,227.3,195.3,219.6,203.1,221.4
2026-07-11T18:58:15Z,200.3,224.6,204.2,222.5,180.3,204.6,,,201.9,227.9,205.9,226.9,195.4,219.7,205.2,223.6,218.9,237.3,208.9,227.3,195.3,219.6,203.1,221.4
2026-07-11T20:07:09Z,200.3,224.6,204.2,222.5,180.3,204.6,,,201.9,227.9,205.9,226.9,195.4,219.7,205.2,223.6,218.9,237.3,208.9,227.3,195.3,219.6,203.1,221.4
2026-07-11T21:05:16Z,200.3,224.6,204.2,222.5,180.3,204.6,,,201.9,227.9,205.9,226.9,195.4,219.7,205.2,223.6,218.9,237.3,208.9,227.3,195.3,219.6,203.1,221.4
2026-07-11T22:06:50Z,200.3,224.6,204.2,222.5,180.3,204.6,,,201.9,227.9,205.9,226.9,195.4,219.7,205.2,223.6,218.9,237.3,208.9,227.3,195.3,219.6,203.1,221.4
2026-07-11T23:09:55Z,200.3,224.6,204.2,222.5,180.3,204.6,,,201.9,227.9,205.9,226.9,195.4,219.7,205.2,223.6,218.9,237.3,208.9,227.3,195.3,219.6,203.1,221.4
2026-07-12T00:10:11Z,200.3,224.6,204.2,222.5,180.3,204.6,,,201.9,227.9,205.9,226.9,195.4,219.7,205.2,223.6,218.9,237.3,208.9,227.3,195.3,219.6,203.1,221.4
2026-07-12T03:55:45Z,200.3,224.6,204.2,222.5,180.3,204.6,,,201.9,227.9,205.9,226.9,195.4,219.7,205.2,223.6,218.9,237.3,208.9,227.3,195.3,219.6,203.1,221.4
2026-07-12T06:31:35Z,200.3,224.6,204.2,222.5,180.3,204.6,,,201.9,227.9,205.9,226.9,195.4,219.7,205.2,223.6,218.9,237.3,208.9,227.3,195.3,219.6,203.1,221.4
2026-07-12T08:53:00Z,200.3,224.6,204.2,222.5,180.3,204.6,,,201.9,227.9,205.9,226.9,195.4,219.7,205.2,223.6,218.9,237.3,208.9,227.3,195.3,219.6,203.1,221.4
2026-07-12T10:24:40Z,200.3,224.6,204.2,222.5,180.3,204.6,,,201.9,227.9,205.9,226.9,195.4,219.7,205.2,223.6,218.9,237.3,208.9,227.3,195.3,219.6,203.1,221.4
2026-07-12T11:36:17Z,200.3,224.6,204.2,222.5,180.3,204.6,,,201.9,227.9,205.9,226.9,195.4,219.7,205.2,223.6,218.9,237.3,208.9,227.3,195.3,219.6,203.1,221.4
2026-07-12T12:37:06Z,200.3,224.6,204.2,222.5,180.3,204.6,,,201.9,227.9,205.9,226.9,195.4,219.7,205.2,223.6,218.9,237.3,208.9,227.3,195.3,219.6,203.1,221.4
2026-07-12T14:13:22Z,200.3,224.6,204.2,222.5,180.3,204.6,,,201.9,227.9,205.9,226.9,195.4,219.7,205.2,223.6,218.9,237.3,208.9,227.3,195.3,219.6,203.1,221.4
2026-07-12T15:17:22Z,200.3,224.6,204.2,222.5,180.3,204.6,,,201.9,227.9,205.9,226.9,195.4,219.7,205.2,223.6,218.9,237.3,208.9,227.3,195.3,219.6,203.1,221.4
2026-07-12T16:26:35Z,200.3,224.6,204.2,222.5,180.3,204.6,,,201.9,227.9,205.9,226.9,195.4,219.7,205.2,223.6,218.9,237.3,208.9,227.3,195.3,219.6,203.1,221.4
2026-07-12T17:33:07Z,200.3,224.6,204.2,222.5,180.3,204.6,,,201.9,227.9,205.9,226.9,195.4,219.7,205.2,223.6,218.9,237.3,208.9,227.3,195.3,219.6,203.1,221.4
2026-07-12T18:37:04Z,200.3,224.6,204.2,222.5,180.3,204.6,,,201.9,227.9,205.9,226.9,195.4,219.7,205.2,223.6,218.9,237.3,208.9,227.3,195.3,219.6,203.1,221.4
2026-07-12T19:49:49Z,200.3,224.6,204.2,222.5,180.3,204.6,,,201.9,227.9,205.9,226.9,195.4,219.7,205.2,223.6,218.9,237.3,208.9,227.3,195.3,219.6,203.1,221.4
2026-07-12T20:41:36Z,200.3,224.6,204.2,222.5,180.3,204.6,,,201.9,227.9,205.9,226.9,195.4,219.7,205.2,223.6,218.9,237.3,208.9,227.3,195.3,219.6,203.1,221.4
2026-07-12T21:32:47Z,200.3,224.6,204.2,222.5,180.3,204.6,,,201.9,227.9,205.9,226.9,195.4,219.7,205.2,223.6,218.9,237.3,208.9,227.3,195.3,219.6,203.1,221.4
2026-07-12T22:30:43Z,200.3,224.6,204.2,222.5,180.3,204.6,,,201.9,227.9,205.9,226.9,195.4,219.7,205.2,223.6,218.9,237.3,208.9,227.3,195.3,219.6,203.1,221.4
2026-07-12T23:35:22Z,200.3,224.6,204.2,222.5,180.3,204.6,,,201.9,227.9,205.9,226.9,195.4,219.7,205.2,223.6,218.9,237.3,208.9,227.3,195.3,219.6,203.1,221.4
2026-07-13T01:13:47Z,200.3,224.6,204.2,222.5,180.3,204.6,,,201.9,227.9,205.9,226.9,195.4,219.7,205.2,223.6,218.9,237.3,208.9,227.3,195.3,219.6,203.1,221.4
2026-07-13T04:48:50Z,200.3,224.6,204.2,222.5,180.3,204.6,,,201.9,227.9,205.9,226.9,195.4,219.7,205.2,223.6,218.9,237.3,208.9,227.3,195.3,219.6,203.1,221.4
2026-07-13T08:14:25Z,200.3,224.6,204.2,222.5,180.3,204.6,,,201.9,227.9,205.9,226.9,195.4,219.7,205.2,223.6,218.9,237.3,208.9,227.3,195.3,219.6,203.1,221.4
2026-07-13T11:30:31Z,200.3,224.6,204.2,222.5,180.3,204.6,,,201.9,227.9,205.9,226.9,195.4,219.7,205.2,223.6,218.9,237.3,208.9,227.3,195.3,219.6,203.1,221.4
2026-07-13T13:48:43Z,200.3,224.6,204.2,222.5,180.3,204.6,,,201.9,227.9,205.9,226.9,195.4,219.7,205.2,223.6,218.9,237.3,208.9,227.3,195.3,219.6,203.1,221.4
2026-07-13T16:30:02Z,200.3,224.6,204.2,222.5,180.3,204.6,,,201.9,227.9,205.9,226.9,195.4,219.7,205.2,223.6,218.9,237.3,208.9,227.3,195.3,219.6,203.1,221.4
2026-07-13T18:17:54Z,200.3,224.6,204.2,222.5,180.3,204.6,,,201.9,227.9,205.9,226.9,195.4,219.7,205.2,223.6,218.9,237.3,208.9,227.3,195.3,219.6,203.1,221.4
2026-07-13T19:56:45Z,200.3,224.6,204.2,222.5,180.3,204.6,,,201.9,227.9,205.9,226.9,195.4,219.7,205.2,223.6,218.9,237.3,208.9,227.3,195.3,219.6,203.1,221.4
2026-07-13T20:57:32Z,200.3,224.6,204.2,222.5,180.3,204.6,,,201.9,227.9,205.9,226.9,195.4,219.7,205.2,223.6,218.9,237.3,208.9,227.3,195.3,219.6,203.1,221.4
2026-07-13T21:59:42Z,200.3,224.6,204.2,222.5,180.3,204.6,,,201.9,227.9,205.9,226.9,195.4,219.7,205.2,223.6,218.9,237.3,208.9,227.3,195.3,219.6,203.1,221.4
2026-07-13T23:02:59Z,200.3,224.6,204.2,222.5,180.3,204.6,,,201.9,227.9,205.9,226.9,195.4,219.7,205.2,223.6,218.9,237.3,208.9,227.3,195.3,219.6,203.1,221.4
2026-07-14T00:06:09Z,200.3,224.6,204.2,222.5,180.3,204.6,,,201.9,227.9,205.9,226.9,195.4,219.7,205.2,223.6,218.9,237.3,208.9,227.3,195.3,219.6,203.1,221.4
2026-07-14T03:31:53Z,200.3,224.6,204.2,222.5,180.3,204.6,,,201.9,227.9,205.9,226.9,195.4,219.7,205.2,223.6,218.9,237.3,208.9,227.3,195.3,219.6,203.1,221.4
2026-07-14T05:56:01Z,200.3,224.6,204.2,222.5,180.3,204.6,,,201.9,227.9,205.9,226.9,195.4,219.7,205.2,223.6,218.9,237.3,208.9,227.3,195.3,219.6,203.1,221.4
2026-07-14T08:03:43Z,200.3,224.6,204.2,222.5,180.3,204.6,,,201.9,227.9,205.9,226.9,195.4,219.7,205.2,223.6,218.9,237.3,208.9,227.3,195.3,219.6,203.1,221.4
2026-07-14T10:09:14Z,200.3,224.6,204.2,222.5,180.3,204.6,,,201.9,227.9,205.9,226.9,195.4,219.7,205.2,223.6,218.9,237.3,208.9,227.3,195.3,219.6,203.1,221.4
2026-07-14T11:43:13Z,200.3,224.6,204.2,222.5,180.3,204.6,,,201.9,227.9,205.9,226.9,195.4,219.7,205.2,223.6,218.9,237.3,208.9,227.3,195.3,219.6,203.1,221.4
2026-07-14T12:52:18Z,200.3,224.6,204.2,222.5,180.3,204.6,,,201.9,227.9,205.9,226.9,195.4,219.7,205.2,223.6,218.9,237.3,208.9,227.3,195.3,219.6,203.1,221.4
2026-07-14T14:46:53Z,200.3,221.6,204.2,219.5,180.3,204.6,,,201.9,227.9,205.9,226.9,195.4,216.7,205.2,220.6,218.9,234.3,208.9,224.3,195.3,216.6,203.1,218.4
2026-07-14T16:11:50Z,200.3,221.6,204.2,219.5,180.3,204.6,,,201.9,227.9,205.9,226.9,195.4,216.7,205.2,220.6,218.9,234.3,208.9,224.3,195.3,216.6,203.1,218.4
2026-07-14T17:34:03Z,200.3,221.6,204.2,219.5,180.3,204.6,,,201.9,227.9,205.9,226.9,195.4,216.7,205.2,220.6,218.9,234.3,208.9,224.3,195.3,216.6,203.1,218.4
2026-07-14T18:46:22Z,200.3,221.6,204.2,219.5,180.3,204.6,,,201.9,227.9,205.9,226.9,195.4,216.7,205.2,220.6,218.9,234.3,208.9,224.3,195.3,216.6,203.1,218.4
2026-07-14T20:07:51Z,200.3,221.6,204.2,219.5,180.3,204.6,,,201.9,227.9,205.9,226.9,195.4,216.7,205.2,220.6,218.9,234.3,208.9,224.3,195.3,216.6,203.1,218.4
2026-07-14T21:13:38Z,200.3,221.6,204.2,219.5,180.3,204.6,,,201.9,227.9,205.9,226.9,195.4,216.7,205.2,220.6,218.9,234.3,208.9,224.3,195.3,216.6,203.1,218.4
2026-07-14T22:13:33Z,200.3,221.6,204.2,219.5,180.3,204.6,,,201.9,227.9,205.9,226.9,195.4,216.7,205.2,220.6,218.9,234.3,208.9,224.3,195.3,216.6,203.1,218.4
2026-07-14T23:11:54Z,200.3,221.6,204.2,219.5,180.3,204.6,,,201.9,227.9,205.9,226.9,195.4,216.7,205.2,220.6,218.9,234.3,208.9,224.3,195.3,216.6,203.1,218.4
2026-07-15T00:05:13Z,200.3,221.6,204.2,219.5,180.3,204.6,,,201.9,227.9,205.9,226.9,195.4,216.7,205.2,220.6,218.9,234.3,208.9,224.3,195.3,216.6,203.1,218.4
2026-07-15T03:32:36Z,200.3,221.6,204.2,219.5,180.3,204.6,,,201.9,227.9,205.9,226.9,195.4,216.7,205.2,220.6,218.9,234.3,208.9,224.3,195.3,216.6,203.1,218.4
2026-07-15T05:58:22Z,200.3,221.6,204.2,219.5,180.3,204.6,,,201.9,227.9,205.9,226.9,195.4,216.7,205.2,220.6,218.9,234.3,208.9,224.3,195.3,216.6,203.1,218.4
2026-07-15T08:23:51Z,200.3,221.6,204.2,219.5,180.3,204.6,,,201.9,227.9,205.9,226.9,195.4,216.7,205.2,220.6,218.9,234.3,208.9,224.3,195.3,216.6,203.1,218.4
2026-07-15T10:19:27Z,200.3,221.6,204.2,219.5,180.3,204.6,,,201.9,227.9,205.9,226.9,195.4,216.7,205.2,220.6,218.9,234.3,208.9,224.3,195.3,216.6,203.1,218.4
2026-07-15T11:56:52Z,200.3,221.6,204.2,219.5,180.3,204.6,,,201.9,227.9,205.9,226.9,195.4,216.7,205.2,220.6,218.9,234.3,208.9,224.3,195.3,216.6,203.1,218.4
2026-07-15T13:46:43Z,200.3,221.6,204.2,219.5,180.3,204.6,,,201.9,221.9,205.9,223.9,195.4,216.7,205.2,220.6,218.9,234.3,208.9,224.3,195.3,216.6,203.1,218.4
2026-07-15T15:23:59Z,200.3,221.6,204.2,219.5,180.3,204.6,,,201.9,221.9,205.9,223.9,195.4,216.7,205.2,220.6,218.9,234.3,208.9,224.3,195.3,216.6,203.1,218.4
2026-07-15T16:49:59Z,200.3,221.6,204.2,219.5,180.3,204.6,,,201.9,221.9,205.9,223.9,195.4,216.7,205.2,220.6,218.9,234.3,208.9,224.3,195.3,216.6,203.1,218.4
2026-07-15T18:03:56Z,200.3,221.6,204.2,219.5,180.3,204.6,,,201.9,221.9,205.9,223.9,195.4,216.7,205.2,220.6,218.9,234.3,208.9,224.3,195.3,216.6,203.1,218.4
2026-07-15T19:35:17Z,200.3,221.6,204.2,219.5,180.3,204.6,,,201.9,221.9,205.9,223.9,195.4,216.7,205.2,220.6,218.9,234.3,208.9,224.3,195.3,216.6,203.1,218.4
2026-07-15T20:41:15Z,200.3,221.6,204.2,219.5,180.3,204.6,,,201.9,221.9,205.9,223.9,195.4,216.7,205.2,220.6,218.9,234.3,208.9,224.3,195.3,216.6,203.1,218.4
2026-07-15T21:38:41Z,200.3,221.6,204.2,219.5,180.3,204.6,,,201.9,221.9,205.9,223.9,195.4,216.7,205.2,220.6,218.9,234.3,208.9,224.3,195.3,216.6,203.1,218.4
2026-07-15T22:39:18Z,200.3,221.6,204.2,219.5,180.3,204.6,,,201.9,221.9,205.9,223.9,195.4,216.7,205.2,220.6,218.9,234.3,208.9,224.3,195.3,216.6,203.1,218.4
2026-07-15T23:39:56Z,200.3,221.6,204.2,219.5,180.3,204.6,,,201.9,221.9,205.9,223.9,195.4,216.7,205.2,220.6,218.9,234.3,208.9,224.3,195.3,216.6,203.1,218.4
2026-07-16T01:07:13Z,200.3,221.6,204.2,219.5,180.3,204.6,,,201.9,221.9,205.9,223.9,195.4,216.7,205.2,220.6,218.9,234.3,208.9,224.3,195.3,216.6,203.1,218.4
2026-07-16T04:24:44Z,200.3,221.6,204.2,219.5,180.3,204.6,,,201.9,221.9,205.9,223.9,195.4,216.7,205.2,220.6,218.9,234.3,208.9,224.3,195.3,216.6,203.1,218.4
2026-07-16T06:41:00Z,200.3,221.6,204.2,219.5,180.3,204.6,,,201.9,221.9,205.9,223.9,195.4,216.7,205.2,220.6,218.9,234.3,208.9,224.3,195.3,216.6,203.1,218.4
2026-07-16T09:01:22Z,200.3,221.6,204.2,219.5,180.3,204.6,,,201.9,221.9,205.9,223.9,195.4,216.7,205.2,220.6,218.9,234.3,208.9,224.3,195.3,216.6,203.1,218.4
2026-07-16T11:11:13Z,200.3,221.6,204.2,219.5,180.3,204.6,,,201.9,221.9,205.9,223.9,195.4,216.7,205.2,220.6,218.9,234.3,208.9,224.3,195.3,216.6,203.1,218.4
2026-07-16T12:50:51Z,200.3,221.6,204.2,219.5,180.3,204.6,,,201.9,221.9,205.9,223.9,195.4,216.7,205.2,220.6,218.9,234.3,208.9,224.3,195.3,216.6,203.1,218.4
2026-07-16T14:58:20Z,200.3,221.6,204.2,219.5,180.3,204.6,,,201.9,221.9,205.9,223.9,195.4,216.7,205.2,220.6,218.9,234.3,208.9,224.3,195.3,216.6,203.1,218.4
2026-07-16T16:21:13Z,200.3,221.6,204.2,219.5,180.3,204.6,,,201.9,221.9,205.9,223.9,195.4,216.7,205.2,220.6,218.9,234.3,208.9,224.3,195.3,216.6,203.1,218.4
2026-07-16T17:45:14Z,200.3,221.6,204.2,219.5,180.3,204.6,,,201.9,221.9,205.9,223.9,195.4,216.7,205.2,220.6,218.9,234.3,208.9,224.3,195.3,216.6,203.1,218.4
2026-07-16T19:05:11Z,200.3,221.6,204.2,219.5,180.3,204.6,,,201.9,221.9,205.9,223.9,195.4,216.7,205.2,220.6,218.9,234.3,208.9,224.3,195.3,216.6,203.1,218.4
2026-07-16T20:10:40Z,200.3,221.6,204.2,219.5,180.3,204.6,,,201.9,221.9,205.9,223.9,195.4,216.7,205.2,220.6,218.9,234.3,208.9,224.3,195.3,216.6,203.1,218.4
2026-07-16T21:15:21Z,200.3,221.6,204.2,219.5,180.3,204.6,,,201.9,221.9,205.9,223.9,195.4,216.7,205.2,220.6,218.9,234.3,208.9,224.3,195.3,216.6,203.1,218.4
2026-07-16T22:27:56Z,200.3,221.6,204.2,219.5,180.3,201.6,,,201.9,221.9,205.9,223.9,195.4,216.7,205.2,220.6,218.9,234.3,208.9,224.3,195.3,216.6,203.1,218.4
2026-07-16T23:26:20Z,200.3,221.6,204.2,219.5,180.3,201.6,,,201.9,221.9,205.9,223.9,195.4,216.7,205.2,220.6,218.9,234.3,208.9,224.3,195.3,216.6,203.1,218.4
2026-07-17T01:01:26Z,200.3,221.6,204.2,219.5,180.3,201.6,,,201.9,221.9,205.9,223.9,195.4,216.7,205.2,220.6,218.9,234.3,208.9,224.3,195.3,216.6,203.1,218.4
2026-07-17T04:23:34Z,200.3,221.6,204.2,219.5,180.3,201.6,,,201.9,221.9,205.9,223.9,195.4,216.7,205.2,220.6,218.9,234.3,208.9,224.3,195.3,216.6,203.1,218.4
2026-07-17T06:36:33Z,200.3,221.6,204.2,219.5,180.3,201.6,,,201.9,221.9,205.9,223.9,195.4,216.7,205.2,220.6,218.9,234.3,208.9,224.3,195.3,216.6,203.1,218.4
2026-07-17T08:56:34Z,200.3,221.6,204.2,219.5,180.3,201.6,,,201.9,221.9,205.9,223.9,195.4,216.7,205.2,220.6,218.9,234.3,208.9,224.3,195.3,216.6,203.1,218.4
2026-07-17T10:47:31Z,198.3,221.6,202.2,219.5,180.3,201.6,,,201.9,221.9,205.9,223.9,198.4,221.7,203.2,220.6,216.9,234.3,206.9,224.3,198.2,221.5,201.1,218.4
2026-07-17T12:06:53Z,198.3,221.6,202.2,219.5,180.3,201.6,,,201.9,221.9,205.9,223.9,198.4,221.7,203.2,220.6,216.9,234.3,206.9,224.3,198.2,221.5,201.1,218.4
2026-07-17T14:01:32Z,198.3,221.6,202.2,219.5,180.3,201.6,,,201.9,221.9,205.9,223.9,198.4,221.7,203.2,220.6,216.9,234.3,206.9,224.3,198.2,221.5,201.1,218.4
2026-07-17T15:38:06Z,198.3,221.6,202.2,219.5,180.3,201.6,,,198.9,221.9,205.9,223.9,198.4,221.7,203.2,220.6,216.9,234.3,206.9,224.3,198.2,221.5,201.1,218.4
2026-07-17T16:45:39Z,198.3,221.6,202.2,219.5,180.3,201.6,,,198.9,221.9,205.9,223.9,198.4,221.7,203.2,220.6,216.9,234.3,206.9,224.3,198.2,221.5,201.1,218.4
2026-07-17T18:03:16Z,198.3,221.6,202.2,219.5,180.3,201.6,,,198.9,221.9,205.9,223.9,198.4,221.7,203.2,220.6,216.9,234.3,206.9,224.3,198.2,221.5,201.1,218.4
2026-07-17T19:31:04Z,198.3,221.6,202.2,219.5,180.3,201.6,,,198.9,221.9,205.9,223.9,198.4,221.7,203.2,220.6,216.9,234.3,206.9,224.3,198.2,221.5,201.1,218.4
2026-07-17T20:31:41Z,198.3,221.6,202.2,219.5,180.3,201.6,,,198.9,221.9,205.9,223.9,198.4,221.7,203.2,220.6,216.9,234.3,206.9,224.3,198.2,221.5,201.1,218.4
2026-07-17T21:32:08Z,198.3,221.6,202.2,219.5,180.3,201.6,,,198.9,221.9,205.9,223.9,198.4,221.7,203.2,220.6,216.9,234.3,206.9,224.3,198.2,221.5,201.1,218.4
2026-07-17T22:30:30Z,198.3,221.6,202.2,219.5,180.3,201.6,,,198.9,221.9,205.9,223.9,198.4,221.7,203.2,220.6,216.9,234.3,206.9,224.3,198.2,221.5,201.1,218.4
2026-07-17T23:33:24Z,198.3,221.6,202.2,219.5,180.3,201.6,,,198.9,221.9,205.9,223.9,198.4,221.7,203.2,220.6,216.9,234.3,206.9,224.3,198.2,221.5,201.1,218.4
2026-07-18T01:04:45Z,198.3,221.6,202.2,219.5,180.3,201.6,,,198.9,221.9,205.9,223.9,198.4,221.7,203.2,220.6,216.9,234.3,206.9,224.3,198.2,221.5,201.1,218.4
2026-07-18T04:13:09Z,198.3,221.6,202.2,219.5,180.3,201.6,,,198.9,221.9,205.9,223.9,198.4,221.7,203.2,220.6,216.9,234.3,206.9,224.3,198.2,221.5,201.1,218.4
2026-07-18T06:19:36Z,198.3,221.6,202.2,219.5,180.3,201.6,,,198.9,221.9,205.9,223.9,198.4,221.7,203.2,220.6,216.9,234.3,206.9,224.3,198.2,221.5,201.1,218.4
2026-07-18T08:17:40Z,198.3,221.6,202.2,219.5,180.3,201.6,,,198.9,221.9,205.9,223.9,198.4,221.7,203.2,220.6,216.9,234.3,206.9,224.3,198.2,221.5,201.1,218.4
2026-07-18T09:54:40Z,198.3,221.6,202.2,219.5,180.3,201.6,,,198.9,221.9,205.9,223.9,198.4,221.7,203.2,220.6,216.9,234.3,206.9,224.3,198.2,221.5,201.1,218.4
2026-07-18T11:01:53Z,198.3,221.6,202.2,219.5,180.3,201.6,,,198.9,221.9,205.9,223.9,198.4,221.7,203.2,220.6,216.9,234.3,206.9,224.3,198.2,221.5,201.1,218.4
2026-07-18T12:03:27Z,198.3,221.6,202.2,219.5,180.3,201.6,,,198.9,221.9,205.9,223.9,198.4,221.7,203.2,220.6,216.9,234.3,206.9,224.3,198.2,221.5,201.1,218.4
2026-07-18T13:47:16Z,198.3,221.6,202.2,219.5,180.3,201.6,,,198.9,221.9,205.9,223.9,198.4,221.7,203.2,220.6,216.9,234.3,206.9,224.3,198.2,221.5,201.1,218.4
2026-07-18T14:49:03Z,198.3,221.6,202.2,219.5,180.3,201.6,,,198.9,221.9,205.9,223.9,198.4,221.7,203.2,220.6,216.9,234.3,206.9,224.3,198.2,221.5,201.1,218.4
2026-07-18T15:53:38Z,198.3,221.6,202.2,219.5,180.3,201.6,,,198.9,221.9,205.9,223.9,198.4,221.7,203.2,220.6,216.9,234.3,206.9,224.3,198.2,221.5,201.1,218.4
2026-07-18T16:54:39Z,198.3,221.6,202.2,219.5,180.3,201.6,,,198.9,221.9,205.9,223.9,198.4,221.7,203.2,220.6,216.9,234.3,206.9,224.3,198.2,221.5,201.1,218.4
2026-07-18T17:54:21Z,198.3,221.6,202.2,219.5,180.3,201.6,,,198.9,221.9,205.9,223.9,198.4,221.7,203.2,220.6,216.9,234.3,206.9,224.3,198.2,221.5,201.1,218.4
2026-07-18T18:59:27Z,198.3,221.6,202.2,219.5,180.3,201.6,,,198.9,221.9,205.9,223.9,198.4,221.7,203.2,220.6,216.9,234.3,206.9,224.3,198.2,221.5,201.1,218.4
2026-07-18T20:06:08Z,198.3,221.6,202.2,219.5,180.3,201.6,,,198.9,221.9,205.9,223.9,198.4,221.7,203.2,220.6,216.9,234.3,206.9,224.3,198.2,221.5,201.1,218.4
2026-07-18T21:05:05Z,198.3,221.6,202.2,219.5,180.3,201.6,,,198.9,221.9,205.9,223.9,198.4,221.7,203.2,220.6,216.9,234.3,206.9,224.3,198.2,221.5,201.1,218.4
2026-07-18T22:06:10Z,198.3,221.6,202.2,219.5,180.3,201.6,,,198.9,221.9,205.9,223.9,198.4,221.7,203.2,220.6,216.9,234.3,206.9,224.3,198.2,221.5,201.1,218.4
2026-07-18T23:09:29Z,198.3,221.6,202.2,219.5,180.3,201.6,,,198.9,221.9,205.9,223.9,198.4,221.7,203.2,220.6,216.9,234.3,206.9,224.3,198.2,221.5,201.1,218.4
2026-07-19T00:08:48Z,198.3,221.6,202.2,219.5,180.3,201.6,,,198.9,221.9,205.9,223.9,198.4,221.7,203.2,220.6,216.9,234.3,206.9,224.3,198.2,221.5,201.1,218.4
2026-07-19T03:52:26Z,198.3,221.6,202.2,219.5,180.3,201.6,,,198.9,221.9,205.9,223.9,198.4,221.7,203.2,220.6,216.9,234.3,206.9,224.3,198.2,221.5,201.1,218.4
2026-07-19T06:27:18Z,198.3,221.6,202.2,219.5,180.3,201.6,,,198.9,221.9,205.9,223.9,198.4,221.7,203.2,220.6,216.9,234.3,206.9,224.3,198.2,221.5,201.1,218.4
2026-07-19T08:53:26Z,198.3,221.6,202.2,219.5,180.3,201.6,,,198.9,221.9,205.9,223.9,198.4,221.7,203.2,220.6,216.9,234.3,206.9,224.3,198.2,221.5,201.1,218.4
2026-07-19T10:24:47Z,198.3,221.6,202.2,219.5,180.3,201.6,,,198.9,221.9,205.9,223.9,198.4,221.7,203.2,220.6,216.9,234.3,206.9,224.3,198.2,221.5,201.1,218.4
2026-07-19T11:35:12Z,198.3,221.6,202.2,219.5,180.3,201.6,,,198.9,221.9,205.9,223.9,198.4,221.7,203.2,220.6,216.9,234.3,206.9,224.3,198.2,221.5,201.1,218.4
2026-07-19T12:35:35Z,198.3,221.6,202.2,219.5,180.3,201.6,,,198.9,221.9,205.9,223.9,198.4,221.7,203.2,220.6,216.9,234.3,206.9,224.3,198.2,221.5,201.1,218.4
2026-07-19T14:11:30Z,198.3,221.6,202.2,219.5,180.3,201.6,,,198.9,221.9,205.9,223.9,198.4,221.7,203.2,220.6,216.9,234.3,206.9,224.3,198.2,221.5,201.1,218.4
2026-07-19T15:14:38Z,198.3,221.6,202.2,219.5,180.3,201.6,,,198.9,221.9,205.9,223.9,198.4,221.7,203.2,220.6,216.9,234.3,206.9,224.3,198.2,221.5,201.1,218.4
2026-07-19T16:12:23Z,198.3,221.6,202.2,219.5,180.3,201.6,,,198.9,221.9,205.9,223.9,198.4,221.7,203.2,220.6,216.9,234.3,206.9,224.3,198.2,221.5,201.1,218.4
2026-07-19T17:16:30Z,198.3,221.6,202.2,219.5,180.3,201.6,,,198.9,221.9,205.9,223.9,198.4,221.7,203.2,220.6,216.9,234.3,206.9,224.3,198.2,221.5,201.1,218.4
2026-07-19T18:26:25Z,198.3,221.6,202.2,219.5,180.3,201.6,,,198.9,221.9,205.9,223.9,198.4,221.7,203.2,220.6,216.9,234.3,206.9,224.3,198.2,221.5,201.1,218.4
2026-07-19T19:39:48Z,198.3,221.6,202.2,219.5,180.3,201.6,,,198.9,221.9,205.9,223.9,198.4,221.7,203.2,220.6,216.9,234.3,206.9,224.3,198.2,221.5,201.1,218.4
2026-07-19T20:27:54Z,198.3,221.6,202.2,219.5,180.3,201.6,,,198.9,221.9,205.9,223.9,198.4,221.7,203.2,220.6,216.9,234.3,206.9,224.3,198.2,221.5,201.1,218.4
2026-07-19T21:26:01Z,198.3,221.6,202.2,219.5,180.3,201.6,,,198.9,221.9,205.9,223.9,198.4,221.7,203.2,220.6,216.9,234.3,206.9,224.3,198.2,221.5,201.1,218.4
2026-07-19T22:25:43Z,198.3,221.6,202.2,219.5,180.3,201.6,,,198.9,221.9,205.9,223.9,198.4,221.7,203.2,220.6,216.9,234.3,206.9,224.3,198.2,221.5,201.1,218.4
2026-07-19T23:28:42Z,198.3,221.6,202.2,219.5,180.3,201.6,,,198.9,221.9,205.9,223.9,198.4,221.7,203.2,220.6,216.9,234.3,206.9,224.3,198.2,221.5,201.1,218.4
2026-07-20T01:06:24Z,198.3,221.6,202.2,219.5,180.3,201.6,,,198.9,221.9,205.9,223.9,198.4,221.7,203.2,220.6,216.9,234.3,206.9,224.3,198.2,221.5,201.1,218.4
2026-07-20T04:51:05Z,198.3,221.6,202.2,219.5,180.3,201.6,,,198.9,221.9,205.9,223.9,198.4,221.7,203.2,220.6,216.9,234.3,206.9,224.3,198.2,221.5,201.1,218.4
2026-07-20T07:55:56Z,198.3,221.6,202.2,219.5,180.3,201.6,,,198.9,221.9,205.9,223.9,198.4,221.7,203.2,220.6,216.9,234.3,206.9,224.3,198.2,221.5,201.1,218.4
2026-07-20T10:50:56Z,198.3,221.6,202.2,219.5,180.3,201.6,,,198.9,221.9,205.9,223.9,198.4,221.7,203.2,220.6,216.9,234.3,206.9,224.3,198.2,221.5,201.1,218.4
2026-07-20T13:02:48Z,198.3,221.6,202.2,219.5,180.3,201.6,,,198.9,221.9,205.9,223.9,198.4,221.7,203.2,220.6,216.9,234.3,206.9,224.3,198.2,221.5,201.1,218.4
2026-07-20T15:20:10Z,198.3,221.6,202.2,219.5,180.3,201.6,,,198.9,221.9,205.9,223.9,198.4,221.7,203.2,220.6,216.9,234.3,206.9,224.3,198.2,221.5,201.1,218.4
2026-07-20T16:53:36Z,198.3,221.6,202.2,219.5,180.3,201.6,,,198.9,221.9,205.9,223.9,198.4,221.7,203.2,220.6,216.9,234.3,206.9,224.3,198.2,221.5,201.1,218.4
2026-07-20T18:50:37Z,198.3,221.6,202.2,219.5,180.3,201.6,,,198.9,221.9,205.9,223.9,198.4,221.7,203.2,220.6,216.9,234.3,206.9,224.3,198.2,221.5,201.1,218.4
2026-07-20T20:18:21Z,198.3,221.6,202.2,219.5,180.3,201.6,,,198.9,221.9,205.9,223.9,198.4,221.7,203.2,220.6,216.9,234.3,206.9,224.3,198.2,221.5,201.1,218.4
2026-07-20T21:40:59Z,198.3,221.6,202.2,219.5,180.3,201.6,,,198.9,221.9,205.9,223.9,198.4,221.7,203.2,220.6,216.9,234.3,206.9,224.3,198.2,221.5,201.1,218.4
2026-07-20T22:38:54Z,198.3,221.6,202.2,219.5,180.3,201.6,,,198.9,221.9,205.9,223.9,198.4,221.7,203.2,220.6,216.9,234.3,206.9,224.3,198.2,221.5,201.1,218.4
2026-07-20T23:39:29Z,198.3,221.6,202.2,219.5,180.3,201.6,,,198.9,221.9,205.9,223.9,198.4,221.7,203.2,220.6,216.9,234.3,206.9,224.3,198.2,221.5,201.1,218.4
2026-07-21T01:08:02Z,198.3,221.6,202.2,219.5,180.3,201.6,,,198.9,221.9,205.9,223.9,198.4,221.7,203.2,220.6,216.9,234.3,206.9,224.3,198.2,221.5,201.1,218.4
2026-07-21T04:30:52Z,198.3,221.6,202.2,219.5,180.3,201.6,,,198.9,221.9,205.9,223.9,198.4,221.7,203.2,220.6,216.9,234.3,206.9,224.3,198.2,221.5,201.1,218.4
2026-07-21T07:19:15Z,198.3,221.6,202.2,219.5,180.3,201.6,,,198.9,221.9,205.9,223.9,198.4,221.7,203.2,220.6,216.9,234.3,206.9,224.3,198.2,221.5,201.1,218.4
2026-07-21T09:59:47Z,198.3,221.6,202.2,219.5,180.3,201.6,,,198.9,221.9,205.9,223.9,198.4,221.7,203.2,220.6,216.9,234.3,206.9,224.3,198.2,221.5,201.1,218.4
2026-07-21T11:53:12Z,198.3,221.6,202.2,219.5,180.3,201.6,,,198.9,221.9,205.9,223.9,198.4,221.7,203.2,220.6,216.9,234.3,206.9,224.3,198.2,221.5,201.1,218.4
2026-07-21T13:43:00Z,198.3,221.6,202.2,219.5,180.3,201.6,,,198.9,221.9,205.9,223.9,198.4,221.7,203.2,220.6,216.9,234.3,206.9,224.3,198.2,221.5,201.1,218.4
2026-07-21T15:25:18Z,198.3,221.6,202.2,219.5,180.3,201.6,,,198.9,221.9,205.9,223.9,198.4,221.7,203.2,220.6,216.9,234.3,206.9,224.3,198.2,221.5,201.1,218.4
2026-07-21T16:53:11Z,198.3,221.6,202.2,219.5,180.3,201.6,,,198.9,221.9,205.9,223.9,198.4,221.7,203.2,220.6,216.9,234.3,206.9,224.3,198.2,221.5,201.1,218.4
2026-07-21T18:14:03Z,198.3,221.6,202.2,219.5,180.3,201.6,,,198.9,221.9,205.9,223.9,198.4,221.7,203.2,220.6,216.9,234.3,206.9,224.3,198.2,221.5,201.1,218.4
2026-07-21T19:53:34Z,198.3,221.6,202.2,219.5,180.3,201.6,,,198.9,221.9,205.9,223.9,198.4,221.7,203.2,220.6,216.9,234.3,206.9,224.3,198.2,221.5,201.1,218.4
2026-07-21T21:05:31Z,198.3,221.6,202.2,219.5,180.3,201.6,,,198.9,221.9,205.9,223.9,198.4,221.7,203.2,220.6,216.9,234.3,206.9,224.3,198.2,221.5,201.1,218.4
2026-07-21T22:11:42Z,198.3,221.6,202.2,219.5,180.3,201.6,,,198.9,221.9,205.9,223.9,198.4,221.7,203.2,220.6,216.9,234.3,206.9,224.3,198.2,221.5,201.1,218.4
2026-07-21T23:11:33Z,198.3,221.6,202.2,219.5,180.3,201.6,,,198.9,221.9,205.9,223.9,198.4,221.7,203.2,220.6,216.9,234.3,206.9,224.3,198.2,221.5,201.1,218.4
2026-07-22T00:06:54Z,198.3,221.6,202.2,219.5,180.3,201.6,,,198.9,221.9,205.9,223.9,198.4,221.7,203.2,220.6,216.9,234.3,206.9,224.3,198.2,221.5,201.1,218.4
2026-07-22T03:44:40Z,198.3,221.6,202.2,219.5,180.3,201.6,,,198.9,221.9,205.9,223.9,198.4,221.7,203.2,220.6,216.9,234.3,206.9,224.3,198.2,221.5,201.1,218.4
2026-07-22T06:15:54Z,198.3,221.6,202.2,219.5,180.3,201.6,,,198.9,221.9,205.9,223.9,198.4,221.7,203.2,220.6,216.9,234.3,206.9,224.3,198.2,221.5,201.1,218.4
2026-07-22T09:08:00Z,198.3,221.6,202.2,219.5,180.3,201.6,,,198.9,221.9,205.9,223.9,198.4,221.7,203.2,220.6,216.9,234.3,206.9,224.3,198.2,221.5,201.1,218.4
2026-07-22T11:18:54Z,198.3,221.6,202.2,219.5,180.3,201.6,,,199.9,224.9,205.9,223.9,198.4,221.7,203.2,220.6,216.9,234.3,206.9,224.3,198.2,221.5,201.1,218.4
2026-07-22T12:56:17Z,198.3,221.6,202.2,219.5,180.3,201.6,,,199.9,224.9,205.9,223.9,198.4,221.7,203.2,220.6,216.9,234.3,206.9,224.3,198.2,221.5,201.1,218.4
2026-07-22T15:03:35Z,198.3,221.6,202.2,219.5,180.3,201.6,,,199.9,224.9,205.9,223.9,198.4,221.7,203.2,220.6,216.9,234.3,206.9,224.3,198.2,221.5,201.1,218.4
2026-07-22T16:44:42Z,198.3,221.6,202.2,219.5,180.3,201.6,,,199.9,224.9,205.9,223.9,198.4,221.7,203.2,220.6,216.9,234.3,206.9,224.3,198.2,221.5,201.1,218.4
2026-07-22T17:55:32Z,198.3,221.6,202.2,219.5,180.3,201.6,,,199.9,224.9,205.9,223.9,198.4,221.7,203.2,220.6,216.9,234.3,206.9,224.3,198.2,221.5,201.1,218.4
2026-07-22T19:14:50Z,198.3,221.6,202.2,219.5,180.3,201.6,,,199.9,224.9,205.9,223.9,198.4,221.7,203.2,220.6,216.9,234.3,206.9,224.3,198.2,221.5,201.1,218.4
2026-07-22T20:32:53Z,198.3,221.6,202.2,219.5,180.3,201.6,,,199.9,224.9,205.9,223.9,198.4,221.7,203.2,220.6,216.9,234.3,206.9,224.3,198.2,221.5,201.1,218.4
2026-07-22T21:43:26Z,198.3,221.6,202.2,219.5,180.3,201.6,,,199.9,224.9,205.9,223.9,198.4,221.7,203.2,220.6,216.9,234.3,206.9,224.3,198.2,221.5,201.1,218.4
2026-07-22T22:42:23Z,198.3,221.6,202.2,219.5,180.3,201.6,,,199.9,224.9,205.9,223.9,198.4,221.7,203.2,220.6,216.9,234.3,206.9,224.3,198.2,221.5,201.1,218.4
2026-07-22T23:42:28Z,198.3,221.6,202.2,219.5,180.3,201.6,,,199.9,224.9,205.9,223.9,198.4,221.7,203.2,220.6,216.9,234.3,206.9,224.3,198.2,221.5,201.1,218.4
2026-07-23T01:13:15Z,198.3,221.6,202.2,219.5,180.3,201.6,,,199.9,224.9,205.9,223.9,198.4,221.7,203.2,220.6,216.9,234.3,206.9,224.3,198.2,221.5,201.1,218.4
2026-07-23T04:35:43Z,198.3,221.6,202.2,219.5,180.3,201.6,,,199.9,224.9,205.9,223.9,198.4,221.7,203.2,220.6,216.9,234.3,206.9,224.3,198.2,221.5,201.1,218.4
2026-07-23T07:17:48Z,198.3,221.6,202.2,219.5,180.3,201.6,,,199.9,224.9,205.9,223.9,198.4,221.7,203.2,220.6,216.9,234.3,206.9,224.3,198.2,221.5,201.1,218.4
2026-07-23T09:56:02Z,198.3,221.6,202.2,219.5,180.3,201.6,,,199.9,224.9,205.9,223.9,198.4,221.7,203.2,220.6,216.9,234.3,206.9,224.3,198.2,221.5,201.1,218.4
2026-07-23T11:49:44Z,198.3,221.6,202.2,219.5,180.3,201.6,,,199.9,224.9,205.9,223.9,198.4,221.7,203.2,220.6,216.9,234.3,206.9,224.3,198.2,221.5,201.1,218.4
2026-07-23T13:50:27Z,198.3,221.6,202.2,219.5,180.3,201.6,,,199.9,224.9,205.9,223.9,198.4,221.7,203.2,220.6,216.9,234.3,206.9,224.3,198.2,221.5,201.1,218.4
2026-07-23T15:52:45Z,198.3,221.6,202.2,219.5,180.3,201.6,,,199.9,224.9,205.9,223.9,198.4,221.7,203.2,220.6,216.9,234.3,206.9,224.3,198.2,221.5,201.1,218.4
2026-07-23T17:18:44Z,198.3,221.6,202.2,219.5,180.3,201.6,,,199.9,224.9,205.9,223.9,198.4,221.7,203.2,220.6,216.9,234.3,206.9,224.3,198.2,221.5,201.1,218.4
2026-07-23T18:44:22Z,198.3,221.6,202.2,219.5,180.3,201.6,,,199.9,224.9,205.9,223.9,198.4,221.7,203.2,220.6,216.9,234.3,206.9,224.3,198.2,221.5,201.1,218.4
2026-07-23T20:01:00Z,198.3,221.6,202.2,219.5,180.3,201.6,,,199.9,224.9,205.9,223.9,198.4,221.7,203.2,220.6,216.9,234.3,206.9,224.3,198.2,221.5,201.1,218.4
2026-07-23T21:20:10Z,198.3,221.6,202.2,219.5,180.3,201.6,,,199.9,224.9,205.9,223.9,198.4,221.7,203.2,220.6,216.9,234.3,206.9,224.3,198.2,221.5,201.1,218.4
2026-07-23T22:30:11Z,198.3,221.6,202.2,219.5,180.3,201.6,,,199.9,224.9,205.9,223.9,198.4,221.7,203.2,220.6,216.9,234.3,206.9,224.3,198.2,221.5,201.1,218.4
2026-07-23T23:37:54Z,198.3,221.6,202.2,219.5,180.3,201.6,,,199.9,224.9,205.9,223.9,198.4,221.7,203.2,220.6,216.9,234.3,206.9,224.3,198.2,221.5,201.1,218.4
2026-07-24T01:08:18Z,198.3,221.6,202.2,219.5,180.3,201.6,,,199.9,224.9,205.9,223.9,198.4,221.7,203.2,220.6,216.9,234.3,206.9,224.3,198.2,221.5,201.1,218.4
2026-07-24T04:30:57Z,198.3,221.6,202.2,219.5,180.3,201.6,,,199.9,224.9,205.9,223.9,198.4,221.7,203.2,220.6,216.9,234.3,206.9,224.3,198.2,221.5,201.1,218.4
2026-07-24T07:16:40Z,198.3,221.6,202.2,219.5,180.3,201.6,,,199.9,224.9,205.9,223.9,198.4,221.7,203.2,220.6,216.9,234.3,206.9,224.3,198.2,221.5,201.1,218.4
2026-07-24T09:43:00Z,198.3,221.6,202.2,219.5,180.3,201.6,,,199.9,224.9,205.9,223.9,198.4,221.7,203.2,220.6,216.9,234.3,206.9,224.3,198.2,221.5,201.1,218.4
2026-07-24T11:25:44Z,198.3,221.6,202.2,219.5,180.3,201.6,,,199.9,224.9,205.9,223.9,198.4,221.7,203.2,220.6,216.9,234.3,206.9,224.3,198.2,221.5,201.1,218.4
2026-07-24T12:56:39Z,198.3,221.6,202.2,219.5,180.3,201.6,,,199.9,224.9,205.9,223.9,198.4,221.7,203.2,220.6,216.9,234.3,206.9,224.3,198.2,221.5,201.1,218.4
2026-07-24T14:56:00Z,198.3,221.6,202.2,219.5,180.3,201.6,,,199.9,225.9,205.9,224.9,198.4,221.7,203.2,220.6,216.9,234.3,206.9,224.3,198.2,221.5,201.1,218.4
2026-07-24T16:40:14Z,198.3,221.6,202.2,219.5,180.3,201.6,,,199.9,225.9,205.9,224.9,198.4,221.7,203.2,220.6,216.9,234.3,206.9,224.3,198.2,221.5,201.1,218.4
2026-07-24T18:04:22Z,198.3,221.6,202.2,219.5,180.3,201.6,,,199.9,225.9,205.9,224.9,198.4,221.7,203.2,220.6,216.9,234.3,206.9,224.3,198.2,221.5,201.1,218.4
2026-07-24T19:45:25Z,198.3,221.6,202.2,219.5,180.3,201.6,,,199.9,225.9,205.9,224.9,198.4,221.7,203.2,220.6,216.9,234.3,206.9,224.3,198.2,221.5,201.1,218.4
2026-07-24T20:59:26Z,198.3,221.6,202.2,219.5,188.2,211.5,,,199.9,225.9,205.9,224.9,198.4,221.7,203.2,220.6,216.9,234.3,206.9,224.3,198.2,221.5,201.1,218.4
2026-07-24T22:12:31Z,198.3,221.6,202.2,219.5,188.2,211.5,,,199.9,225.9,205.9,224.9,198.4,221.7,203.2,220.6,216.9,234.3,206.9,224.3,198.2,221.5,201.1,218.4
2026-07-24T23:16:24Z,198.3,221.6,202.2,219.5,188.2,211.5,,,199.9,225.9,205.9,224.9,198.4,221.7,203.2,220.6,216.9,234.3,206.9,224.3,198.2,221.5,201.1,218.4
2026-07-25T00:59:16Z,198.3,221.6,202.2,219.5,188.2,211.5,,,199.9,225.9,205.9,224.9,198.4,221.7,203.2,220.6,216.9,234.3,206.9,224.3,198.2,221.5,201.1,218.4
2026-07-25T04:17:19Z,198.3,221.6,202.2,219.5,188.2,211.5,,,199.9,225.9,205.9,224.9,198.4,221.7,203.2,220.6,216.9,234.3,206.9,224.3,198.2,221.5,201.1,218.4
2026-07-25T06:36:50Z,198.3,221.6,202.2,219.5,188.2,211.5,,,199.9,225.9,205.9,224.9,198.4,221.7,203.2,220.6,216.9,234.3,206.9,224.3,198.2,221.5,201.1,218.4
2026-07-25T08:49:45Z,198.3,221.6,202.2,219.5,188.2,211.5,,,199.9,225.9,205.9,224.9,198.4,221.7,203.2,220.6,216.9,234.3,206.9,224.3,198.2,221.5,201.1,218.4
2026-07-25T10:24:34Z,198.3,221.6,202.2,219.5,188.2,211.5,,,199.9,225.9,205.9,224.9,198.4,221.7,203.2,220.6,216.9,234.3,206.9,224.3,198.2,221.5,201.1,218.4
2026-07-25T11:42:34Z,198.3,221.6,202.2,219.5,188.2,211.5,,,199.9,225.9,205.9,224.9,198.4,221.7,203.2,220.6,216.9,234.3,206.9,224.3,198.2,221.5,201.1,218.4
2026-07-25T12:44:53Z,198.3,221.6,202.2,219.5,188.2,211.5,,,199.9,225.9,205.9,224.9,198.4,221.7,203.2,220.6,216.9,234.3,206.9,224.3,198.2,221.5,201.1,218.4
2026-07-25T14:20:01Z,198.3,221.6,202.2,219.5,188.2,211.5,,,199.9,225.9,205.9,224.9,198.4,221.7,203.2,220.6,216.9,234.3,206.9,224.3,198.2,221.5,201.1,218.4
2026-07-25T15:38:09Z,198.3,221.6,202.2,219.5,188.2,211.5,,,199.9,225.9,205.9,224.9,198.4,221.7,203.2,220.6,216.9,234.3,206.9,224.3,198.2,221.5,201.1,218.4
2026-07-25T16:33:57Z,198.3,221.6,202.2,219.5,188.2,211.5,,,199.9,225.9,205.9,224.9,198.4,221.7,203.2,220.6,216.9,234.3,206.9,224.3,198.2,221.5,201.1,218.4
2026-07-25T17:41:48Z,198.3,221.6,202.2,219.5,188.2,211.5,,,199.9,225.9,205.9,224.9,198.4,221.7,203.2,220.6,216.9,234.3,206.9,224.3,198.2,221.5,201.1,218.4
2026-07-25T18:40:07Z,198.3,221.6,202.2,219.5,188.2,211.5,,,199.9,225.9,205.9,224.9,198.4,221.7,203.2,220.6,216.9,234.3,206.9,224.3,198.2,221.5,201.1,218.4
2026-07-25T19:56:11Z,198.3,221.6,202.2,219.5,188.2,211.5,,,199.9,225.9,205.9,224.9,198.4,221.7,203.2,220.6,216.9,234.3,206.9,224.3,198.2,221.5,201.1,218.4
2026-07-25T20:55:35Z,198.3,221.6,202.2,219.5,188.2,211.5,,,199.9,225.9,205.9,224.9,198.4,221.7,203.2,220.6,216.9,234.3,206.9,224.3,198.2,221.5,201.1,218.4
2026-07-25T21:52:39Z,198.3,221.6,202.2,219.5,188.2,211.5,,,199.9,225.9,205.9,224.9,198.4,221.7,203.2,220.6,216.9,234.3,206.9,224.3,198.2,221.5,201.1,218.4
2026-07-25T22:52:48Z,198.3,221.6,202.2,219.5,188.2,211.5,,,199.9,225.9,205.9,224.9,198.4,221.7,203.2,220.6,216.9,234.3,206.9,224.3,198.2,221.5,201.1,218.4
2026-07-25T23:58:07Z,198.3,221.6,202.2,219.5,188.2,211.5,,,199.9,225.9,205.9,224.9,198.4,221.7,203.2,220.6,216.9,234.3,206.9,224.3,198.2,221.5,201.1,218.4
2026-07-26T03:29:25Z,198.3,221.6,202.2,219.5,188.2,211.5,,,199.9,225.9,205.9,224.9,198.4,221.7,203.2,220.6,216.9,234.3,206.9,224.3,198.2,221.5,201.1,218.4
2026-07-26T06:21:35Z,198.3,221.6,202.2,219.5,188.2,211.5,,,199.9,225.9,205.9,224.9,198.4,221.7,203.2,220.6,216.9,234.3,206.9,224.3,198.2,221.5,201.1,218.4
2026-07-26T08:55:33Z,198.3,221.6,202.2,219.5,188.2,211.5,,,199.9,225.9,205.9,224.9,198.4,221.7,203.2,220.6,216.9,234.3,206.9,224.3,198.2,221.5,201.1,218.4
2026-07-26T10:43:05Z,198.3,221.6,202.2,219.5,188.2,211.5,,,199.9,225.9,205.9,224.9,198.4,221.7,203.2,220.6,216.9,234.3,206.9,224.3,198.2,221.5,201.1,218.4
2026-07-26T11:48:04Z,198.3,221.6,202.2,219.5,188.2,211.5,,,199.9,225.9,205.9,224.9,198.4,221.7,203.2,220.6,216.9,234.3,206.9,224.3,198.2,221.5,201.1,218.4
2026-07-26T13:14:48Z,198.3,221.6,202.2,219.5,188.2,211.5,,,199.9,225.9,205.9,224.9,198.4,221.7,203.2,220.6,216.9,234.3,206.9,224.3,198.2,221.5,201.1,218.4
2026-07-26T14:44:32Z,198.3,221.6,202.2,219.5,188.2,211.5,,,199.9,225.9,205.9,224.9,198.4,221.7,203.2,220.6,216.9,234.3,206.9,224.3,198.2,221.5,201.1,218.4
2026-07-26T15:46:54Z,198.3,221.6,202.2,219.5,188.2,211.5,,,199.9,225.9,205.9,224.9,198.4,221.7,203.2,220.6,216.9,234.3,206.9,224.3,198.2,221.5,201.1,218.4
2026-07-26T16:56:21Z,198.3,221.6,202.2,219.5,188.2,211.5,,,199.9,225.9,205.9,224.9,198.4,221.7,203.2,220.6,216.9,234.3,206.9,224.3,198.2,221.5,201.1,218.4
2026-07-26T18:01:49Z,198.3,221.6,202.2,219.5,188.2,211.5,,,199.9,225.9,205.9,224.9,198.4,221.7,203.2,220.6,216.9,234.3,206.9,224.3,198.2,221.5,201.1,218.4
2026-07-26T19:33:28Z,198.3,221.6,202.2,219.5,188.2,211.5,,,199.9,225.9,205.9,224.9,198.4,221.7,203.2,220.6,216.9,234.3,206.9,224.3,198.2,221.5,201.1,218.4
2026-07-26T20:35:59Z,198.3,221.6,202.2,219.5,188.2,211.5,,,199.9,225.9,205.9,224.9,198.4,221.7,203.2,220.6,216.9,234.3,206.9,224.3,198.2,221.5,201.1,218.4
2026-07-26T21:38:40Z,198.3,221.6,202.2,219.5,188.2,211.5,,,199.9,225.9,205.9,224.9,198.4,221.7,203.2,220.6,216.9,234.3,206.9,224.3,198.2,221.5,201.1,218.4
2026-07-26T22:40:39Z,198.3,221.6,202.2,219.5,188.2,211.5,,,199.9,225.9,205.9,224.9,198.4,221.7,203.2,220.6,216.9,234.3,206.9,224.3,198.2,221.5,201.1,218.4
2026-07-26T23:41:08Z,198.3,221.6,202.2,219.5,188.2,211.5,,,199.9,225.9,205.9,224.9,198.4,221.7,203.2,220.6,216.9,234.3,206.9,224.3,198.2,221.5,201.1,218.4
2026-07-27T01:18:24Z,198.3,221.6,202.2,219.5,188.2,211.5,,,199.9,225.9,205.9,224.9,198.4,221.7,203.2,220.6,216.9,234.3,206.9,224.3,198.2,221.5,201.1,218.4
2026-07-27T05:08:31Z,198.3,221.6,202.2,219.5,188.2,211.5,,,199.9,225.9,205.9,224.9,198.4,221.7,203.2,220.6,216.9,234.3,206.9,224.3,198.2,221.5,201.1,218.4
2026-07-27T08:46:44Z,198.3,221.6,202.2,219.5,188.2,211.5,,,199.9,225.9,205.9,224.9,198.4,221.7,203.2,220.6,216.9,234.3,206.9,224.3,198.2,221.5,201.1,218.4
2026-07-27T12:19:28Z,198.3,221.6,202.2,219.5,188.2,211.5,,,199.9,225.9,205.9,224.9,198.4,221.7,203.2,220.6,216.9,234.3,206.9,224.3,198.2,221.5,201.1,218.4
2026-07-27T15:22:27Z,198.3,221.6,202.2,219.5,188.2,211.5,,,199.9,225.9,205.9,224.9,198.4,221.7,203.2,220.6,216.9,234.3,206.9,224.3,198.2,221.5,201.1,218.4
2026-07-27T17:16:40Z,198.3,221.6,202.2,219.5,188.2,211.5,,,199.9,225.9,205.9,224.9,198.4,221.7,203.2,220.6,216.9,234.3,206.9,224.3,198.2,221.5,201.1,218.4
2026-07-27T18:54:15Z,198.3,221.6,202.2,219.5,188.2,211.5,,,199.9,225.9,205.9,224.9,198.4,221.7,203.2,220.6,216.9,234.3,206.9,224.3,198.2,221.5,201.1,218.4
2026-07-27T20:20:51Z,198.3,221.6,202.2,219.5,188.2,211.5,,,199.9,225.9,205.9,224.9,198.4,221.7,203.2,220.6,216.9,234.3,206.9,224.3,198.2,221.5,201.1,218.4
2026-07-27T21:36:58Z,198.3,221.6,202.2,219.5,188.2,211.5,,,199.9,225.9,205.9,224.9,198.4,221.7,203.2,220.6,216.9,234.3,206.9,224.3,198.2,221.5,201.1,218.4
2026-07-27T22:41:16Z,198.3,221.6,202.2,219.5,188.2,211.5,,,199.9,225.9,205.9,224.9,198.4,221.7,203.2,220.6,216.9,234.3,206.9,224.3,198.2,221.5,201.1,218.4
2026-07-27T23:44:55Z,198.3,221.6,202.2,219.5,188.2,211.5,,,199.9,225.9,205.9,224.9,198.4,221.7,203.2,220.6,216.9,234.3,206.9,224.3,198.2,221.5,201.1,218.4
2026-07-28T01:07:17Z,198.3,221.6,202.2,219.5,188.2,211.5,,,199.9,225.9,205.9,224.9,198.4,221.7,203.2,220.6,216.9,234.3,206.9,224.3,198.2,221.5,201.1,218.4
2026-07-28T04:26:34Z,198.3,221.6,202.2,219.5,188.2,211.5,,,199.9,225.9,205.9,224.9,198.4,221.7,203.2,220.6,216.9,234.3,206.9,224.3,198.2,221.5,201.1,218.4
2026-07-28T07:13:38Z,198.3,221.6,202.2,219.5,188.2,211.5,,,199.9,225.9,205.9,224.9,198.4,221.7,203.2,220.6,216.9,234.3,206.9,224.3,198.2,221.5,201.1,218.4
2026-07-28T09:48:33Z,198.3,221.6,202.2,219.5,188.2,211.5,,,199.9,225.9,205.9,224.9,198.4,221.7,203.2,220.6,216.9,234.3,206.9,224.3,198.2,221.5,201.1,218.4
2026-07-28T11:55:29Z,198.3,223.5,202.2,221.4,188.2,211.5,,,199.9,225.9,205.9,224.9,198.4,223.6,203.2,222.5,216.9,236.3,206.9,226.3,198.2,223.4,201.1,220.3
2026-07-28T14:01:48Z,198.3,223.5,202.2,221.4,188.2,211.5,,,199.9,225.9,205.9,224.9,198.3,223.5,203.1,222.4,216.9,236.3,206.9,226.3,198.2,223.4,201.0,220.3
2026-07-28T16:14:58Z,198.3,223.5,202.2,221.4,188.2,211.5,,,199.9,225.9,205.9,224.9,198.3,223.5,203.1,222.4,216.9,236.3,206.9,226.3,198.2,223.4,201.0,220.3
2026-07-28T17:46:18Z,198.3,223.5,202.2,221.4,188.2,211.5,,,199.9,225.9,205.9,224.9,198.3,223.5,203.1,222.4,216.9,236.3,206.9,226.3,198.2,223.4,201.0,220.3
2026-07-28T19:18:18Z,198.3,223.5,202.2,221.4,188.2,211.5,,,199.9,225.9,205.9,224.9,198.3,223.5,203.1,222.4,216.9,236.3,206.9,226.3,198.2,223.4,201.0,220.3
2026-07-28T20:41:35Z,198.3,223.5,202.2,221.4,188.2,211.5,,,199.9,225.9,205.9,224.9,198.3,223.5,203.1,222.4,216.9,236.3,206.9,226.3,198.2,223.4,201.0,220.3
2026-07-28T21:46:08Z,198.3,223.5,202.2,221.4,188.2,211.5,,,199.9,225.9,205.9,224.9,198.3,223.5,203.1,222.4,216.9,236.3,206.9,226.3,198.2,223.4,201.0,220.3
2026-07-28T22:55:06Z,198.3,223.5,202.2,221.4,188.2,211.5,,,199.9,225.9,205.9,224.9,198.3,223.5,203.1,222.4,216.9,236.3,206.9,226.3,198.2,223.4,201.0,220.3
2026-07-28T23:56:09Z,198.3,223.5,202.2,221.4,188.2,211.5,,,199.9,225.9,205.9,224.9,198.3,223.5,203.1,222.4,216.9,236.3,206.9,226.3,198.2,223.4,201.0,220.3
2026-07-29T02:35:52Z,198.3,223.5,202.2,221.4,188.2,211.5,,,199.9,225.9,205.9,224.9,198.3,223.5,203.1,222.4,216.9,236.3,206.9,226.3,198.2,223.4,201.0,220.3
2026-07-29T05:38:16Z,198.3,223.5,202.2,221.4,188.2,211.5,,,199.9,225.9,205.9,224.9,198.3,223.5,203.1,222.4,216.9,236.3,206.9,226.3,198.2,223.4,201.0,220.3
2026-07-29T08:10:05Z,198.3,223.5,202.2,221.4,188.2,211.5,,,199.9,225.9,205.9,224.9,198.3,223.5,203.1,222.4,216.9,236.3,206.9,226.3,198.2,223.4,201.0,220.3
2026-07-29T10:48:15Z,198.3,223.5,202.2,221.4,188.2,211.5,,,199.9,225.9,205.9,224.9,198.3,223.5,203.1,222.4,216.9,236.3,206.9,226.3,198.2,223.4,201.0,220.3
2026-07-29T12:57:44Z,198.3,223.5,202.2,221.4,188.2,211.5,,,199.9,225.9,205.9,224.9,198.3,223.5,203.1,222.4,216.9,236.3,206.9,226.3,198.2,223.4,201.0,220.3
2026-07-29T15:09:51Z,198.3,223.5,202.2,221.4,188.2,211.5,,,199.9,225.9,205.9,224.9,198.3,223.5,203.1,222.4,216.9,236.3,206.9,226.3,198.2,223.4,201.0,220.3
2026-07-29T16:38:05Z,198.3,223.5,202.2,221.4,188.2,211.5,,,199.9,225.9,205.9,224.9,198.3,223.5,203.1,222.4,216.9,236.3,206.9,226.3,198.2,223.4,201.0,220.3
2026-07-29T17:54:44Z,198.3,223.5,202.2,221.4,188.2,211.5,,,199.9,225.9,205.9,224.9,198.3,223.5,203.1,222.4,216.9,236.3,206.9,226.3,198.2,223.4,201.0,220.3
2026-07-29T19:11:09Z,198.3,223.5,202.2,221.4,188.2,211.5,,,199.9,225.9,205.9,224.9,198.3,223.5,203.1,222.4,216.9,236.3,206.9,226.3,198.2,223.4,201.0,220.3
2026-07-29T20:17:16Z,198.3,223.5,202.2,221.4,188.2,211.5,,,199.9,225.9,205.9,224.9,198.3,223.5,203.1,222.4,216.9,236.3,206.9,226.3,198.2,223.4,201.0,220.3
2026-07-29T21:25:14Z,198.3,223.5,202.2,221.4,188.2,211.5,,,199.9,225.9,205.9,224.9,198.3,223.5,203.1,222.4,216.9,236.3,206.9,226.3,198.2,223.4,201.0,220.3
2026-07-29T22:27:50Z,198.3,223.5,202.2,221.4,188.2,211.5,,,199.9,225.9,205.9,224.9,198.3,223.5,203.1,222.4,216.9,236.3,206.9,226.3,198.2,223.4,201.0,220.3
2026-07-29T23:32:03Z,198.3,223.5,202.2,221.4,188.2,211.5,,,199.9,225.9,205.9,224.9,198.3,223.5,203.1,222.4,216.9,236.3,206.9,226.3,198.2,223.4,201.0,220.3
2026-07-30T01:01:08Z,198.3,223.5,202.2,221.4,188.2,211.5,,,199.9,225.9,205.9,224.9,198.3,223.5,203.1,222.4,216.9,236.3,206.9,226.3,198.2,223.4,201.0,220.3
2026-07-30T04:18:55Z,198.3,223.5,202.2,221.4,188.2,211.5,,,199.9,225.9,205.9,224.9,198.3,223.5,203.1,222.4,216.9,236.3,206.9,226.3,198.2,223.4,201.0,220.3
2026-07-30T07:09:42Z,198.3,223.5,202.2,221.4,188.2,211.5,,,199.9,225.9,205.9,224.9,198.3,223.5,203.1,222.4,216.9,236.3,206.9,226.3,198.2,223.4,201.0,220.3
2026-07-30T09:40:29Z,198.3,223.5,202.2,221.4,188.2,211.5,,,199.9,227.9,205.9,226.9,198.3,223.5,203.1,222.4,216.9,236.3,206.9,226.3,198.2,223.4,201.0,220.3
2026-07-30T11:32:26Z,198.3,223.5,202.2,221.4,188.2,211.5,,,199.9,227.9,205.9,226.9,198.3,223.5,203.1,222.4,216.9,236.3,206.9,226.3,198.2,223.4,201.0,220.3
2026-07-30T13:13:50Z,198.3,223.5,202.2,221.4,188.2,211.5,,,199.9,227.9,205.9,226.9,198.3,223.5,203.1,222.4,216.9,236.3,206.9,226.3,198.2,223.4,201.0,220.3
2026-07-30T15:24:07Z,198.3,225.4,202.2,223.3,188.2,211.5,,,199.9,227.9,205.9,226.9,198.3,225.4,203.1,224.3,216.9,238.3,206.9,228.3,198.2,225.3,201.0,222.2
2026-07-30T16:58:17Z,198.3,225.4,202.2,223.3,188.2,211.5,,,199.9,227.9,205.9,226.9,198.3,225.4,203.1,224.3,216.9,238.3,206.9,228.3,198.2,225.3,201.0,222.2
2026-07-30T18:20:41Z,198.3,225.4,202.2,223.3,188.2,211.5,,,199.9,227.9,205.9,226.9,198.3,225.4,203.1,224.3,216.9,238.3,206.9,228.3,198.2,225.3,201.0,222.2
2026-07-30T20:00:06Z,198.3,225.4,202.2,223.3,188.2,211.5,,,199.9,227.9,205.9,226.9,198.3,225.4,203.1,224.3,216.9,238.3,206.9,228.3,198.2,225.3,201.0,222.2
2026-07-30T21:18:47Z,198.3,225.4,202.2,223.3,188.2,211.5,,,199.9,227.9,205.9,226.9,198.3,225.4,203.1,224.3,216.9,238.3,206.9,228.3,198.2,225.3,201.0,222.2
2026-07-30T22:34:45Z,198.3,225.4,202.2,223.3,188.2,211.5,,,199.9,227.9,205.9,226.9,198.3,225.4,203.1,224.3,216.9,238.3,206.9,228.3,198.2,225.3,201.0,222.2
2026-07-30T23:40:53Z,198.3,225.4,202.2,223.3,188.2,211.5,,,199.9,227.9,205.9,226.9,198.3,225.4,203.1,224.3,216.9,238.3,206.9,228.3,198.2,225.3,201.0,222.2
2026-07-31T01:13:19Z,198.3,225.4,202.2,223.3,188.2,211.5,,,199.9,227.9,205.9,226.9,198.3,225.4,203.1,224.3,216.9,238.3,206.9,228.3,198.2,225.3,201.0,222.2
2026-07-31T04:43:28Z,198.3,225.4,202.2,223.3,188.2,211.5,,,199.9,227.9,205.9,226.9,198.3,225.4,203.1,224.3,216.9,238.3,206.9,228.3,198.2,225.3,201.0,222.2
2026-07-31T07:35:58Z,198.3,225.4,202.2,223.3,188.2,211.5,,,199.9,227.9,205.9,226.9,198.3,225.4,203.1,224.3,216.9,238.3,206.9,228.3,198.2,225.3,201.0,222.2
2026-07-31T10:15:57Z,198.3,225.4,202.2,223.3,188.2,211.5,,,199.9,227.9,205.9,226.9,198.3,225.4,203.1,224.3,216.9,238.3,206.9,228.3,198.2,225.3,201.0,222.2
2026-07-31T12:25:52Z,198.3,225.4,202.2,223.3,188.2,211.5,,,199.9,227.9,205.9,226.9,198.3,225.4,203.1,224.3,216.9,238.3,206.9,228.3,198.2,225.3,201.0,222.2
2026-07-31T14:57:48Z,198.3,225.4,202.2,223.3,188.2,211.5,,,199.9,227.9,205.9,226.9,198.3,225.4,203.1,224.3,216.9,238.3,206.9,228.3,198.2,225.3,201.0,222.2
2026-07-31T16:47:54Z,198.3,225.4,202.2,223.3,188.2,211.5,,,199.9,227.9,205.9,226.9,198.3,225.4,203.1,224.3,216.9,238.3,206.9,228.3,198.2,225.3,201.0,222.2
2026-07-31T18:17:37Z,198.3,225.4,202.2,223.3,188.2,211.5,,,199.9,227.9,205.9,226.9,198.3,225.4,203.1,224.3,216.9,238.3,206.9,228.3,198.2,225.3,201.0,222.2
2026-07-31T20:02:25Z,198.3,225.4,202.2,223.3,188.2,211.5,,,199.9,227.9,205.9,226.9,198.3,225.4,203.1,224.3,216.9,238.3,206.9,228.3,198.2,225.3,201.0,222.2
2026-07-31T21:21:00Z,198.3,225.4,202.2,223.3,188.2,211.5,,,199.9,227.9,205.9,226.9,198.3,225.4,203.1,224.3,216.9,238.3,206.9,228.3,198.2,225.3,201.0,222.2
2026-07-31T22:31:45Z,198.3,225.4,202.2,223.3,188.2,211.5,,,199.9,227.9,205.9,226.9,198.3,225.4,203.1,224.3,216.9,238.3,206.9,228.3,198.2,225.3,201.0,222.2
2026-07-31T23:41:27Z,198.3,225.4,202.2,223.3,188.2,211.5,,,199.9,227.9,205.9,226.9,198.3,225.4,203.1,224.3,216.9,238.3,206.9,228.3,198.2,225.3,201.0,222.2
2026-08-01T01:14:40Z,198.3,225.4,202.2,223.3,188.2,211.5,,,199.9,227.9,205.9,226.9,198.3,225.4,203.1,224.3,216.9,238.3,206.9,228.3,198.2,225.3,201.0,222.2
2026-08-01T04:38:55Z,198.3,225.4,202.2,223.3,188.2,211.5,,,199.9,227.9,205.9,226.9,198.3,225.4,203.1,224.3,216.9,238.3,206.9,228.3,198.2,225.3,201.0,222.2
2026-08-01T07:14:31Z,198.3,225.4,202.2,223.3,188.2,211.5,,,199.9,227.9,205.9,226.9,198.3,225.4,203.1,224.3,216.9,238.3,206.9,228.3,198.2,225.3,201.0,222.2
2026-08-01T09:23:21Z,198.3,225.4,202.2,223.3,188.2,211.5,,,199.9,227.9,205.9,226.9,198.3,225.4,203.1,224.3,216.9,238.3,206.9,228.3,198.2,225.3,201.0,222.2
2026-08-01T10:56:29Z,198.3,225.4,202.2,223.3,188.2,211.5,,,199.9,227.9,205.9,226.9,198.3,225.4,203.1,224.3,216.9,238.3,206.9,228.3,198.2,225.3,201.0,222.2
2026-08-01T12:01:32Z,198.3,225.4,202.2,223.3,188.2,211.5,,,199.9,227.9,205.9,226.9,198.3,225.4,203.1,224.3,216.9,238.3,206.9,228.3,198.2,225.3,201.0,222.2
2026-08-01T13:53:51Z,198.3,225.4,202.2,223.3,188.2,211.5,,,199.9,227.9,205.9,226.9,198.3,225.4,203.1,224.3,216.9,238.3,206.9,228.3,198.2,225.3,201.0,222.2
2026-08-01T14:57:39Z,198.3,225.4,202.2,223.3,188.2,211.5,,,199.9,227.9,205.9,226.9,198.3,225.4,203.1,224.3,216.9,238.3,206.9,228.3,198.2,225.3,201.0,222.2
2026-08-01T16:03:18Z,198.3,225.4,202.2,223.3,188.2,211.5,,,199.9,227.9,205.9,226.9,198.3,225.4,203.1,224.3,216.9,238.3,206.9,228.3,198.2,225.3,201.0,222.2
2026-08-01T17:13:30Z,198.3,225.4,202.2,223.3,188.2,211.5,,,199.9,227.9,205.9,226.9,198.3,225.4,203.1,224.3,216.9,238.3,206.9,228.3,198.2,225.3,201.0,222.2
2026-08-01T18:12:19Z,198.3,225.4,202.2,223.3,188.2,211.5,,,199.9,227.9,205.9,226.9,198.3,225.4,203.1,224.3,216.9,238.3,206.9,228.3,198.2,225.3,201.0,222.2
2026-08-01T19:34:35Z,198.3,225.4,202.2,223.3,188.2,211.5,,,199.9,227.9,205.9,226.9,198.3,225.4,203.1,224.3,216.9,238.3,206.9,228.3,198.2,225.3,201.0,222.2
2026-08-01T20:31:52Z,198.3,225.4,202.2,223.3,188.2,211.5,,,199.9,227.9,205.9,226.9,198.3,225.4,203.1,224.3,216.9,238.3,206.9,228.3,198.2,225.3,201.0,222.2
2026-08-01T21:36:29Z,198.3,225.4,202.2,223.3,188.2,211.5,,,199.9,227.9,205.9,226.9,198.3,225.4,203.1,224.3,216.9,238.3,206.9,228.3,198.2,225.3,201.0,222.2
2026-08-01T22:38:06Z,198.3,225.4,202.2,223.3,188.2,211.5,,,199.9,227.9,205.9,226.9,198.3,225.4,203.1,224.3,216.9,238.3,206.9,228.3,198.2,225.3,201.0,222.2
2026-08-01T23:41:40Z,198.3,225.4,202.2,223.3,188.2,211.5,,,199.9,227.9,205.9,226.9,198.3,225.4,203.1,224.3,216.9,238.3,206.9,228.3,198.2,225.3,201.0,222.2
2026-08-02T01:15:10Z,198.3,225.4,202.2,223.3,188.2,211.5,,,199.9,227.9,205.9,226.9,198.3,225.4,203.1,224.3,216.9,238.3,206.9,228.3,198.2,225.3,201.0,222.2
2026-08-02T04:41:52Z,198.3,225.4,202.2,223.3,188.2,211.5,,,199.9,227.9,205.9,226.9,198.3,225.4,203.1,224.3,216.9,238.3,206.9,228.3,198.2,225.3,201.0,222.2
2026-08-02T07:18:39Z,198.3,225.4,202.2,223.3,188.2,211.5,,,199.9,227.9,205.9,226.9,198.3,225.4,203.1,224.3,216.9,238.3,206.9,228.3,198.2,225.3,201.0,222.2
2026-08-02T09:31:36Z,198.3,225.4,202.2,223.3,188.2,211.5,,,199.9,227.9,205.9,226.9,198.3,225.4,203.1,224.3,216.9,238.3,206.9,228.3,198.2,225.3,201.0,222.2
2026-08-02T11:06:30Z,198.3,225.4,202.2,223.3,188.2,211.5,,,199.9,227.9,205.9,226.9,198.3,225.4,203.1,224.3,216.9,238.3,206.9,228.3,198.2,225.3,201.0,222.2
2026-08-02T12:15:17Z,198.3,225.4,202.2,223.3,188.2,211.5,,,199.9,227.9,205.9,226.9,198.3,225.4,203.1,224.3,216.9,238.3,206.9,228.3,198.2,225.3,201.0,222.2
2026-08-02T14:06:36Z,198.3,225.4,202.2,223.3,188.2,211.5,,,199.9,227.9,205.9,226.9,198.3,225.4,203.1,224.3,216.9,238.3,206.9,228.3,198.2,225.3,201.0,222.2
2026-08-02T15:18:54Z,198.3,225.4,202.2,223.3,188.2,211.5,,,199.9,227.9,205.9,226.9,198.3,225.4,203.1,224.3,216.9,238.3,206.9,228.3,198.2,225.3,201.0,222.2
2026-08-02T16:27:33Z,198.3,225.4,202.2,223.3,188.2,211.5,,,199.9,227.9,205.9,226.9,198.3,225.4,203.1,224.3,216.9,238.3,206.9,228.3,198.2,225.3,201.0,222.2
2026-08-02T17:32:57Z,198.3,225.4,202.2,223.3,188.2,211.5,,,199.9,227.9,205.9,226.9,198.3,225.4,203.1,224.3,216.9,238.3,206.9,228.3,198.2,225.3,201.0,222.2
2026-08-02T18:40:44Z,198.3,225.4,202.2,223.3,188.2,211.5,,,199.9,227.9,205.9,226.9,198.3,225.4,203.1,224.3,216.9,238.3,206.9,228.3,198.2,225.3,201.0,222.2
2026-08-02T19:53:15Z,198.3,225.4,202.2,223.3,188.2,211.5,,,199.9,227.9,205.9,226.9,198.3,225.4,203.1,224.3,216.9,238.3,206.9,228.3,198.2,225.3,201.0,222.2
2026-08-02T20:51:49Z,198.3,225.4,202.2,223.3,188.2,211.5,,,199.9,227.9,205.9,226.9,198.3,225.4,203.1,224.3,216.9,238.3,206.9,228.3,198.2,225.3,201.0,222.2
2026-08-02T21:52:37Z,198.3,225.4,202.2,223.3,188.2,211.5,,,199.9,227.9,205.9,226.9,198.3,225.4,203.1,224.3,216.9,238.3,206.9,228.3,198.2,225.3,201.0,222.2
2026-08-02T22:53:06Z,198.3,225.4,202.2,223.3,188.2,211.5,,,199.9,227.9,205.9,226.9,198.3,225.4,203.1,224.3,216.9,238.3,206.9,228.3,198.2,225.3,201.0,222.2
2026-08-02T23:56:01Z,198.3,225.4,202.2,223.3,188.2,211.5,,,199.9,227.9,205.9,226.9,198.3,225.4,203.1,224.3,216.9,238.3,206.9,228.3,198.2,225.3,201.0,222.2
2026-08-03T02:45:24Z,198.3,225.4,202.2,223.3,188.2,211.5,,,199.9,227.9,205.9,226.9,198.3,225.4,203.1,224.3,216.9,238.3,206.9,228.3,198.2,225.3,201.0,222.2
2026-08-03T06:19:26Z,198.3,225.4,202.2,223.3,188.2,211.5,,,199.9,227.9,205.9,226.9,198.3,225.4,203.1,224.3,216.9,238.3,206.9,228.3,198.2,225.3,201.0,222.2
2026-08-03T10:11:10Z,198.3,225.4,202.2,223.3,188.2,211.5,,,199.9,227.9,205.9,226.9,198.3,225.4,203.1,224.3,216.9,238.3,206.9,228.3,198.2,225.3,201.0,222.2
2026-08-03T13:19:40Z,198.3,225.4,202.2,223.3,188.2,211.5,,,199.9,227.9,205.9,226.9,198.3,225.4,203.1,224.3,216.9,238.3,206.9,228.3,198.2,225.3,201.0,222.2
2026-08-03T16:00:24Z,198.3,225.4,202.2,223.3,188.2,211.5,,,199.9,227.9,205.9,226.9,198.3,225.4,203.1,224.3,216.9,238.3,206.9,228.3,198.2,225.3,201.0,222.2
2026-08-03T18:03:18Z,198.3,225.4,202.2,223.3,188.2,211.5,,,199.9,227.9,205.9,226.9,198.3,225.4,203.1,224.3,216.9,238.3,206.9,228.3,198.2,225.3,201.0,222.2
2026-08-03T19:55:53Z,198.3,225.4,202.2,223.3,188.2,211.5,,,199.9,227.9,205.9,226.9,198.3,225.4,203.1,224.3,216.9,238.3,206.9,228.3,198.2,225.3,201.0,222.2
2026-08-03T21:00:31Z,198.3,225.4,202.2,223.3,188.2,211.5,,,199.9,227.9,205.9,226.9,198.3,225.4,203.1,224.3,216.9,238.3,206.9,228.3,198.2,225.3,201.0,222.2
2026-08-03T22:16:31Z,198.3,225.4,202.2,223.3,188.2,211.5,,,199.9,227.9,205.9,226.9,198.3,225.4,203.1,224.3,216.9,238.3,206.9,228.3,198.2,225.3,201.0,222.2
2026-08-03T23:34:32Z,198.3,225.4,202.2,223.3,188.2,211.5,,,199.9,227.9,205.9,226.9,198.3,225.4,203.1,224.3,216.9,238.3,206.9,228.3,198.2,225.3,201.0,222.2
2026-08-04T01:05:14Z,198.3,225.4,202.2,223.3,188.2,211.5,,,199.9,227.9,205.9,226.9,198.3,225.4,203.1,224.3,216.9,238.3,206.9,228.3,198.2,225.3,201.0,222.2
2026-08-04T04:29:26Z,198.3,225.4,202.2,223.3,188.2,211.5,,,199.9,227.9,205.9,226.9,198.3,225.4,203.1,224.3,216.9,238.3,206.9,228.3,198.2,225.3,201.0,222.2
2026-08-04T07:16:11Z,198.3,225.4,202.2,223.3,188.2,211.5,,,199.9,227.9,205.9,226.9,198.3,225.4,203.1,224.3,216.9,238.3,206.9,228.3,198.2,225.3,201.0,222.2
2026-08-04T10:07:48Z,198.3,225.4,202.2,223.3,188.2,211.5,,,199.9,227.9,205.9,226.9,198.3,225.4,203.1,224.3,216.9,238.3,206.9,228.3,198.2,225.3,201.0,222.2
2026-08-04T12:17:01Z,198.3,225.4,202.2,223.3,188.2,211.5,,,199.9,227.9,205.9,226.9,198.3,225.4,203.1,224.3,216.9,238.3,206.9,228.3,198.2,225.3,201.0,222.2
2026-08-04T14:58:49Z,198.3,225.4,202.2,223.3,188.2,211.5,,,199.9,227.9,205.9,226.9,198.3,225.4,203.1,224.3,216.9,238.3,206.9,228.3,198.2,225.3,201.0,222.2
2026-08-04T16:57:04Z,198.3,225.4,202.2,223.3,188.2,211.5,,,199.9,227.9,205.9,226.9,198.3,225.4,203.1,224.3,216.9,238.3,206.9,228.3,198.2,225.3,201.0,222.2
2026-08-04T18:38:56Z,198.3,225.4,202.2,223.3,188.2,215.3,,,199.9,227.9,205.9,226.9,198.3,225.4,203.1,224.3,216.9,238.3,206.9,228.3,198.2,225.3,201.0,222.2
2026-08-04T20:11:49Z,198.3,225.4,202.2,223.3,188.2,215.3,,,199.9,227.9,205.9,226.9,198.3,225.4,203.1,224.3,216.9,238.3,206.9,228.3,198.2,225.3,201.0,222.2
2026-08-04T21:36:11Z,198.3,225.4,202.2,223.3,188.2,215.3,,,199.9,227.9,205.9,226.9,198.3,225.4,203.1,224.3,216.9,238.3,206.9,228.3,198.2,225.3,201.0,222.2
2026-08-04T22:43:03Z,198.3,225.4,202.2,223.3,188.2,215.3,,,199.9,227.9,205.9,226.9,198.3,225.4,203.1,224.3,216.9,238.3,206.9,228.3,198.2,225.3,201.0,222.2
2026-08-04T23:43:48Z,198.3,225.4,202.2,223.3,188.2,215.3,,,199.9,227.9,205.9,226.9,198.3,225.4,203.1,224.3,216.9,238.3,206.9,228.3,198.2,225.3,201.0,222.2
2026-08-05T01:06:48Z,198.3,225.4,202.2,223.3,188.2,215.3,,,199.9,227.9,205.9,226.9,198.3,225.4,203.1,224.3,216.9,238.3,206.9,228.3,198.2,225.3,201.0,222.2
2026-08-05T04:28:00Z,198.3,225.4,202.2,223.3,188.2,215.3,,,199.9,227.9,205.9,226.9,198.3,225.4,203.1,224.3,216.9,238.3,206.9,228.3,198.2,225.3,201.0,222.2
2026-08-05T07:15:56Z,198.3,225.4,202.2,223.3,188.2,215.3,,,199.9,227.9,205.9,226.9,198.3,225.4,203.1,224.3,216.9,238.3,206.9,228.3,198.2,225.3,201.0,222.2
2026-08-05T10:05:07Z,198.3,225.4,202.2,223.3,188.2,215.3,,,199.9,227.9,205.9,226.9,198.3,225.4,203.1,224.3,216.9,238.3,206.9,228.3,198.2,225.3,201.0,222.2
2026-08-05T12:14:50Z,198.3,225.4,202.2,223.3,188.2,215.3,,,199.9,227.9,205.9,226.9,198.3,225.4,203.1,224.3,216.9,238.3,206.9,228.3,198.2,225.3,201.0,222.2
2026-08-05T14:35:38Z,200.3,228.4,204.2,226.3,188.2,215.3,,,201.9,229.9,207.9,228.9,200.3,228.4,205.1,227.3,218.9,241.3,208.9,231.3,200.2,228.3,203.0,225.2
2026-08-05T16:20:33Z,200.3,228.4,204.2,226.3,188.2,215.3,,,201.9,229.9,207.9,228.9,200.3,228.4,205.1,227.3,218.9,241.3,208.9,231.3,200.2,228.3,203.0,225.2
2026-08-05T18:02:25Z,200.3,228.4,204.2,226.3,188.2,215.3,,,201.9,229.9,207.9,228.9,200.3,228.4,205.1,227.3,218.9,241.3,208.9,231.3,200.2,228.3,203.0,225.2
2026-08-05T19:53:06Z,200.3,228.4,204.2,226.3,188.2,215.3,,,201.9,229.9,207.9,228.9,200.3,228.4,205.1,227.3,218.9,241.3,208.9,231.3,200.2,228.3,203.0,225.2
2026-08-05T21:04:07Z,200.3,228.4,204.2,226.3,188.2,215.3,,,201.9,229.9,207.9,228.9,200.3,228.4,205.1,227.3,218.9,241.3,208.9,231.3,200.2,228.3,203.0,225.2
2026-08-05T22:19:22Z,200.3,228.4,204.2,226.3,188.2,215.3,,,201.9,229.9,207.9,228.9,200.3,228.4,205.1,227.3,218.9,241.3,208.9,231.3,200.2,228.3,203.0,225.2
2026-08-05T23:28:06Z,200.3,228.4,204.2,226.3,188.2,215.3,,,201.9,229.9,207.9,228.9,200.3,228.4,205.1,227.3,218.9,241.3,208.9,231.3,200.2,228.3,203.0,225.2
2026-08-06T00:52:10Z,200.3,228.4,204.2,226.3,188.2,215.3,,,201.9,229.9,207.9,228.9,200.3,228.4,205.1,227.3,218.9,241.3,208.9,231.3,200.2,228.3,203.0,225.2
2026-08-06T04:08:59Z,200.3,228.4,204.2,226.3,188.2,215.3,,,201.9,229.9,207.9,228.9,200.3,228.4,205.1,227.3,218.9,241.3,208.9,231.3,200.2,228.3,203.0,225.2
2026-08-06T06:44:06Z,200.3,228.4,204.2,226.3,188.2,215.3,,,201.9,229.9,207.9,228.9,200.3,228.4,205.1,227.3,218.9,241.3,208.9,231.3,200.2,228.3,203.0,225.2
2026-08-06T09:30:36Z,200.3,228.4,204.2,226.3,188.2,215.3,,,201.9,229.9,207.9,228.9,200.3,228.4,205.1,227.3,218.9,241.3,208.9,231.3,200.2,228.3,203.0,225.2
2026-08-06T11:50:01Z,200.3,228.4,204.2,226.3,188.2,215.3,,,201.9,229.9,207.9,228.9,200.3,228.4,205.1,227.3,218.9,241.3,208.9,231.3,200.2,228.3,203.0,225.2
2026-08-06T14:00:31Z,200.2,228.4,204.1,226.3,188.2,215.3,,,201.9,231.9,207.9,230.9,200.3,228.4,205.1,227.3,218.9,241.3,208.9,231.3,200.1,228.3,203.0,225.2
2026-08-07T00:14:08Z,200.2,228.4,204.1,226.3,188.2,215.3,,,201.9,231.9,207.9,230.9,200.3,228.4,205.1,227.3,218.9,241.3,208.9,231.3,200.1,228.3,203.0,225.2
2026-08-07T03:17:12Z,200.2,228.4,204.1,226.3,188.2,215.3,,,201.9,231.9,207.9,230.9,200.3,228.4,205.1,227.3,218.9,241.3,208.9,231.3,200.1,228.3,203.0,225.2
2026-08-07T05:11:57Z,200.2,228.4,204.1,226.3,188.2,215.3,,,201.9,231.9,207.9,230.9,200.3,228.4,205.1,227.3,218.9,241.3,208.9,231.3,200.1,228.3,203.0,225.2
2026-08-07T06:18:51Z,200.2,228.4,204.1,226.3,188.2,215.3,,,201.9,231.9,207.9,230.9,200.3,228.4,205.1,227.3,218.9,241.3,208.9,231.3,200.1,228.3,203.0,225.2
2026-08-07T07:51:12Z,200.2,228.4,204.1,226.3,188.2,215.3,,,201.9,231.9,207.9,230.9,200.3,228.4,205.1,227.3,218.9,241.3,208.9,231.3,200.1,228.3,203.0,225.2
2026-08-07T08:55:53Z,200.2,228.4,204.1,226.3,188.2,215.3,,,201.9,231.9,207.9,230.9,200.3,228.4,205.1,227.3,218.9,241.3,208.9,231.3,200.1,228.3,203.0,225.2
2026-08-07T09:59:57Z,200.2,228.4,204.1,226.3,188.2,215.3,,,201.9,231.9,207.9,230.9,200.3,228.4,205.1,227.3,218.9,241.3,208.9,231.3,200.1,228.3,203.0,225.2
2026-08-07T11:00:45Z,200.2,228.4,204.1,226.3,188.2,215.3,,,201.9,231.9,207.9,230.9,200.3,228.4,205.1,227.3,218.9,241.3,208.9,231.3,200.1,228.3,203.0,225.2
2026-08-07T11:55:54Z,200.2,228.4,204.1,226.3,188.2,215.3,,,201.9,231.9,207.9,230.9,200.3,228.4,205.1,227.3,218.9,241.3,208.9,231.3,200.1,228.3,203.0,225.2
2026-08-07T13:01:01Z,200.2,228.4,204.1,226.3,188.2,215.3,,,201.9,231.9,207.9,230.9,200.3,228.4,205.1,227.3,218.9,241.3,208.9,231.3,200.1,228.3,203.0,225.2
2026-08-07T14:17:39Z,200.2,228.4,204.1,226.3,188.2,215.3,,,201.9,231.9,207.9,230.9,200.3,228.4,205.1,227.3,218.9,241.3,208.9,231.3,200.1,228.3,203.0,225.2
2026-08-07T15:23:36Z,200.2,228.4,204.1,226.3,188.2,215.3,,,201.9,231.9,207.9,230.9,200.3,228.4,205.1,227.3,218.9,241.3,208.9,231.3,200.1,228.3,203.0,225.2
2026-08-07T16:22:38Z,200.2,228.4,204.1,226.3,188.2,215.3,,,201.9,231.9,207.9,230.9,200.3,228.4,205.1,227.3,218.9,241.3,208.9,231.3,200.1,228.3,203.0,225.2
2026-08-07T17:21:47Z,200.2,228.4,204.1,226.3,188.2,215.3,,,201.9,231.9,207.9,230.9,200.3,228.4,205.1,227.3,218.9,241.3,208.9,231.3,200.1,228.3,203.0,225.2
2026-08-07T18:09:49Z,200.2,228.4,204.1,226.3,188.2,215.3,,,201.9,231.9,207.9,230.9,200.3,228.4,205.1,227.3,218.9,241.3,208.9,231.3,200.1,228.3,203.0,225.2
2026-08-07T19:13:52Z,200.2,228.4,204.1,226.3,190.2,218.3,,,201.9,231.9,207.9,230.9,200.3,228.4,205.1,227.3,218.9,241.3,208.9,231.3,200.1,228.3,203.0,225.2
2026-08-07T20:00:06Z,200.2,228.4,204.1,226.3,190.2,218.3,,,201.9,231.9,207.9,230.9,200.3,228.4,205.1,227.3,218.9,241.3,208.9,231.3,200.1,228.3,203.0,225.2
2026-08-07T20:51:19Z,200.2,228.4,204.1,226.3,190.2,218.3,,,201.9,231.9,207.9,230.9,200.3,228.4,205.1,227.3,218.9,241.3,208.9,231.3,200.1,228.3,203.0,225.2
2026-08-07T21:35:38Z,200.2,228.4,204.1,226.3,190.2,218.3,,,201.9,231.9,207.9,230.9,200.3,228.4,205.1,227.3,218.9,241.3,208.9,231.3,200.1,228.3,203.0,225.2
2026-08-07T22:17:33Z,200.2,228.4,204.1,226.3,190.2,218.3,,,201.9,231.9,207.9,230.9,200.3,228.4,205.1,227.3,218.9,241.3,208.9,231.3,200.1,228.3,203.0,225.2
2026-08-07T23:04:17Z,200.2,228.4,204.1,226.3,190.2,218.3,,,201.9,231.9,207.9,230.9,200.3,228.4,205.1,227.3,218.9,241.3,208.9,231.3,200.1,228.3,203.0,225.2
2026-08-07T23:47:34Z,200.2,228.4,204.1,226.3,190.2,218.3,,,201.9,231.9,207.9,230.9,200.3,228.4,205.1,227.3,218.9,241.3,208.9,231.3,200.1,228.3,203.0,225.2
2026-08-08T01:20:31Z,200.2,228.4,204.1,226.3,190.2,218.3,,,201.9,231.9,207.9,230.9,200.3,228.4,205.1,227.3,218.9,241.3,208.9,231.3,200.1,228.3,203.0,225.2
2026-08-08T03:07:48Z,200.2,228.4,204.1,226.3,190.2,218.3,,,201.9,231.9,207.9,230.9,200.3,228.4,205.1,227.3,218.9,241.3,208.9,231.3,200.1,228.3,203.0,225.2
2026-08-08T04:20:37Z,200.2,228.4,204.1,226.3,190.2,218.3,,,201.9,231.9,207.9,230.9,200.3,228.4,205.1,227.3,218.9,241.3,208.9,231.3,200.1,228.3,203.0,225.2
2026-08-08T05:15:54Z,200.2,228.4,204.1,226.3,190.2,218.3,,,201.9,231.9,207.9,230.9,200.3,228.4,205.1,227.3,218.9,241.3,208.9,231.3,200.1,228.3,203.0,225.2
2026-08-08T06:04:26Z,200.2,228.4,204.1,226.3,190.2,218.3,,,201.9,231.9,207.9,230.9,200.3,228.4,205.1,227.3,218.9,241.3,208.9,231.3,200.1,228.3,203.0,225.2
2026-08-08T07:13:29Z,200.2,228.4,204.1,226.3,190.2,218.3,,,201.9,231.9,207.9,230.9,200.3,228.4,205.1,227.3,218.9,241.3,208.9,231.3,200.1,228.3,203.0,225.2
2026-08-08T08:00:46Z,200.2,228.4,204.1,226.3,190.2,218.3,,,201.9,231.9,207.9,230.9,200.3,228.4,205.1,227.3,218.9,241.3,208.9,231.3,200.1,228.3,203.0,225.2
2026-08-08T08:58:20Z,200.2,228.4,204.1,226.3,190.2,218.3,,,201.9,231.9,207.9,230.9,200.3,228.4,205.1,227.3,218.9,241.3,208.9,231.3,200.1,228.3,203.0,225.2
2026-08-08T09:43:08Z,200.2,228.4,204.1,226.3,190.2,218.3,,,201.9,231.9,207.9,230.9,200.3,228.4,205.1,227.3,218.9,241.3,208.9,231.3,200.1,228.3,203.0,225.2
2026-08-08T10:13:38Z,200.2,228.4,204.1,226.3,190.2,218.3,,,201.9,231.9,207.9,230.9,200.3,228.4,205.1,227.3,218.9,241.3,208.9,231.3,200.1,228.3,203.0,225.2
2026-08-08T10:52:25Z,200.2,228.4,204.1,226.3,190.2,218.3,,,201.9,231.9,207.9,230.9,200.3,228.4,205.1,227.3,218.9,241.3,208.9,231.3,200.1,228.3,203.0,225.2
2026-08-08T11:24:58Z,200.2,228.4,204.1,226.3,190.2,218.3,,,201.9,231.9,207.9,230.9,200.3,228.4,205.1,227.3,218.9,241.3,208.9,231.3,200.1,228.3,203.0,225.2
2026-08-08T11:53:16Z,200.2,228.4,204.1,226.3,190.2,218.3,,,201.9,231.9,207.9,230.9,200.3,228.4,205.1,227.3,218.9,241.3,208.9,231.3,200.1,228.3,203.0,225.2
2026-08-08T12:40:48Z,200.2,228.4,204.1,226.3,190.2,218.3,,,201.9,231.9,207.9,230.9,200.3,228.4,205.1,227.3,218.9,241.3,208.9,231.3,200.1,228.3,203.0,225.2
2026-08-08T13:32:11Z,200.2,228.4,204.1,226.3,190.2,218.3,,,201.9,231.9,207.9,230.9,200.3,228.4,205.1,227.3,218.9,241.3,208.9,231.3,200.1,228.3,203.0,225.2
2026-08-08T14:17:17Z,200.2,228.4,204.1,226.3,190.2,218.3,,,201.9,231.9,207.9,230.9,200.3,228.4,205.1,227.3,218.9,241.3,208.9,231.3,200.1,228.3,203.0,225.2
2026-08-08T14:57:44Z,200.2,228.4,204.1,226.3,190.2,218.3,,,201.9,231.9,207.9,230.9,200.3,228.4,205.1,227.3,218.9,241.3,208.9,231.3,200.1,228.3,203.0,225.2
2026-08-08T15:33:37Z,200.2,228.4,204.1,226.3,190.2,218.3,,,201.9,231.9,207.9,230.9,200.3,228.4,205.1,227.3,218.9,241.3,208.9,231.3,200.1,228.3,203.0,225.2
2026-08-08T16:02:11Z,200.2,228.4,204.1,226.3,190.2,218.3,,,201.9,231.9,207.9,230.9,200.3,228.4,205.1,227.3,218.9,241.3,208.9,231.3,200.1,228.3,203.0,225.2
2026-08-08T16:50:55Z,200.2,228.4,204.1,226.3,190.2,218.3,,,201.9,231.9,207.9,230.9,200.3,228.4,205.1,227.3,218.9,241.3,208.9,231.3,200.1,228.3,203.0,225.2
2026-08-08T17:26:25Z,200.2,228.4,204.1,226.3,190.2,218.3,,,201.9,231.9,207.9,230.9,200.3,228.4,205.1,227.3,218.9,241.3,208.9,231.3,200.1,228.3,203.0,225.2
2026-08-08T17:57:05Z,200.2,228.4,204.1,226.3,190.2,218.3,,,201.9,231.9,207.9,230.9,200.3,228.4,205.1,227.3,218.9,241.3,208.9,231.3,200.1,228.3,203.0,225.2
2026-08-08T18:39:59Z,200.2,228.4,204.1,226.3,190.2,218.3,,,201.9,231.9,207.9,230.9,200.3,228.4,205.1,227.3,218.9,241.3,208.9,231.3,200.1,228.3,203.0,225.2
2026-08-08T19:15:41Z,200.2,228.4,204.1,226.3,190.2,218.3,,,201.9,231.9,207.9,230.9,200.3,228.4,205.1,227.3,218.9,241.3,208.9,231.3,200.1,228.3,203.0,225.2
2026-08-08T19:52:26Z,200.2,228.4,204.1,226.3,190.2,218.3,,,201.9,231.9,207.9,230.9,200.3,228.4,205.1,227.3,218.9,241.3,208.9,231.3,200.1,228.3,203.0,225.2
2026-08-08T20:25:31Z,200.2,228.4,204.1,226.3,190.2,218.3,,,201.9,231.9,207.9,230.9,200.3,228.4,205.1,227.3,218.9,241.3,208.9,231.3,200.1,228.3,203.0,225.2
2026-08-08T20:58:13Z,200.2,228.4,204.1,226.3,190.2,218.3,,,201.9,231.9,207.9,230.9,200.3,228.4,205.1,227.3,218.9,241.3,208.9,231.3,200.1,228.3,203.0,225.2
2026-08-08T21:35:24Z,200.2,228.4,204.1,226.3,190.2,218.3,,,201.9,231.9,207.9,230.9,200.3,228.4,205.1,227.3,218.9,241.3,208.9,231.3,200.1,228.3,203.0,225.2
2026-08-08T22:01:33Z,200.2,228.4,204.1,226.3,190.2,218.3,,,201.9,231.9,207.9,230.9,200.3,228.4,205.1,227.3,218.9,241.3,208.9,231.3,200.1,228.3,203.0,225.2
2026-08-08T22:45:44Z,200.2,228.4,204.1,226.3,190.2,218.3,,,201.9,231.9,207.9,230.9,200.3,228.4,205.1,227.3,218.9,241.3,208.9,231.3,200.1,228.3,203.0,225.2
2026-08-08T23:24:58Z,200.2,228.4,204.1,226.3,190.2,218.3,,,201.9,231.9,207.9,230.9,200.3,228.4,205.1,227.3,218.9,241.3,208.9,231.3,200.1,228.3,203.0,225.2
2026-08-08T23:53:58Z,200.2,228.4,204.1,226.3,190.2,218.3,,,201.9,231.9,207.9,230.9,200.3,228.4,205.1,227.3,218.9,241.3,208.9,231.3,200.1,228.3,203.0,225.2
2026-08-09T01:25:42Z,200.2,228.4,204.1,226.3,190.2,218.3,,,201.9,231.9,207.9,230.9,200.3,228.4,205.1,227.3,218.9,241.3,208.9,231.3,200.1,228.3,203.0,225.2
2026-08-09T03:15:24Z,200.2,228.4,204.1,226.3,190.2,218.3,,,201.9,231.9,207.9,230.9,200.3,228.4,205.1,227.3,218.9,241.3,208.9,231.3,200.1,228.3,203.0,225.2
2026-08-09T04:45:23Z,200.2,228.4,204.1,226.3,190.2,218.3,,,201.9,231.9,207.9,230.9,200.3,228.4,205.1,227.3,218.9,241.3,208.9,231.3,200.1,228.3,203.0,225.2
2026-08-09T05:43:44Z,200.2,228.4,204.1,226.3,190.2,218.3,,,201.9,231.9,207.9,230.9,200.3,228.4,205.1,227.3,218.9,241.3,208.9,231.3,200.1,228.3,203.0,225.2
2026-08-09T06:28:59Z,200.2,228.4,204.1,226.3,190.2,218.3,,,201.9,231.9,207.9,230.9,200.3,228.4,205.1,227.3,218.9,241.3,208.9,231.3,200.1,228.3,203.0,225.2
2026-08-09T07:35:36Z,200.2,228.4,204.1,226.3,190.2,218.3,,,201.9,231.9,207.9,230.9,200.3,228.4,205.1,227.3,218.9,241.3,208.9,231.3,200.1,228.3,203.0,225.2
2026-08-09T08:23:11Z,200.2,228.4,204.1,226.3,190.2,218.3,,,201.9,231.9,207.9,230.9,200.3,228.4,205.1,227.3,218.9,241.3,208.9,231.3,200.1,228.3,203.0,225.2
2026-08-09T09:10:35Z,200.2,228.4,204.1,226.3,190.2,218.3,,,201.9,231.9,207.9,230.9,200.3,228.4,205.1,227.3,218.9,241.3,208.9,231.3,200.1,228.3,203.0,225.2
2026-08-09T09:55:34Z,200.2,228.4,204.1,226.3,190.2,218.3,,,201.9,231.9,207.9,230.9,200.3,228.4,205.1,227.3,218.9,241.3,208.9,231.3,200.1,228.3,203.0,225.2
2026-08-09T10:32:09Z,200.2,228.4,204.1,226.3,190.2,218.3,,,201.9,231.9,207.9,230.9,200.3,228.4,205.1,227.3,218.9,241.3,208.9,231.3,200.1,228.3,203.0,225.2
2026-08-09T11:06:57Z,200.2,228.4,204.1,226.3,190.2,218.3,,,201.9,231.9,207.9,230.9,200.3,228.4,205.1,227.3,218.9,241.3,208.9,231.3,200.1,228.3,203.0,225.2
2026-08-09T11:44:03Z,200.2,228.4,204.1,226.3,190.2,218.3,,,201.9,231.9,207.9,230.9,200.3,228.4,205.1,227.3,218.9,241.3,208.9,231.3,200.1,228.3,203.0,225.2
2026-08-09T12:15:58Z,200.2,228.4,204.1,226.3,190.2,218.3,,,201.9,231.9,207.9,230.9,200.3,228.4,205.1,227.3,218.9,241.3,208.9,231.3,200.1,228.3,203.0,225.2
2026-08-09T13:29:30Z,200.2,228.4,204.1,226.3,190.2,218.3,,,201.9,231.9,207.9,230.9,200.3,228.4,205.1,227.3,218.9,241.3,208.9,231.3,200.1,228.3,203.0,225.2
2026-08-09T14:08:50Z,200.2,228.4,204.1,226.3,190.2,218.3,,,201.9,231.9,207.9,230.9,200.3,228.4,205.1,227.3,218.9,241.3,208.9,231.3,200.1,228.3,203.0,225.2
2026-08-09T14:51:23Z,200.2,228.4,204.1,226.3,190.2,218.3,,,201.9,231.9,207.9,230.9,200.3,228.4,205.1,227.3,218.9,241.3,208.9,231.3,200.1,228.3,203.0,225.2
2026-08-09T15:27:38Z,200.2,228.4,204.1,226.3,190.2,218.3,,,201.9,231.9,207.9,230.9,200.3,228.4,205.1,227.3,218.9,241.3,208.9,231.3,200.1,228.3,203.0,225.2
2026-08-09T15:58:08Z,200.2,228.4,204.1,226.3,190.2,218.3,,,201.9,231.9,207.9,230.9,200.3,228.4,205.1,227.3,218.9,241.3,208.9,231.3,200.1,228.3,203.0,225.2
2026-08-09T16:41:00Z,200.2,228.4,204.1,226.3,190.2,218.3,,,201.9,231.9,207.9,230.9,200.3,228.4,205.1,227.3,218.9,241.3,208.9,231.3,200.1,228.3,203.0,225.2
2026-08-09T17:13:32Z,200.2,228.4,204.1,226.3,190.2,218.3,,,201.9,231.9,207.9,230.9,200.3,228.4,205.1,227.3,218.9,241.3,208.9,231.3,200.1,228.3,203.0,225.2
2026-08-09T17:48:24Z,200.2,228.4,204.1,226.3,190.2,218.3,,,201.9,231.9,207.9,230.9,200.3,228.4,205.1,227.3,218.9,241.3,208.9,231.3,200.1,228.3,203.0,225.2
2026-08-09T18:35:50Z,200.2,228.4,204.1,226.3,190.2,218.3,,,201.9,231.9,207.9,230.9,200.3,228.4,205.1,227.3,218.9,241.3,208.9,231.3,200.1,228.3,203.0,225.2
2026-08-09T19:19:41Z,200.2,228.4,204.1,226.3,190.2,218.3,,,201.9,231.9,207.9,230.9,200.3,228.4,205.1,227.3,218.9,241.3,208.9,231.3,200.1,228.3,203.0,225.2
2026-08-09T19:56:19Z,200.2,228.4,204.1,226.3,190.2,218.3,,,201.9,231.9,207.9,230.9,200.3,228.4,205.1,227.3,218.9,241.3,208.9,231.3,200.1,228.3,203.0,225.2
2026-08-09T20:31:41Z,200.2,228.4,204.1,226.3,190.2,218.3,,,201.9,231.9,207.9,230.9,200.3,228.4,205.1,227.3,218.9,241.3,208.9,231.3,200.1,228.3,203.0,225.2
2026-08-09T21:09:03Z,200.2,228.4,204.1,226.3,190.2,218.3,,,201.9,231.9,207.9,230.9,200.3,228.4,205.1,227.3,218.9,241.3,208.9,231.3,200.1,228.3,203.0,225.2
2026-08-09T21:46:59Z,200.2,228.4,204.1,226.3,190.2,218.3,,,201.9,231.9,207.9,230.9,200.3,228.4,205.1,227.3,218.9,241.3,208.9,231.3,200.1,228.3,203.0,225.2
2026-08-09T22:27:27Z,200.2,228.4,204.1,226.3,190.2,218.3,,,201.9,231.9,207.9,230.9,200.3,228.4,205.1,227.3,218.9,241.3,208.9,231.3,200.1,228.3,203.0,225.2
2026-08-09T23:00:11Z,200.2,228.4,204.1,226.3,190.2,218.3,,,201.9,231.9,207.9,230.9,200.3,228.4,205.1,227.3,218.9,241.3,208.9,231.3,200.1,228.3,203.0,225.2
2026-08-09T23:39:08Z,200.2,228.4,204.1,226.3,190.2,218.3,,,201.9,231.9,207.9,230.9,200.3,228.4,205.1,227.3,218.9,241.3,208.9,231.3,200.1,228.3,203.0,225.2
2026-08-10T00:04:12Z,200.2,228.4,204.1,226.3,190.2,218.3,,,201.9,231.9,207.9,230.9,200.3,228.4,205.1,227.3,218.9,241.3,208.9,231.3,200.1,228.3,203.0,225.2
2026-08-10T02:33:20Z,200.2,228.4,204.1,226.3,190.2,218.3,,,201.9,231.9,207.9,230.9,200.3,228.4,205.1,227.3,218.9,241.3,208.9,231.3,200.1,228.3,203.0,225.2
2026-08-10T04:18:00Z,200.2,228.4,204.1,226.3,190.2,218.3,,,201.9,231.9,207.9,230.9,200.3,228.4,205.1,227.3,218.9,241.3,208.9,231.3,200.1,228.3,203.0,225.2
2026-08-10T05:54:00Z,200.2,228.4,204.1,226.3,190.2,218.3,,,201.9,231.9,207.9,230.9,200.3,228.4,205.1,227.3,218.9,241.3,208.9,231.3,200.1,228.3,203.0,225.2
2026-08-10T07:26:35Z,200.2,228.4,204.1,226.3,190.2,218.3,,,201.9,231.9,207.9,230.9,200.3,228.4,205.1,227.3,218.9,241.3,208.9,231.3,200.1,228.3,203.0,225.2
2026-08-10T08:57:05Z,200.2,228.4,204.1,226.3,190.2,218.3,,,201.9,231.9,207.9,230.9,200.3,228.4,205.1,227.3,218.9,241.3,208.9,231.3,200.1,228.3,203.0,225.2
2026-08-10T10:18:05Z,200.2,228.4,204.1,226.3,190.2,218.3,,,201.9,231.9,207.9,230.9,200.3,228.4,205.1,227.3,218.9,241.3,208.9,231.3,200.1,228.3,203.0,225.2
2026-08-10T11:29:27Z,200.2,228.4,204.1,226.3,190.2,218.3,,,201.9,231.9,207.9,230.9,200.3,228.4,205.1,227.3,218.9,241.3,208.9,231.3,200.1,228.3,203.0,225.2
2026-08-10T12:10:15Z,200.2,228.4,204.1,226.3,190.2,218.3,,,201.9,231.9,207.9,230.9,200.3,228.4,205.1,227.3,218.9,241.3,208.9,231.3,200.1,228.3,203.0,225.2
2026-08-10T13:42:20Z,200.2,228.4,204.1,226.3,190.2,218.3,,,201.9,231.9,207.9,230.9,200.3,228.4,205.1,227.3,218.9,241.3,208.9,231.3,200.1,228.3,203.0,225.2
2026-08-10T14:43:47Z,200.2,228.4,204.1,226.3,190.2,218.3,,,201.9,231.9,207.9,230.9,200.3,228.4,205.1,227.3,218.9,241.3,208.9,231.3,200.1,228.3,203.0,225.2
2026-08-10T15:40:48Z,200.2,228.4,204.1,226.3,190.2,218.3,,,201.9,231.9,207.9,230.9,200.3,228.4,205.1,227.3,218.9,241.3,208.9,231.3,200.1,228.3,203.0,225.2
2026-08-10T16:32:00Z,200.2,228.4,204.1,226.3,190.2,218.3,,,201.9,231.9,207.9,230.9,200.3,228.4,205.1,227.3,218.9,241.3,208.9,231.3,200.1,228.3,203.0,225.2
2026-08-10T17:35:38Z,200.2,228.4,204.1,226.3,190.2,218.3,,,201.9,231.9,207.9,230.9,200.3,228.4,205.1,227.3,218.9,241.3,208.9,231.3,200.1,228.3,203.0,225.2
2026-08-10T18:32:54Z,200.2,228.4,204.1,226.3,190.2,218.3,,,201.9,231.9,207.9,230.9,200.3,228.4,205.1,227.3,218.9,241.3,208.9,231.3,200.1,228.3,203.0,225.2
2026-08-10T19:41:08Z,200.2,228.4,204.1,226.3,190.2,218.3,,,201.9,231.9,207.9,230.9,200.3,228.4,205.1,227.3,218.9,241.3,208.9,231.3,200.1,228.3,203.0,225.2
2026-08-10T20:21:58Z,200.2,228.4,204.1,226.3,190.2,218.3,,,201.9,231.9,207.9,230.9,200.3,228.4,205.1,227.3,218.9,241.3,208.9,231.3,200.1,228.3,203.0,225.2
2026-08-10T21:10:58Z,200.2,228.4,204.1,226.3,190.2,218.3,,,201.9,231.9,207.9,230.9,200.3,228.4,205.1,227.3,218.9,241.3,208.9,231.3,200.1,228.3,203.0,225.2
2026-08-10T21:57:22Z,200.2,228.4,204.1,226.3,190.2,218.3,,,201.9,231.9,207.9,230.9,200.3,228.4,205.1,227.3,218.9,241.3,208.9,231.3,200.1,228.3,203.0,225.2
2026-08-10T22:40:09Z,200.2,228.4,204.1,226.3,190.2,218.3,,,201.9,231.9,207.9,230.9,200.3,228.4,205.1,227.3,218.9,241.3,208.9,231.3,200.1,228.3,203.0,225.2
2026-08-10T23:17:56Z,200.2,228.4,204.1,226.3,190.2,218.3,,,201.9,231.9,207.9,230.9,200.3,228.4,205.1,227.3,218.9,241.3,208.9,231.3,200.1,228.3,203.0,225.2
2026-08-10T23:59:43Z,200.2,228.4,204.1,226.3,190.2,218.3,,,201.9,231.9,207.9,230.9,200.3,228.4,205.1,227.3,218.9,241.3,208.9,231.3,200.1,228.3,203.0,225.2
2026-08-11T02:19:04Z,200.2,228.4,204.1,226.3,190.2,218.3,,,201.9,231.9,207.9,230.9,200.3,228.4,205.1,227.3,218.9,241.3,208.9,231.3,200.1,228.3,203.0,225.2
2026-08-11T03:58:48Z,200.2,228.4,204.1,226.3,190.2,218.3,,,201.9,231.9,207.9,230.9,200.3,228.4,205.1,227.3,218.9,241.3,208.9,231.3,200.1,228.3,203.0,225.2
2026-08-11T05:14:48Z,200.2,228.4,204.1,226.3,190.2,218.3,,,201.9,231.9,207.9,230.9,200.3,228.4,205.1,227.3,218.9,241.3,208.9,231.3,200.1,228.3,203.0,225.2
2026-08-11T06:06:31Z,200.2,228.4,204.1,226.3,190.2,218.3,,,201.9,231.9,207.9,230.9,200.3,228.4,205.1,227.3,218.9,241.3,208.9,231.3,200.1,228.3,203.0,225.2
2026-08-11T07:35:53Z,200.2,228.4,204.1,226.3,190.2,218.3,,,201.9,231.9,207.9,230.9,200.3,228.4,205.1,227.3,218.9,241.3,208.9,231.3,200.1,228.3,203.0,225.2
2026-08-11T08:36:59Z,200.2,228.4,204.1,226.3,190.2,218.3,,,201.9,231.9,207.9,230.9,200.3,228.4,205.1,227.3,218.9,241.3,208.9,231.3,200.1,228.3,203.0,225.2
2026-08-11T09:40:42Z,200.2,228.4,204.1,226.3,190.2,218.3,,,201.9,231.9,207.9,230.9,200.3,228.4,205.1,227.3,218.9,241.3,208.9,231.3,200.1,228.3,203.0,225.2
2026-08-11T10:33:04Z,200.2,228.4,204.1,226.3,190.2,218.3,,,201.9,231.9,207.9,230.9,200.3,228.4,205.1,227.3,218.9,241.3,208.9,231.3,200.1,228.3,203.0,225.2
2026-08-11T11:29:30Z,200.2,228.4,204.1,226.3,190.2,218.3,,,201.9,231.9,207.9,230.9,200.3,228.4,205.1,227.3,218.9,241.3,208.9,231.3,200.1,228.3,203.0,225.2
2026-08-11T12:23:57Z,200.2,228.4,204.1,226.3,190.2,218.3,,,201.9,231.9,207.9,230.9,200.3,228.4,205.1,227.3,218.9,241.3,208.9,231.3,200.1,228.3,203.0,225.2
2026-08-11T13:52:06Z,200.2,228.4,204.1,226.3,190.2,218.3,,,201.9,231.9,207.9,230.9,200.3,231.4,205.1,230.3,218.9,244.3,208.9,234.3,200.1,228.3,203.0,225.2
2026-08-11T14:54:14Z,200.2,231.4,204.1,229.3,190.2,218.3,,,201.9,231.9,207.9,230.9,200.3,231.4,205.1,230.3,218.9,244.3,208.9,234.3,200.1,231.3,203.0,228.2
2026-08-11T15:58:11Z,200.2,231.4,204.1,229.3,190.2,218.3,,,201.9,231.9,207.9,230.9,200.3,231.4,205.1,230.3,218.9,244.3,208.9,234.3,200.1,231.3,203.0,228.2
2026-08-11T17:01:49Z,200.2,231.4,204.1,229.3,190.2,218.3,,,201.9,231.9,207.9,230.9,200.3,231.4,205.1,230.3,218.9,244.3,208.9,234.3,200.1,231.3,203.0,228.2
2026-08-11T18:05:46Z,200.2,231.4,204.1,229.3,190.2,218.3,,,201.9,231.9,207.9,230.9,200.3,231.4,205.1,230.3,218.9,244.3,208.9,234.3,200.1,231.3,203.0,228.2
2026-08-11T19:18:29Z,200.2,231.4,204.1,229.3,190.2,218.3,,,201.9,231.9,207.9,230.9,200.3,231.4,205.1,230.3,218.9,244.3,208.9,234.3,200.1,231.3,203.0,228.2
2026-08-11T20:08:49Z,200.2,231.4,204.1,229.3,190.2,218.3,,,201.9,231.9,207.9,230.9,200.3,231.4,205.1,230.3,218.9,244.3,208.9,234.3,200.1,231.3,203.0,228.2
2026-08-11T21:03:18Z,200.2,231.4,204.1,229.3,190.2,218.3,,,201.9,231.9,207.9,230.9,200.3,231.4,205.1,230.3,218.9,244.3,208.9,234.3,200.1,231.3,203.0,228.2
2026-08-11T22:03:37Z,200.2,231.4,204.1,229.3,190.2,218.3,,,201.9,231.9,207.9,230.9,200.3,231.4,205.1,230.3,218.9,244.3,208.9,234.3,200.1,231.3,203.0,228.2
2026-08-11T23:01:52Z,200.2,231.4,204.1,229.3,190.2,218.3,,,201.9,231.9,207.9,230.9,200.3,231.4,205.1,230.3,218.9,244.3,208.9,234.3,200.1,231.3,203.0,228.2
2026-08-11T23:58:39Z,200.2,231.4,204.1,229.3,190.2,218.3,,,201.9,231.9,207.9,230.9,200.3,231.4,205.1,230.3,218.9,244.3,208.9,234.3,200.1,231.3,203.0,228.2
2026-08-12T02:29:33Z,200.2,231.4,204.1,229.3,190.2,218.3,,,201.9,231.9,207.9,230.9,200.3,231.4,205.1,230.3,218.9,244.3,208.9,234.3,200.1,231.3,203.0,228.2
2026-08-12T04:23:30Z,200.2,231.4,204.1,229.3,190.2,218.3,,,201.9,231.9,207.9,230.9,200.3,231.4,205.1,230.3,218.9,244.3,208.9,234.3,200.1,231.3,203.0,228.2
2026-08-12T05:53:30Z,200.2,231.4,204.1,229.3,190.2,218.3,,,201.9,231.9,207.9,230.9,200.3,231.4,205.1,230.3,218.9,244.3,208.9,234.3,200.1,231.3,203.0,228.2
2026-08-12T07:19:43Z,200.2,231.4,204.1,229.3,190.2,218.3,,,201.9,231.9,207.9,230.9,200.3,231.4,205.1,230.3,218.9,244.3,208.9,234.3,200.1,231.3,203.0,228.2
2026-08-12T08:46:00Z,200.2,231.4,204.1,229.3,190.2,218.3,,,201.9,231.9,207.9,230.9,200.3,231.4,205.1,230.3,218.9,244.3,208.9,234.3,200.1,231.3,203.0,228.2
2026-08-12T09:59:36Z,200.2,231.4,204.1,229.3,190.2,218.3,,,201.9,231.9,207.9,230.9,200.3,231.4,205.1,230.3,218.9,244.3,208.9,234.3,200.1,231.3,203.0,228.2
2026-08-12T11:05:19Z,200.2,231.4,204.1,229.3,190.2,218.3,,,203.9,234.9,209.9,233.9,200.3,231.4,205.1,230.3,218.9,244.3,208.9,234.3,200.1,231.3,203.0,228.2
2026-08-12T11:57:18Z,200.2,231.4,204.1,229.3,190.2,218.3,,,203.9,234.9,209.9,233.9,200.3,231.4,205.1,230.3,218.9,244.3,208.9,234.3,200.1,231.3,203.0,228.2
2026-08-12T13:15:44Z,200.2,231.4,204.1,229.3,190.2,218.3,,,203.9,234.9,209.9,233.9,200.3,231.4,205.1,230.3,218.9,244.3,208.9,234.3,200.1,231.3,203.0,228.2
2026-08-12T14:34:23Z,200.2,231.4,204.1,229.3,190.2,218.3,,,203.9,234.9,209.9,233.9,200.3,231.4,205.1,230.3,218.9,244.3,208.9,234.3,200.1,231.3,203.0,228.2
2026-08-12T15:36:56Z,200.2,231.4,204.1,229.3,190.2,218.3,,,203.9,234.9,209.9,233.9,200.3,231.4,205.1,230.3,218.9,244.3,208.9,234.3,200.1,231.3,203.0,228.2
2026-08-12T16:35:16Z,200.2,231.4,204.1,229.3,190.2,218.3,,,203.9,234.9,209.9,233.9,200.3,231.4,205.1,230.3,218.9,244.3,208.9,234.3,200.1,231.3,203.0,228.2
2026-08-12T17:41:18Z,200.2,231.4,204.1,229.3,190.2,218.3,,,203.9,234.9,209.9,233.9,200.3,231.4,205.1,230.3,218.9,244.3,208.9,234.3,200.1,231.3,203.0,228.2
2026-08-12T18:36:16Z,200.2,231.4,204.1,229.3,190.2,218.3,,,203.9,234.9,209.9,233.9,200.3,231.4,205.1,230.3,218.9,244.3,208.9,234.3,200.1,231.3,203.0,228.2
2026-08-12T19:47:16Z,200.2,231.4,204.1,229.3,190.2,218.3,,,203.9,234.9,209.9,233.9,200.3,231.4,205.1,230.3,218.9,244.3,208.9,234.3,200.1,231.3,203.0,228.2
2026-08-12T20:39:32Z,200.2,231.4,204.1,229.3,190.2,218.3,,,203.9,234.9,209.9,233.9,200.3,231.4,205.1,230.3,218.9,244.3,208.9,234.3,200.1,231.3,203.0,228.2
2026-08-12T21:27:04Z,200.2,231.4,204.1,229.3,190.2,218.3,,,203.9,234.9,209.9,233.9,200.3,231.4,205.1,230.3,218.9,244.3,208.9,234.3,200.1,231.3,203.0,228.2
2026-08-12T22:10:43Z,200.2,231.4,204.1,229.3,190.2,218.3,,,203.9,234.9,209.9,233.9,200.3,231.4,205.1,230.3,218.9,244.3,208.9,234.3,200.1,231.3,203.0,228.2
2026-08-12T23:00:27Z,200.2,231.4,204.1,229.3,190.2,218.3,,,203.9,234.9,209.9,233.9,200.3,231.4,205.1,230.3,218.9,244.3,208.9,234.3,200.1,231.3,203.0,228.2
2026-08-12T23:56:41Z,200.2,231.4,204.1,229.3,190.2,218.3,,,203.9,234.9,209.9,233.9,200.3,231.4,205.1,230.3,218.9,244.3,208.9,234.3,200.1,231.3,203.0,228.2
2026-08-13T02:04:36Z,200.2,231.4,204.1,229.3,190.2,218.3,,,203.9,234.9,209.9,233.9,200.3,231.4,205.1,230.3,218.9,244.3,208.9,234.3,200.1,231.3,203.0,228.2
2026-08-13T04:20:05Z,200.2,231.4,204.1,229.3,190.2,218.3,,,203.9,234.9,209.9,233.9,200.3,231.4,205.1,230.3,218.9,244.3,208.9,234.3,200.1,231.3,203.0,228.2
2026-08-13T05:54:53Z,200.2,231.4,204.1,229.3,190.2,218.3,,,203.9,234.9,209.9,233.9,200.3,231.4,205.1,230.3,218.9,244.3,208.9,234.3,200.1,231.3,203.0,228.2
2026-08-13T07:21:52Z,200.2,231.4,204.1,229.3,190.2,218.3,,,203.9,234.9,209.9,233.9,200.3,231.4,205.1,230.3,218.9,244.3,208.9,234.3,200.1,231.3,203.0,228.2
2026-08-13T08:49:39Z,200.2,231.4,204.1,229.3,190.2,218.3,,,203.9,234.9,209.9,233.9,200.3,231.4,205.1,230.3,218.9,244.3,208.9,234.3,200.1,231.3,203.0,228.2
2026-08-13T10:01:12Z,200.2,231.4,204.1,229.3,190.2,218.3,,,203.9,234.9,209.9,233.9,200.3,231.4,205.1,230.3,218.9,244.3,208.9,234.3,200.1,231.3,203.0,228.2
2026-08-13T11:09:56Z,201.2,234.4,205.1,232.3,190.2,218.3,,,203.9,234.9,209.9,233.9,201.3,234.4,206.1,233.3,219.9,247.3,209.9,237.3,201.1,234.3,204.0,231.2
2026-08-13T11:58:17Z,201.2,234.4,205.1,232.3,190.2,218.3,,,203.9,237.9,209.9,236.9,201.3,234.4,206.1,233.3,219.9,247.3,209.9,237.3,201.1,234.3,204.0,231.2
2026-08-13T13:23:27Z,201.2,234.4,205.1,232.3,190.2,218.3,,,203.9,237.9,209.9,236.9,201.3,234.4,206.1,233.3,219.9,247.3,209.9,237.3,201.1,234.3,204.0,231.2
2026-08-13T14:35:30Z,201.2,234.4,205.1,232.3,190.2,218.3,,,203.9,237.9,209.9,236.9,201.3,234.4,206.1,233.3,219.9,247.3,209.9,237.3,201.1,234.3,204.0,231.2
